,direction_of_climbing,body_deflection_angle,speed_PXperS,stepphase_FL,stepphase_FR,stepphase_HR,stepphase_HL,step-length_FR,step-length_FL,step-length_HR,step-length_HL,dynamics_FL,dynamics_FR,dynamics_HR,dynamics_HL,mid_stance_wrist_angles_mean_FL,mid_stance_wrist_angles_mean_FR,mid_stance_wrist_angles_mean_HR,mid_stance_wrist_angles_mean_HL,limbROM_FL,limbROM_FR,limbROM_HR,limbROM_HL,spineROM_FL,spineROM_FR,spineROM_HR,spineROM_HL,CROM_FL,CROM_FR,CROM_HR,CROM_HL,shoulder_angle_FL,shoulder_angle_FR,shoulder_angle_HR,shoulder_angle_HL,mid_stance_toe_angles_mean_fl_ti-fl_ti1,mid_stance_toe_angles_mean_fl_ti1-fl_tm,mid_stance_toe_angles_mean_fl_tm-fl_to1,mid_stance_toe_angles_mean_fr_ti-fr_ti1,mid_stance_toe_angles_mean_fr_ti1-fr_tm,mid_stance_toe_angles_mean_fr_tm-fr_to1,mid_stance_toe_angles_mean_hr_ti-hr_ti1,mid_stance_toe_angles_mean_hr_ti1-hr_tm,mid_stance_toe_angles_mean_hr_tm-hr_to1,mid_stance_toe_angles_mean_hl_ti-hl_ti1,mid_stance_toe_angles_mean_hl_ti1-hl_tm,mid_stance_toe_angles_mean_hl_tm-hl_to1
0,DOWN,,146.14,b'nan',b'nan',b'nan',b'nan',,,,,,,,,,,,,,,,,,,,,,,,,,,,,,,,,,,,,,,,
1,DOWN,,146.14,b'nan',b'nan',b'nan',b'nan',,,,,,,,,,,,,,,,,,,,,,,,,,,,,,,,,,,,,,,,
2,DOWN,,14.88,b'nan',b'nan',b'nan',b'nan',,,,,,,,,,,,,,,,,,,,,,,,,,,,,,,,,,,,,,,,
3,DOWN,,21.66,b'nan',b'nan',b'nan',b'nan',,,,,,,,,,,,,,,,,,,,,,,,,,,,,,,,,,,,,,,,
4,DOWN,,138.88,b'nan',b'nan',b'nan',b'nan',,,,,,,,,,,,,,,,,,,,,,,,,,,,,,,,,,,,,,,,
5,DOWN,,222.47,b'nan',b'nan',b'nan',b'nan',,,,,,,,,,,,,,,,,,,,,,,,,,,,,,,,,,,,,,,,
6,DOWN,,208.7,b'nan',b'nan',b'nan',b'nan',,,,,,,,,,,,,,,,,,,,,,,,,,,,,,,,,,,,,,,,
7,DOWN,,120.46,b'nan',b'nan',b'nan',b'nan',,,,,,,,,,,,,,,,,,,,,,,,,,,,,,,,,,,,,,,,
8,DOWN,,198.96,b'nan',b'nan',b'nan',b'nan',,,,,,,,,,,,,,,,,,,,,,,,,,,,,,,,,,,,,,,,
9,DOWN,,93.07,b'nan',b'nan',b'nan',b'nan',,,,,,,,,,,,,,,,,,,,,,,,,,,,,,,,,,,,,,,,
10,DOWN,,164.91,b'nan',b'nan',b'nan',b'nan',,,,,,,,,,,,,,,,,,,,,,,,,,,,,,,,,,,,,,,,
11,DOWN,,664.13,b'nan',b'nan',b'nan',b'nan',,,,,,,,,,,,,,,,,,,,,,,,,,,,,,,,,,,,,,,,
12,DOWN,,343.11,b'nan',b'nan',b'nan',b'nan',,,,,,,,,,,,,,,,,,,,,,,,,,,,,,,,,,,,,,,,
13,DOWN,,253.95,b'nan',b'nan',b'nan',b'nan',,,,,,,,,,,,,,,,,,,,,,,,,,,,,,,,,,,,,,,,
14,DOWN,,9.85,b'nan',b'nan',b'nan',b'nan',,,,,,,,,,,,,,,,,,,,,,,,,,,,,,,,,,,,,,,,
15,DOWN,,111.12,b'nan',b'stance0001',b'nan',b'nan',,,,,,,,,,175.2784996267632,,,,,,,,,,,,,,,,,,,,,,44.202137840747525,27.268898021044254,16.14120046951318,,,,,,
16,DOWN,,143.96,b'nan',b'stance0001',b'nan',b'nan',,,,,,,,,,175.2784996267632,,,,,,,,,,,,,,,,,,,,,,44.202137840747525,27.268898021044254,16.14120046951318,,,,,,
17,DOWN,,203.73,b'nan',b'stance0001',b'nan',b'nan',,,,,,,,,,175.2784996267632,,,,,,,,,,,,,,,,,,,,,,44.202137840747525,27.268898021044254,16.14120046951318,,,,,,
18,DOWN,,122.02,b'nan',b'stance0001',b'nan',b'nan',,,,,,,,,,175.2784996267632,,,,,,,,,,,,,,,,,,,,,,44.202137840747525,27.268898021044254,16.14120046951318,,,,,,
19,DOWN,,368.52,b'nan',b'stance0001',b'nan',b'nan',,,,,,,,,,175.2784996267632,,,,,,,,,,,,,,,,,,,,,,44.202137840747525,27.268898021044254,16.14120046951318,,,,,,
20,DOWN,,542.82,b'nan',b'stance0001',b'nan',b'nan',,,,,,,,,,175.2784996267632,,,,,,,,,,,,,,,,,,,,,,44.202137840747525,27.268898021044254,16.14120046951318,,,,,,
21,DOWN,,192.1,b'nan',b'swing0001',b'nan',b'nan',136.18584699681583,,,,,,,,,,,,,,,,,,,,,,,,,,,,,,,,,,,,,,,
22,DOWN,,335.45,b'stance0001',b'swing0001',b'swing0001',b'swing0001',136.18584699681583,,28.849683808438662,138.71837806101607,,,,,,,,,,,,,,,,,,,,,,,,,11.277571332049959,23.8238559785438,13.710119882464502,,,,,,,,,
23,DOWN,,111.15,b'stance0001',b'swing0001',b'swing0001',b'swing0001',136.18584699681583,,28.849683808438662,138.71837806101607,,,,,,,,,,,,,,,,,,,,,,,,,11.277571332049959,23.8238559785438,13.710119882464502,,,,,,,,,
24,DOWN,,348.32,b'stance0001',b'swing0001',b'swing0001',b'swing0001',136.18584699681583,,28.849683808438662,138.71837806101607,,,,,,,,,,,,,,,,,,,,,,,,,11.277571332049959,23.8238559785438,13.710119882464502,,,,,,,,,
25,DOWN,,764.9,b'stance0001',b'swing0001',b'swing0001',b'swing0001',136.18584699681583,,28.849683808438662,138.71837806101607,,,,,,,,,,,,,,,,,,,,,,,,,11.277571332049959,23.8238559785438,13.710119882464502,,,,,,,,,
26,DOWN,,234.41,b'stance0001',b'swing0001',b'swing0001',b'swing0001',136.18584699681583,,28.849683808438662,138.71837806101607,,,,,,,,,,,,,,,,,,,,,,,,,11.277571332049959,23.8238559785438,13.710119882464502,,,,,,,,,
27,DOWN,,348.66,b'stance0001',b'swing0001',b'swing0001',b'swing0001',136.18584699681583,,28.849683808438662,138.71837806101607,,,,,,,,,,,,,,,,,,,,,,,,,11.277571332049959,23.8238559785438,13.710119882464502,,,,,,,,,
28,DOWN,,612.89,b'stance0001',b'swing0001',b'swing0001',b'swing0001',136.18584699681583,,28.849683808438662,138.71837806101607,,,,,,,,,,,,,,,,,,,,,,,,,11.277571332049959,23.8238559785438,13.710119882464502,,,,,,,,,
29,DOWN,,811.92,b'stance0001',b'swing0001',b'swing0001',b'swing0001',136.18584699681583,,28.849683808438662,138.71837806101607,,,,,,,,,,,,,,,,,,,,,,,,,11.277571332049959,23.8238559785438,13.710119882464502,,,,,,,,,
30,DOWN,,281.68,b'stance0001',b'swing0001',b'swing0001',b'swing0001',136.18584699681583,,28.849683808438662,138.71837806101607,,,,,,,,,,,,,,,,,,,,,,,,,11.277571332049959,23.8238559785438,13.710119882464502,,,,,,,,,
31,DOWN,,572.43,b'stance0001',b'swing0001',b'swing0001',b'swing0001',136.18584699681583,,28.849683808438662,138.71837806101607,,,,,,,,,,,,,,,,,,,,,,,,,11.277571332049959,23.8238559785438,13.710119882464502,,,,,,,,,
32,DOWN,,495.01,b'stance0001',b'swing0001',b'swing0001',b'swing0001',136.18584699681583,,28.849683808438662,138.71837806101607,,,,,,,,,,,,,,,,,,,,,163.8527255743312,,,,11.277571332049959,23.8238559785438,13.710119882464502,,,,,,,,,
33,DOWN,,531.95,b'stance0001',b'swing0001',b'swing0001',b'swing0001',136.18584699681583,,28.849683808438662,138.71837806101607,,,,,,,,,,,,,,,,,,,,,163.32995220953973,,,,11.277571332049959,23.8238559785438,13.710119882464502,,,,,,,,,
34,DOWN,,400.36,b'stance0001',b'swing0001',b'swing0001',b'swing0001',136.18584699681583,,28.849683808438662,138.71837806101607,,,,,,,,,,,,,,,,,,,,,154.38874077195777,,,,11.277571332049959,23.8238559785438,13.710119882464502,,,,,,,,,
35,DOWN,,,b'stance0001',b'swing0001',b'swing0001',b'swing0001',136.18584699681583,,28.849683808438662,138.71837806101607,,,,,,,,,,,,,,,,,,,,,157.150853369955,,,,11.277571332049959,23.8238559785438,13.710119882464502,,,,,,,,,
36,DOWN,,,b'stance0001',b'swing0001',b'swing0001',b'swing0001',136.18584699681583,,28.849683808438662,138.71837806101607,,,,,,,,,,,,,,,,,,,,,150.81977431474658,,,,11.277571332049959,23.8238559785438,13.710119882464502,,,,,,,,,
37,DOWN,,,b'stance0001',b'swing0001',b'swing0001',b'swing0001',136.18584699681583,,28.849683808438662,138.71837806101607,,,,,,,,,,,,,,,,,,,,,171.20999234091727,,,,11.277571332049959,23.8238559785438,13.710119882464502,,,,,,,,,
38,DOWN,,,b'stance0001',b'swing0001',b'swing0001',b'swing0001',136.18584699681583,,28.849683808438662,138.71837806101607,,,,,,,,,,,,,,,,,,,,,,,,,11.277571332049959,23.8238559785438,13.710119882464502,,,,,,,,,
39,DOWN,,,b'stance0001',b'swing0001',b'swing0001',b'swing0001',136.18584699681583,,28.849683808438662,138.71837806101607,,,,,,,,,,,,,,,,,,,,,,,,,11.277571332049959,23.8238559785438,13.710119882464502,,,,,,,,,
40,DOWN,,,b'stance0001',b'swing0001',b'swing0001',b'swing0001',136.18584699681583,,28.849683808438662,138.71837806101607,,,,,,,,,,,,,,,,,,,,,,,,,11.277571332049959,23.8238559785438,13.710119882464502,,,,,,,,,
41,DOWN,,380.0,b'stance0001',b'swing0001',b'swing0001',b'swing0001',136.18584699681583,,28.849683808438662,138.71837806101607,,,,,,,,,,,,,,,,,,,,,,,,,11.277571332049959,23.8238559785438,13.710119882464502,,,,,,,,,
42,DOWN,,1047.63,b'stance0001',b'swing0001',b'swing0001',b'swing0001',136.18584699681583,,28.849683808438662,138.71837806101607,,,,,,,,,,,,,,,,,,,,,,,,,11.277571332049959,23.8238559785438,13.710119882464502,,,,,,,,,
43,DOWN,,1131.37,b'stance0001',b'swing0001',b'swing0001',b'swing0001',136.18584699681583,,28.849683808438662,138.71837806101607,,,,,,,,,,,,,,,,,,,,,,,,,11.277571332049959,23.8238559785438,13.710119882464502,,,,,,,,,
44,DOWN,,900.81,b'stance0001',b'swing0001',b'swing0001',b'swing0001',136.18584699681583,,28.849683808438662,138.71837806101607,,,,,,,,,,,,,,,,,,,,,,,,,11.277571332049959,23.8238559785438,13.710119882464502,,,,,,,,,
45,DOWN,,1142.13,b'stance0001',b'swing0001',b'swing0001',b'swing0001',136.18584699681583,,28.849683808438662,138.71837806101607,,,,,,,,,,,,,,,,,,,,,,,,,11.277571332049959,23.8238559785438,13.710119882464502,,,,,,,,,
46,DOWN,,1881.54,b'stance0001',b'swing0001',b'swing0001',b'swing0001',136.18584699681583,,28.849683808438662,138.71837806101607,,,,,,,,,,,,,,,,,,,,,,,,,11.277571332049959,23.8238559785438,13.710119882464502,,,,,,,,,
47,DOWN,,993.44,b'stance0001',b'swing0001',b'swing0001',b'swing0001',136.18584699681583,,28.849683808438662,138.71837806101607,,,,,,,,,,,,,,,,,,,,,,,,,11.277571332049959,23.8238559785438,13.710119882464502,,,,,,,,,
48,DOWN,,1148.77,b'stance0001',b'swing0001',b'swing0001',b'swing0001',136.18584699681583,,28.849683808438662,138.71837806101607,,,,,,,,,,,,,,,,,,,,,,,,,11.277571332049959,23.8238559785438,13.710119882464502,,,,,,,,,
49,DOWN,,1536.78,b'stance0001',b'swing0001',b'swing0001',b'swing0001',136.18584699681583,,28.849683808438662,138.71837806101607,,,,,,,,,,,,,,,,,,,,,,,,,11.277571332049959,23.8238559785438,13.710119882464502,,,,,,,,,
50,DOWN,,774.14,b'stance0001',b'swing0001',b'swing0001',b'swing0001',136.18584699681583,,28.849683808438662,138.71837806101607,,,,,,,,,,,,,,,,,,,,,,,,,11.277571332049959,23.8238559785438,13.710119882464502,,,,,,,,,
51,DOWN,,938.69,b'stance0001',b'swing0001',b'swing0001',b'swing0001',136.18584699681583,,28.849683808438662,138.71837806101607,,,,,,,,,,,,,,,,,,,,,131.432876726235,,,,11.277571332049959,23.8238559785438,13.710119882464502,,,,,,,,,
52,DOWN,,1092.14,b'stance0001',b'swing0001',b'swing0001',b'swing0001',136.18584699681583,,28.849683808438662,138.71837806101607,,,,,,,,,,,,,,,,,,,,,,,,,11.277571332049959,23.8238559785438,13.710119882464502,,,,,,,,,
53,DOWN,,1155.36,b'stance0001',b'swing0001',b'swing0001',b'swing0001',136.18584699681583,,28.849683808438662,138.71837806101607,,,,,,,,,,,,,,,,,,,,,,,,,11.277571332049959,23.8238559785438,13.710119882464502,,,,,,,,,
54,DOWN,,1139.36,b'swing0001',b'swing0001',b'swing0001',b'swing0001',136.18584699681583,10.951987868053328,28.849683808438662,138.71837806101607,,,,,,,,,,,,,,,,,,,,,,,,,,,,,,,,,,,,
55,DOWN,,776.25,b'swing0001',b'swing0001',b'swing0001',b'swing0001',136.18584699681583,10.951987868053328,28.849683808438662,138.71837806101607,,,,,,,,,,,,,,,,,,,,,142.41184501064527,,,,,,,,,,,,,,,
56,DOWN,,1210.48,b'swing0001',b'swing0001',b'swing0001',b'swing0001',136.18584699681583,10.951987868053328,28.849683808438662,138.71837806101607,,,,,,,,,,,,,,,,,,,,,151.77261051439254,,,,,,,,,,,,,,,
57,DOWN,,1169.95,b'swing0001',b'swing0001',b'swing0001',b'swing0001',136.18584699681583,10.951987868053328,28.849683808438662,138.71837806101607,,,,,,,,,,,,,,,,,,,,,145.31751169093826,,,,,,,,,,,,,,,
58,DOWN,,1011.36,b'swing0001',b'swing0001',b'swing0001',b'swing0001',136.18584699681583,10.951987868053328,28.849683808438662,138.71837806101607,,,,,,,,,,,,,,,,,,,,,,,,,,,,,,,,,,,,
59,DOWN,,1300.0,b'swing0001',b'swing0001',b'swing0001',b'swing0001',136.18584699681583,10.951987868053328,28.849683808438662,138.71837806101607,,,,,,,,,,,,,,,,,,,,,,,,,,,,,,,,,,,,
60,DOWN,,1670.21,b'stance0002',b'swing0001',b'swing0001',b'stance0001',136.18584699681583,,28.849683808438662,,,,,,,,,,,,,,,,,,,,,,,62.69945861072824,,,74.83010701880615,75.92352299043573,89.71778956038663,,,,,,,7.528773716472313,24.066240312214205,55.00386924158297
61,DOWN,,1427.34,b'stance0002',b'swing0001',b'swing0001',b'stance0001',136.18584699681583,,28.849683808438662,,,,,,,,,,,,,,,,,,,,,,,,,,74.83010701880615,75.92352299043573,89.71778956038663,,,,,,,7.528773716472313,24.066240312214205,55.00386924158297
62,DOWN,,1355.52,b'stance0002',b'swing0001',b'swing0001',b'stance0001',136.18584699681583,,28.849683808438662,,,,,,,,,,,,,,,,,,,,,,,,,,74.83010701880615,75.92352299043573,89.71778956038663,,,,,,,7.528773716472313,24.066240312214205,55.00386924158297
63,DOWN,,1925.93,b'stance0002',b'swing0001',b'swing0001',b'stance0001',136.18584699681583,,28.849683808438662,,,,,,,,,,,,,,,,,,,,,,,,,,74.83010701880615,75.92352299043573,89.71778956038663,,,,,,,7.528773716472313,24.066240312214205,55.00386924158297
64,DOWN,,1145.77,b'stance0002',b'swing0001',b'swing0001',b'stance0001',136.18584699681583,,28.849683808438662,,,,,,,,,,,,,,,,,,,,,,,,,,74.83010701880615,75.92352299043573,89.71778956038663,,,,,,,7.528773716472313,24.066240312214205,55.00386924158297
65,DOWN,24.131292313403037,1865.52,b'stance0002',b'swing0001',b'swing0001',b'stance0001',136.18584699681583,,28.849683808438662,,,,,,,,,,,,,,,,,,,,,,,,,,74.83010701880615,75.92352299043573,89.71778956038663,,,,,,,7.528773716472313,24.066240312214205,55.00386924158297
66,DOWN,,1997.1499999999999,b'stance0002',b'stance0002',b'swing0001',b'stance0001',,,28.849683808438662,,,,,,,,,,,,,,,,,,,,,,,,,,74.83010701880615,75.92352299043573,89.71778956038663,9.69545410376416,13.590309916797715,68.88374530306719,,,,7.528773716472313,24.066240312214205,55.00386924158297
67,DOWN,20.242356694086794,1739.545,b'stance0002',b'stance0002',b'swing0001',b'stance0001',,,28.849683808438662,,,,,,,,,,,,,,,,,,,,,,27.836574260166316,,,,74.83010701880615,75.92352299043573,89.71778956038663,9.69545410376416,13.590309916797715,68.88374530306719,,,,7.528773716472313,24.066240312214205,55.00386924158297
68,DOWN,17.77962000137458,1518.8400000000001,b'stance0002',b'stance0002',b'swing0001',b'stance0001',,,28.849683808438662,,,,,,,,,,,,,,,,,,,,,,,,,,74.83010701880615,75.92352299043573,89.71778956038663,9.69545410376416,13.590309916797715,68.88374530306719,,,,7.528773716472313,24.066240312214205,55.00386924158297
69,DOWN,16.551366961423327,1365.395,b'stance0002',b'stance0002',b'swing0001',b'stance0001',,,28.849683808438662,,,,,,,,,,,,,,,,,,,,,,35.55081375984352,,,,74.83010701880615,75.92352299043573,89.71778956038663,9.69545410376416,13.590309916797715,68.88374530306719,,,,7.528773716472313,24.066240312214205,55.00386924158297
70,DOWN,14.9983868826574,1661.02,b'stance0002',b'stance0002',b'swing0001',b'stance0001',,,28.849683808438662,,,,,,,,,,,,,,,,,,,,,,,150.24370293283582,,,74.83010701880615,75.92352299043573,89.71778956038663,9.69545410376416,13.590309916797715,68.88374530306719,,,,7.528773716472313,24.066240312214205,55.00386924158297
71,DOWN,13.415804692807257,1635.245,b'stance0002',b'stance0002',b'swing0001',b'stance0001',,,28.849683808438662,,,,,,,,,,,,,,,,,,,,,,,155.98324119641623,,,74.83010701880615,75.92352299043573,89.71778956038663,9.69545410376416,13.590309916797715,68.88374530306719,,,,7.528773716472313,24.066240312214205,55.00386924158297
72,DOWN,12.461841671502015,2369.4750000000004,b'stance0002',b'stance0002',b'swing0001',b'stance0001',,,28.849683808438662,,,,,,,,,,,,,,,,,,,,,,,144.29166272886337,,,74.83010701880615,75.92352299043573,89.71778956038663,9.69545410376416,13.590309916797715,68.88374530306719,,,,7.528773716472313,24.066240312214205,55.00386924158297
73,DOWN,10.327105346467704,1635.04,b'stance0002',b'stance0002',b'swing0001',b'stance0001',,,28.849683808438662,,,,,,,,,,,,,,,,,,,,,,,147.59132256176687,9.941257213073271,,74.83010701880615,75.92352299043573,89.71778956038663,9.69545410376416,13.590309916797715,68.88374530306719,,,,7.528773716472313,24.066240312214205,55.00386924158297
74,DOWN,6.947176287266672,1436.1,b'stance0002',b'stance0002',b'swing0001',b'swing0002',,,28.849683808438662,35.51398053559866,,,,,,,,,,,,,,,,,,,,,144.9003997808751,158.6286233072139,,,74.83010701880615,75.92352299043573,89.71778956038663,9.69545410376416,13.590309916797715,68.88374530306719,,,,,,
75,DOWN,5.139180205099251,1686.6950000000002,b'stance0002',b'stance0002',b'swing0001',b'swing0002',,,28.849683808438662,35.51398053559866,,,,,,,,,,,,,,,,,,,,,142.51737235499053,168.16131027498392,,,74.83010701880615,75.92352299043573,89.71778956038663,9.69545410376416,13.590309916797715,68.88374530306719,,,,,,
76,DOWN,3.996304956063767,1971.54,b'stance0002',b'stance0002',b'swing0001',b'swing0002',,,28.849683808438662,35.51398053559866,,,,,,,,,,,,,,,,,,,,,20.03812498616466,176.47940715168207,,,74.83010701880615,75.92352299043573,89.71778956038663,9.69545410376416,13.590309916797715,68.88374530306719,,,,,,
77,DOWN,2.5542374547023883,1620.25,b'swing0002',b'stance0002',b'swing0001',b'swing0002',,55.69974167876144,28.849683808438662,35.51398053559866,,,,,,,,,11.383171258363546,,,,4.179033259697668,,,,,,,,139.15266499229,174.39625151596053,,,,,,9.69545410376416,13.590309916797715,68.88374530306719,,,,,,
78,DOWN,2.0769602770342885,951.92,b'swing0002',b'stance0002',b'swing0001',b'swing0002',,55.69974167876144,28.849683808438662,35.51398053559866,,,,,,,,,11.383171258363546,,,,4.179033259697668,,,,,,,,21.00465763117728,177.31870618745765,,,,,,9.69545410376416,13.590309916797715,68.88374530306719,,,,,,
79,DOWN,0.9860884334716502,1113.105,b'swing0002',b'stance0002',b'swing0001',b'swing0002',,55.69974167876144,28.849683808438662,35.51398053559866,,,,,,,,,11.383171258363546,,,,4.179033259697668,,,,,,,,20.062510894372963,166.60510227146924,,,,,,9.69545410376416,13.590309916797715,68.88374530306719,,,,,,
80,DOWN,0.26710089522543967,1631.9850000000001,b'swing0002',b'stance0002',b'swing0001',b'swing0002',,55.69974167876144,28.849683808438662,35.51398053559866,,,,,,,,,11.383171258363546,,,,4.179033259697668,,,,,,,,133.37251905142224,176.04943777839458,,,,,,9.69545410376416,13.590309916797715,68.88374530306719,,,,,,
81,DOWN,0.048363292840974736,1115.5,b'swing0002',b'swing0002',b'swing0001',b'swing0002',41.13724283535509,55.69974167876144,28.849683808438662,35.51398053559866,,,,,,,,,11.383171258363546,,,,4.179033259697668,16.542058591837247,,,,,,,138.83696116681074,171.17023552117402,,,,,,,,,,,,,,
82,DOWN,0.814148957577288,1762.715,b'swing0002',b'swing0002',b'swing0001',b'swing0002',41.13724283535509,55.69974167876144,28.849683808438662,35.51398053559866,,,,,,,,,11.383171258363546,,,,4.179033259697668,16.542058591837247,,,,,,,126.56042020731167,176.6852632317074,,,,,,,,,,,,,,
83,DOWN,1.9938067095420422,2724.7650000000003,b'swing0002',b'swing0002',b'swing0001',b'swing0002',41.13724283535509,55.69974167876144,28.849683808438662,35.51398053559866,,,,,,,,,11.383171258363546,,,,4.179033259697668,16.542058591837247,,,,,,,140.05922632051485,166.44572603290334,,171.34635359134353,,,,,,,,,,,,
84,DOWN,3.5258688743276707,1616.915,b'swing0002',b'swing0002',b'swing0001',b'swing0002',41.13724283535509,55.69974167876144,28.849683808438662,35.51398053559866,,,,,,,,,11.383171258363546,,,,4.179033259697668,16.542058591837247,,,,,,,134.65625812791797,177.36361341451945,,168.2160641912959,,,,,,,,,,,,
85,DOWN,3.190051074842472,1578.49,b'swing0002',b'swing0002',b'swing0001',b'swing0002',41.13724283535509,55.69974167876144,28.849683808438662,35.51398053559866,,,,,,,,,11.383171258363546,,,,4.179033259697668,16.542058591837247,,,,,,,132.5434107811567,175.17529656707012,,162.31744859235712,,,,,,,,,,,,
86,DOWN,3.6920422469815435,1783.645,b'swing0002',b'swing0002',b'swing0001',b'swing0002',41.13724283535509,55.69974167876144,28.849683808438662,35.51398053559866,,,,,,,,,11.383171258363546,,,,4.179033259697668,16.542058591837247,,,,,,,125.96811753207388,179.0509766915081,,166.67046926836613,,,,,,,,,,,,
87,DOWN,3.720414790311679,2163.27,b'swing0002',b'swing0002',b'swing0001',b'swing0002',41.13724283535509,55.69974167876144,28.849683808438662,35.51398053559866,,,,,,,,,11.383171258363546,,,,4.179033259697668,16.542058591837247,,,,,,,135.7875026890415,175.47200015606663,,152.16371405508883,,,,,,,,,,,,
88,DOWN,3.5803214894631026,1626.23,b'swing0002',b'swing0002',b'swing0001',b'swing0002',41.13724283535509,55.69974167876144,28.849683808438662,35.51398053559866,,,,,,,,,11.383171258363546,,,,4.179033259697668,16.542058591837247,,,,,,,131.60906850874827,167.19893577775252,,156.07504672597528,,,,,,,,,,,,
89,DOWN,3.2936747954801717,1908.3650000000002,b'swing0002',b'swing0002',b'swing0001',b'swing0002',41.13724283535509,55.69974167876144,28.849683808438662,35.51398053559866,,,,,,,,,11.383171258363546,,,,4.179033259697668,16.542058591837247,,,,,,,127.66264317575254,165.6235719778011,,150.6239411755127,,,,,,,,,,,,
90,DOWN,3.1988911133903173,1786.74,b'stance0003',b'swing0002',b'swing0001',b'swing0002',41.13724283535509,,28.849683808438662,35.51398053559866,,,,,20.97372598439902,,,,,,,,,16.542058591837247,,,,,,,141.45985360324423,161.75552414368568,,153.82553673997015,19.796596626630855,10.212363365717701,13.31107336627361,,,,,,,,,
91,DOWN,2.4930353676001573,1674.715,b'stance0003',b'swing0002',b'swing0001',b'swing0002',41.13724283535509,,28.849683808438662,35.51398053559866,,,,,20.97372598439902,,,,,,,,,16.542058591837247,,,,,,,130.81674036808704,159.7741648595015,,153.05135381439305,19.796596626630855,10.212363365717701,13.31107336627361,,,,,,,,,
92,DOWN,1.56449096120906,1725.7649999999999,b'stance0003',b'swing0002',b'stance0001',b'swing0002',41.13724283535509,,,35.51398053559866,,,,,20.97372598439902,,,,,,,,,16.542058591837247,,,,,,,136.87827805854795,161.50413024018889,,144.84670611039684,19.796596626630855,10.212363365717701,13.31107336627361,,,,74.37061192084691,2.851396743285181,41.25124414303913,,,
93,DOWN,0.9557724173181725,1724.055,b'stance0003',b'swing0002',b'stance0001',b'swing0002',41.13724283535509,,,35.51398053559866,,,,,20.97372598439902,,,,,,,,,16.542058591837247,,,,,,,139.36529629979532,162.15011672017542,152.83449954773212,144.27151533038884,19.796596626630855,10.212363365717701,13.31107336627361,,,,74.37061192084691,2.851396743285181,41.25124414303913,,,
94,DOWN,0.030087105818125792,1694.82,b'stance0003',b'swing0002',b'stance0001',b'swing0002',41.13724283535509,,,35.51398053559866,,,,,20.97372598439902,,,,,,,,,16.542058591837247,,,,,,,138.55065562797154,160.2502668267799,159.18388964082047,145.33614410716172,19.796596626630855,10.212363365717701,13.31107336627361,,,,74.37061192084691,2.851396743285181,41.25124414303913,,,
95,DOWN,1.4409999641611648,1548.77,b'stance0003',b'swing0002',b'stance0001',b'swing0002',41.13724283535509,,,35.51398053559866,,,,,20.97372598439902,,,,,,,,,16.542058591837247,,,,,,,143.07346407094474,159.21420326306824,155.41500345060146,140.9384121006645,19.796596626630855,10.212363365717701,13.31107336627361,,,,74.37061192084691,2.851396743285181,41.25124414303913,,,
96,DOWN,2.924385259967437,1620.885,b'stance0003',b'swing0002',b'stance0001',b'swing0002',41.13724283535509,,,35.51398053559866,,,,,20.97372598439902,,,,,,,,,16.542058591837247,,,,,,,153.37077265785024,161.78370372041311,156.94314616895667,142.61245072169677,19.796596626630855,10.212363365717701,13.31107336627361,,,,74.37061192084691,2.851396743285181,41.25124414303913,,,
97,DOWN,3.703735353261436,1346.505,b'stance0003',b'swing0002',b'stance0001',b'swing0002',41.13724283535509,,,35.51398053559866,,,,,20.97372598439902,,,,,,,,,16.542058591837247,,,,,,,156.45183948577358,159.57544749492712,166.70625772376115,135.93388459279024,19.796596626630855,10.212363365717701,13.31107336627361,,,,74.37061192084691,2.851396743285181,41.25124414303913,,,
98,DOWN,4.99511026844192,1322.645,b'stance0003',b'swing0002',b'stance0001',b'swing0002',41.13724283535509,,,35.51398053559866,,,,,20.97372598439902,,,,,,,,,16.542058591837247,,,,,,,169.2388298338936,156.51019555610435,171.91830357526604,136.50007655836495,19.796596626630855,10.212363365717701,13.31107336627361,,,,74.37061192084691,2.851396743285181,41.25124414303913,,,
99,DOWN,6.401255002955935,1250.06,b'stance0003',b'swing0002',b'stance0001',b'swing0002',41.13724283535509,,,35.51398053559866,,,,,20.97372598439902,,,,,,,,,16.542058591837247,,,,,,,169.59584538626248,156.5057218621867,179.0607691572129,141.54409885819408,19.796596626630855,10.212363365717701,13.31107336627361,,,,74.37061192084691,2.851396743285181,41.25124414303913,,,
100,DOWN,6.120979250232352,1506.44,b'stance0003',b'swing0002',b'stance0001',b'swing0002',41.13724283535509,,,35.51398053559866,,,,,20.97372598439902,,,,,,,,,16.542058591837247,,,,,,,178.87705343681114,159.4797893534988,176.90922350777316,136.4000505072835,19.796596626630855,10.212363365717701,13.31107336627361,,,,74.37061192084691,2.851396743285181,41.25124414303913,,,
101,DOWN,7.981502732857706,1273.905,b'stance0003',b'swing0002',b'stance0001',b'swing0002',41.13724283535509,,,35.51398053559866,,,,,20.97372598439902,,,,,,,,,16.542058591837247,,,,,,,172.74681046448273,155.72263523592684,170.82584110636654,137.71019789724707,19.796596626630855,10.212363365717701,13.31107336627361,,,,74.37061192084691,2.851396743285181,41.25124414303913,,,
102,DOWN,8.402901476500205,1366.79,b'stance0003',b'swing0002',b'stance0001',b'swing0002',41.13724283535509,,,35.51398053559866,,,,,20.97372598439902,,,,,,,,,16.542058591837247,,,,,,,177.2712286234933,159.29066595180987,167.50358300987648,139.8497600453992,19.796596626630855,10.212363365717701,13.31107336627361,,,,74.37061192084691,2.851396743285181,41.25124414303913,,,
103,DOWN,10.402074572106073,1390.725,b'stance0003',b'swing0002',b'stance0001',b'stance0002',41.13724283535509,,,,,,,,20.97372598439902,,,,,,,,,16.542058591837247,,,,,,,173.2083501443227,155.53190332490504,166.92184683143188,140.7031273862286,19.796596626630855,10.212363365717701,13.31107336627361,,,,74.37061192084691,2.851396743285181,41.25124414303913,34.84595387379663,60.28223150875069,29.042292621101293
104,DOWN,11.36247025175291,1160.315,b'swing0003',b'swing0002',b'stance0001',b'stance0002',41.13724283535509,51.81079601840974,,,,,,,,,,,84.20240853720871,,,,18.112005453780704,16.542058591837247,,,,,,,177.67578525940615,154.78760858451793,158.02184764311318,143.7475530827114,,,,,,,74.37061192084691,2.851396743285181,41.25124414303913,34.84595387379663,60.28223150875069,29.042292621101293
105,DOWN,11.774725029289499,1085.3000000000002,b'swing0003',b'swing0002',b'stance0001',b'stance0002',41.13724283535509,51.81079601840974,,,,,,,,,,,84.20240853720871,,,,18.112005453780704,16.542058591837247,,,,,,,179.31922548274676,154.9132463743497,158.8813488630373,143.09813457411343,,,,,,,74.37061192084691,2.851396743285181,41.25124414303913,34.84595387379663,60.28223150875069,29.042292621101293
106,DOWN,12.920903369328073,1285.0,b'swing0003',b'swing0002',b'stance0001',b'stance0002',41.13724283535509,51.81079601840974,,,,,,,,,,,84.20240853720871,,,,18.112005453780704,16.542058591837247,,,,,,,178.60387400045428,153.93990757104882,153.30181271530157,142.51759101493593,,,,,,,74.37061192084691,2.851396743285181,41.25124414303913,34.84595387379663,60.28223150875069,29.042292621101293
107,DOWN,13.078895211841257,1272.345,b'swing0003',b'swing0002',b'stance0001',b'stance0002',41.13724283535509,51.81079601840974,,,,,,,,,,,84.20240853720871,,,,18.112005453780704,16.542058591837247,,,,,,,168.9409682482397,147.0332817533915,151.2938502563448,138.1756194786889,,,,,,,74.37061192084691,2.851396743285181,41.25124414303913,34.84595387379663,60.28223150875069,29.042292621101293
108,DOWN,12.282637804511495,1027.245,b'swing0003',b'swing0002',b'swing0002',b'stance0002',41.13724283535509,51.81079601840974,19.402436055931066,,,,,,,,,,84.20240853720871,,100.67151936816546,,18.112005453780704,16.542058591837247,17.80325217190839,,,,,,158.8362451998328,150.83773343648576,148.73275238666545,137.4560421813891,,,,,,,,,,34.84595387379663,60.28223150875069,29.042292621101293
109,DOWN,12.149743621967417,1093.01,b'swing0003',b'swing0002',b'swing0002',b'stance0002',41.13724283535509,51.81079601840974,19.402436055931066,,,,,,,,,,84.20240853720871,,100.67151936816546,,18.112005453780704,16.542058591837247,17.80325217190839,,,,,,155.00763152761584,145.52535693190453,154.36565838781698,140.706140305847,,,,,,,,,,34.84595387379663,60.28223150875069,29.042292621101293
110,DOWN,11.711447667022298,1386.705,b'swing0003',b'swing0002',b'swing0002',b'stance0002',41.13724283535509,51.81079601840974,19.402436055931066,,,,,,,,,,84.20240853720871,,100.67151936816546,,18.112005453780704,16.542058591837247,17.80325217190839,,,,,,152.52665928892483,,151.2892045430613,139.81450941401147,,,,,,,,,,34.84595387379663,60.28223150875069,29.042292621101293
111,DOWN,11.035548173842955,1381.26,b'swing0003',b'swing0002',b'swing0002',b'stance0002',41.13724283535509,51.81079601840974,19.402436055931066,,,,,,,,,,84.20240853720871,,100.67151936816546,,18.112005453780704,16.542058591837247,17.80325217190839,,,,,,155.51166778470906,,151.59191634727878,146.57968703292048,,,,,,,,,,34.84595387379663,60.28223150875069,29.042292621101293
112,DOWN,9.860429052526229,1340.425,b'swing0003',b'swing0002',b'swing0002',b'stance0002',41.13724283535509,51.81079601840974,19.402436055931066,,,,,,,,,,84.20240853720871,,100.67151936816546,,18.112005453780704,16.542058591837247,17.80325217190839,,,,,,149.5910274915071,,151.72991863275564,157.9468879388723,,,,,,,,,,34.84595387379663,60.28223150875069,29.042292621101293
113,DOWN,8.833042736796045,972.21,b'swing0003',b'swing0002',b'swing0002',b'stance0002',41.13724283535509,51.81079601840974,19.402436055931066,,,,,,,,,,84.20240853720871,,100.67151936816546,,18.112005453780704,16.542058591837247,17.80325217190839,,,,,,152.53893004029072,,160.1112292199029,154.98298025387317,,,,,,,,,,34.84595387379663,60.28223150875069,29.042292621101293
114,DOWN,7.9224085539898965,1197.115,b'swing0003',b'swing0002',b'swing0002',b'stance0002',41.13724283535509,51.81079601840974,19.402436055931066,,,,,,,,,,84.20240853720871,,100.67151936816546,,18.112005453780704,16.542058591837247,17.80325217190839,,,,,,145.42612505088994,,156.55611408617145,161.19964272365647,,,,,,,,,,34.84595387379663,60.28223150875069,29.042292621101293
115,DOWN,6.690673282889435,1268.7350000000001,b'swing0003',b'stance0003',b'swing0002',b'stance0002',,51.81079601840974,19.402436055931066,,,,,,,,,,84.20240853720871,,100.67151936816546,,18.112005453780704,,17.80325217190839,,,,,,148.19491744369245,,159.7604011790949,170.43435383662276,,,,8.024988140690667,15.38732960908142,53.13049634992007,,,,34.84595387379663,60.28223150875069,29.042292621101293
116,DOWN,4.871845695989521,1446.9099999999999,b'swing0003',b'stance0003',b'swing0002',b'stance0002',,51.81079601840974,19.402436055931066,,,,,,,,,,84.20240853720871,,100.67151936816546,,18.112005453780704,,17.80325217190839,,,,,,150.16022749373715,,160.83310313234477,175.08159951405233,,,,8.024988140690667,15.38732960908142,53.13049634992007,,,,34.84595387379663,60.28223150875069,29.042292621101293
117,DOWN,3.701146917710048,1310.94,b'swing0003',b'stance0003',b'swing0002',b'stance0002',,51.81079601840974,19.402436055931066,,,,,,,,,,84.20240853720871,,100.67151936816546,,18.112005453780704,,17.80325217190839,,,,,,146.6367268239892,,155.86446682467636,175.5465344280532,,,,8.024988140690667,15.38732960908142,53.13049634992007,,,,34.84595387379663,60.28223150875069,29.042292621101293
118,DOWN,2.713610261423298,1481.33,b'swing0003',b'stance0003',b'swing0002',b'stance0002',,51.81079601840974,19.402436055931066,,,,,,,,,,84.20240853720871,,100.67151936816546,,18.112005453780704,,17.80325217190839,,,,,,146.1714803433697,,168.3314624173173,174.0462240628708,,,,8.024988140690667,15.38732960908142,53.13049634992007,,,,34.84595387379663,60.28223150875069,29.042292621101293
119,DOWN,0.6916249297826482,1588.9450000000002,b'swing0003',b'stance0003',b'swing0002',b'stance0002',,51.81079601840974,19.402436055931066,,,,,,,,,,84.20240853720871,,100.67151936816546,,18.112005453780704,,17.80325217190839,,,,,,144.37819661239985,,167.2338068366546,165.76189675663343,,,,8.024988140690667,15.38732960908142,53.13049634992007,,,,34.84595387379663,60.28223150875069,29.042292621101293
120,DOWN,1.1939447096945628,1375.4099999999999,b'swing0003',b'stance0003',b'swing0002',b'stance0002',,51.81079601840974,19.402436055931066,,,,,,,,,,84.20240853720871,,100.67151936816546,,18.112005453780704,,17.80325217190839,,,,,,144.33677870995183,,165.73938369630707,164.26603160356478,,,,8.024988140690667,15.38732960908142,53.13049634992007,,,,34.84595387379663,60.28223150875069,29.042292621101293
121,DOWN,2.919729087409735,1556.875,b'swing0003',b'stance0003',b'swing0002',b'stance0002',,51.81079601840974,19.402436055931066,,,,,,,,,,84.20240853720871,,100.67151936816546,,18.112005453780704,,17.80325217190839,,,,,,152.57499941423987,147.76985438084182,172.59717526132536,173.83531090547478,,,,8.024988140690667,15.38732960908142,53.13049634992007,,,,34.84595387379663,60.28223150875069,29.042292621101293
122,DOWN,3.8551441216137903,1604.645,b'swing0003',b'stance0003',b'swing0002',b'stance0002',,51.81079601840974,19.402436055931066,,,,,,,,,,84.20240853720871,,100.67151936816546,,18.112005453780704,,17.80325217190839,,,,,,160.75365300412895,157.82728347906402,176.05145046940683,173.1973846333274,,,,8.024988140690667,15.38732960908142,53.13049634992007,,,,34.84595387379663,60.28223150875069,29.042292621101293
123,DOWN,5.887568636300415,1717.21,b'swing0003',b'stance0003',b'swing0002',b'stance0002',,51.81079601840974,19.402436055931066,,,,,,,,,,84.20240853720871,,100.67151936816546,,18.112005453780704,,17.80325217190839,,,,,,166.6137894613579,151.603851729199,178.43285088820852,169.7857712494111,,,,8.024988140690667,15.38732960908142,53.13049634992007,,,,34.84595387379663,60.28223150875069,29.042292621101293
124,DOWN,6.939363108608461,1594.58,b'swing0003',b'stance0003',b'swing0002',b'stance0002',,51.81079601840974,19.402436055931066,,,,,,,,,,84.20240853720871,,100.67151936816546,,18.112005453780704,,17.80325217190839,,,,,,165.6362628983479,153.41393735912146,179.49263813267967,168.37272556461414,,,,8.024988140690667,15.38732960908142,53.13049634992007,,,,34.84595387379663,60.28223150875069,29.042292621101293
125,DOWN,7.805366971423524,2089.13,b'swing0003',b'stance0003',b'swing0002',b'stance0002',,51.81079601840974,19.402436055931066,,,,,,,,,,84.20240853720871,,100.67151936816546,,18.112005453780704,,17.80325217190839,,,,,,159.12619347452397,159.13685163540046,167.26972963843258,170.46820180888895,,,,8.024988140690667,15.38732960908142,53.13049634992007,,,,34.84595387379663,60.28223150875069,29.042292621101293
126,DOWN,9.476484876995528,1411.185,b'swing0003',b'stance0003',b'swing0002',b'stance0002',,51.81079601840974,19.402436055931066,,,,,,,,,,84.20240853720871,,100.67151936816546,,18.112005453780704,,17.80325217190839,,,,,,155.60749570565096,169.6249915209853,167.90136784470974,167.70872447944538,,,,8.024988140690667,15.38732960908142,53.13049634992007,,,,34.84595387379663,60.28223150875069,29.042292621101293
127,DOWN,10.462227733433508,2125.43,b'swing0003',b'stance0003',b'swing0002',b'stance0002',,51.81079601840974,19.402436055931066,,,,,,,,,,84.20240853720871,,100.67151936816546,,18.112005453780704,,17.80325217190839,,,,,,160.63536612572483,170.54921586805415,168.3875607466052,162.32176441144492,,,,8.024988140690667,15.38732960908142,53.13049634992007,,,,34.84595387379663,60.28223150875069,29.042292621101293
128,DOWN,12.677760079226346,1609.225,b'swing0003',b'stance0003',b'swing0002',b'swing0003',,51.81079601840974,19.402436055931066,36.723684950919484,,,,,,,,,84.20240853720871,,100.67151936816546,113.37713260453995,18.112005453780704,,17.80325217190839,24.792478706586316,,,,,146.8034506535117,178.79786348825237,170.4149945801108,160.37840330000452,,,,8.024988140690667,15.38732960908142,53.13049634992007,,,,,,
129,DOWN,14.082663810417671,1771.765,b'swing0003',b'stance0003',b'swing0002',b'swing0003',,51.81079601840974,19.402436055931066,36.723684950919484,,,,,,,,,84.20240853720871,,100.67151936816546,113.37713260453995,18.112005453780704,,17.80325217190839,24.792478706586316,,,,,147.28153378582675,179.89373316761336,165.04954309291472,165.203885416262,,,,8.024988140690667,15.38732960908142,53.13049634992007,,,,,,
130,DOWN,14.238762714132491,1766.6100000000001,b'swing0003',b'stance0003',b'swing0002',b'swing0003',,51.81079601840974,19.402436055931066,36.723684950919484,,,,,,,,,84.20240853720871,,100.67151936816546,113.37713260453995,18.112005453780704,,17.80325217190839,24.792478706586316,,,,,153.29170029013736,176.4770464179854,159.74788423980496,171.37817528428343,,,,8.024988140690667,15.38732960908142,53.13049634992007,,,,,,
131,DOWN,16.37602467980048,1517.25,b'swing0003',b'swing0003',b'swing0002',b'swing0003',163.53218153022914,51.81079601840974,19.402436055931066,36.723684950919484,,,,,,,,,84.20240853720871,,100.67151936816546,113.37713260453995,18.112005453780704,23.605344873200686,17.80325217190839,24.792478706586316,,,,,154.28316798222,172.05502874129064,160.38322519638223,174.92605426264663,,,,,,,,,,,,
132,DOWN,16.896697368665713,1281.83,b'swing0003',b'swing0003',b'stance0002',b'swing0003',163.53218153022914,51.81079601840974,,36.723684950919484,,,,,,,,,84.20240853720871,,,113.37713260453995,18.112005453780704,23.605344873200686,,24.792478706586316,,,,,156.7855727167071,176.61382220426927,151.68003559631822,173.41352316479805,,,,,,,20.835844611603445,6.001301667485031,5.985789901318253,,,
133,DOWN,17.546806353851736,1435.97,b'swing0003',b'swing0003',b'stance0002',b'swing0003',163.53218153022914,51.81079601840974,,36.723684950919484,,,,,,,,,84.20240853720871,,,113.37713260453995,18.112005453780704,23.605344873200686,,24.792478706586316,,,,,162.45466062345852,179.66950119552305,144.24598567007763,175.38740119539304,,,,,,,20.835844611603445,6.001301667485031,5.985789901318253,,,
134,DOWN,18.64929510065417,1692.445,b'swing0003',b'swing0003',b'stance0002',b'swing0003',163.53218153022914,51.81079601840974,,36.723684950919484,,,,,,,,,84.20240853720871,,,113.37713260453995,18.112005453780704,23.605344873200686,,24.792478706586316,,,,,150.8569599982595,171.88603339563792,152.85987468416323,178.97285248958033,,,,,,,20.835844611603445,6.001301667485031,5.985789901318253,,,
135,DOWN,18.888927187129184,1305.94,b'swing0003',b'swing0003',b'stance0002',b'swing0003',163.53218153022914,51.81079601840974,,36.723684950919484,,,,,,,,,84.20240853720871,,,113.37713260453995,18.112005453780704,23.605344873200686,,24.792478706586316,,,,,151.01783616904657,170.47588696090727,149.1963339537524,173.329858834895,,,,,,,20.835844611603445,6.001301667485031,5.985789901318253,,,
136,DOWN,19.22175316529419,1482.335,b'swing0003',b'swing0003',b'stance0002',b'swing0003',163.53218153022914,51.81079601840974,,36.723684950919484,,,,,,,,,84.20240853720871,,,113.37713260453995,18.112005453780704,23.605344873200686,,24.792478706586316,,,,,150.89016032897086,168.36647359743083,148.01626007887594,169.42627134483422,,,,,,,20.835844611603445,6.001301667485031,5.985789901318253,,,
137,DOWN,19.236338318473145,1163.345,b'swing0003',b'swing0003',b'stance0002',b'swing0003',163.53218153022914,51.81079601840974,,36.723684950919484,,,,,,,,,84.20240853720871,,,113.37713260453995,18.112005453780704,23.605344873200686,,24.792478706586316,,,,,148.17709207380926,162.74663011247827,152.2792438668914,170.0405512148199,,,,,,,20.835844611603445,6.001301667485031,5.985789901318253,,,
138,DOWN,19.09558613418551,1218.06,b'swing0003',b'swing0003',b'stance0002',b'swing0003',163.53218153022914,51.81079601840974,,36.723684950919484,,,,,,,,,84.20240853720871,,,113.37713260453995,18.112005453780704,23.605344873200686,,24.792478706586316,,,,,149.4804406713308,165.09505414631707,157.96833424413384,171.29310601291175,,,,,,,20.835844611603445,6.001301667485031,5.985789901318253,,,
139,DOWN,17.433250378031886,1427.44,b'swing0003',b'swing0003',b'stance0002',b'swing0003',163.53218153022914,51.81079601840974,,36.723684950919484,,,,,,,,,84.20240853720871,,,113.37713260453995,18.112005453780704,23.605344873200686,,24.792478706586316,,,,,141.8461555193596,155.0080087932268,156.31946276022512,166.3013900931043,,,,,,,20.835844611603445,6.001301667485031,5.985789901318253,,,
140,DOWN,17.598366660491536,1392.5900000000001,b'swing0003',b'swing0003',b'stance0002',b'swing0003',163.53218153022914,51.81079601840974,,36.723684950919484,,,,,,,,,84.20240853720871,,,113.37713260453995,18.112005453780704,23.605344873200686,,24.792478706586316,,,,,143.917761835256,153.82485282790083,164.24169433863784,163.52212954681082,,,,,,,20.835844611603445,6.001301667485031,5.985789901318253,,,
141,DOWN,16.24537967030213,1528.47,b'swing0003',b'swing0003',b'stance0002',b'swing0003',163.53218153022914,51.81079601840974,,36.723684950919484,,,,,,,,,84.20240853720871,,,113.37713260453995,18.112005453780704,23.605344873200686,,24.792478706586316,,,,,139.3265687546842,156.89951482610607,164.88697305029126,166.3074156737436,,,,,,,20.835844611603445,6.001301667485031,5.985789901318253,,,
142,DOWN,14.735645070940791,1395.3899999999999,b'swing0003',b'swing0003',b'stance0002',b'swing0003',163.53218153022914,51.81079601840974,,36.723684950919484,,,,,,,,,84.20240853720871,,,113.37713260453995,18.112005453780704,23.605344873200686,,24.792478706586316,,,,,136.89094889490022,158.63735034973905,170.8309574082063,168.94333170284654,,,,,,,20.835844611603445,6.001301667485031,5.985789901318253,,,
143,DOWN,13.329544755654126,1612.005,b'stance0004',b'swing0003',b'stance0002',b'swing0003',163.53218153022914,,,36.723684950919484,,,,,49.949071131403294,,,,,,,113.37713260453995,,23.605344873200686,,24.792478706586316,,,,,137.0827732429699,157.4640576999935,173.04516798813378,170.30063970417663,18.69961659785588,9.865313847375303,15.550909090993427,,,,20.835844611603445,6.001301667485031,5.985789901318253,,,
144,DOWN,11.48880908459634,1549.75,b'stance0004',b'swing0003',b'stance0002',b'swing0003',163.53218153022914,,,36.723684950919484,,,,,49.949071131403294,,,,,,,113.37713260453995,,23.605344873200686,,24.792478706586316,,,,,139.38070535446448,164.9171027124961,176.60937911778402,172.72849670651405,18.69961659785588,9.865313847375303,15.550909090993427,,,,20.835844611603445,6.001301667485031,5.985789901318253,,,
145,DOWN,10.123500073145692,1829.635,b'stance0004',b'swing0003',b'stance0002',b'swing0003',163.53218153022914,,,36.723684950919484,,,,,49.949071131403294,,,,,,,113.37713260453995,,23.605344873200686,,24.792478706586316,,,,,135.03614842025445,162.39422699719043,172.97948622796443,177.95427380404035,18.69961659785588,9.865313847375303,15.550909090993427,,,,20.835844611603445,6.001301667485031,5.985789901318253,,,
146,DOWN,8.070914087083025,1933.0,b'stance0004',b'swing0003',b'stance0002',b'swing0003',163.53218153022914,,,36.723684950919484,,,,,49.949071131403294,,,,,,,113.37713260453995,,23.605344873200686,,24.792478706586316,,,,,140.04875894349385,160.12834008204413,165.34482174639479,178.103623483844,18.69961659785588,9.865313847375303,15.550909090993427,,,,20.835844611603445,6.001301667485031,5.985789901318253,,,
147,DOWN,5.636236588495052,2098.4,b'stance0004',b'swing0003',b'stance0002',b'swing0003',163.53218153022914,,,36.723684950919484,,,,,49.949071131403294,,,,,,,113.37713260453995,,23.605344873200686,,24.792478706586316,,,,,142.31141363992936,166.40752483010766,162.26392277720504,177.62239888381737,18.69961659785588,9.865313847375303,15.550909090993427,,,,20.835844611603445,6.001301667485031,5.985789901318253,,,
148,DOWN,4.141712577131159,1699.22,b'stance0004',b'swing0003',b'stance0002',b'swing0003',163.53218153022914,,,36.723684950919484,,,,,49.949071131403294,,,,,,,113.37713260453995,,23.605344873200686,,24.792478706586316,,,,,144.47787683397584,165.9551364976622,156.5761811637162,179.78056925484196,18.69961659785588,9.865313847375303,15.550909090993427,,,,20.835844611603445,6.001301667485031,5.985789901318253,,,
149,DOWN,1.9907923416623134,1903.83,b'stance0004',b'swing0003',b'stance0002',b'swing0003',163.53218153022914,,,36.723684950919484,,,,,49.949071131403294,,,,,,,113.37713260453995,,23.605344873200686,,24.792478706586316,,,,,149.28185995802923,162.09810978903815,154.5857493759104,170.9377591578334,18.69961659785588,9.865313847375303,15.550909090993427,,,,20.835844611603445,6.001301667485031,5.985789901318253,,,
150,DOWN,0.34813709407546867,2061.175,b'stance0004',b'swing0003',b'stance0002',b'swing0003',163.53218153022914,,,36.723684950919484,,,,,49.949071131403294,,,,,,,113.37713260453995,,23.605344873200686,,24.792478706586316,,,,,166.14245183251472,157.0223535258377,152.27109418791906,167.63512398630434,18.69961659785588,9.865313847375303,15.550909090993427,,,,20.835844611603445,6.001301667485031,5.985789901318253,,,
151,DOWN,2.200462575313253,2198.73,b'stance0004',b'swing0003',b'stance0002',b'swing0003',163.53218153022914,,,36.723684950919484,,,,,49.949071131403294,,,,,,,113.37713260453995,,23.605344873200686,,24.792478706586316,,,,,171.86465793185272,158.0153109060742,148.76248584503494,161.2989050235205,18.69961659785588,9.865313847375303,15.550909090993427,,,,20.835844611603445,6.001301667485031,5.985789901318253,,,
152,DOWN,3.9243165992675415,1972.99,b'stance0004',b'swing0003',b'stance0002',b'swing0003',163.53218153022914,,,36.723684950919484,,,,,49.949071131403294,,,,,,,113.37713260453995,,23.605344873200686,,24.792478706586316,,,,,173.73138227461243,160.9094547076933,144.0385884466877,158.1355868606016,18.69961659785588,9.865313847375303,15.550909090993427,,,,20.835844611603445,6.001301667485031,5.985789901318253,,,
153,DOWN,5.637951924451556,2246.87,b'stance0004',b'swing0003',b'swing0003',b'swing0003',163.53218153022914,,31.614276244954386,36.723684950919484,,,,,49.949071131403294,,,,,,103.84939036562062,113.37713260453995,,23.605344873200686,23.142893267319103,24.792478706586316,,,,,179.00459268917868,154.88534435528302,143.57184905932078,148.64695836840812,18.69961659785588,9.865313847375303,15.550909090993427,,,,,,,,,
154,DOWN,7.704911801389699,1806.035,b'swing0004',b'swing0003',b'swing0003',b'swing0003',163.53218153022914,202.39537972087024,31.614276244954386,36.723684950919484,,,,,,,,,56.69911495010548,,103.84939036562062,113.37713260453995,23.142893267319103,23.605344873200686,23.142893267319103,24.792478706586316,,,,,177.2710739789192,147.444960543488,141.96925315753293,149.77203520818478,,,,,,,,,,,,
155,DOWN,9.280166298108242,2203.27,b'swing0004',b'swing0003',b'swing0003',b'swing0003',163.53218153022914,202.39537972087024,31.614276244954386,36.723684950919484,,,,,,,,,56.69911495010548,,103.84939036562062,113.37713260453995,23.142893267319103,23.605344873200686,23.142893267319103,24.792478706586316,,,,,178.3257108188453,147.49726114175132,144.9303228289169,138.8909084703937,,,,,,,,,,,,
156,DOWN,10.976136285609186,1968.1100000000001,b'swing0004',b'swing0003',b'swing0003',b'swing0003',163.53218153022914,202.39537972087024,31.614276244954386,36.723684950919484,,,,,,,,,56.69911495010548,,103.84939036562062,113.37713260453995,23.142893267319103,23.605344873200686,23.142893267319103,24.792478706586316,,,,,178.56021326953154,142.5576600866311,150.1042409941665,140.34248484273948,,,,,,,,,,,,
157,DOWN,11.924943071522023,2104.79,b'swing0004',b'swing0003',b'swing0003',b'swing0003',163.53218153022914,202.39537972087024,31.614276244954386,36.723684950919484,,,,,,,,,56.69911495010548,,103.84939036562062,113.37713260453995,23.142893267319103,23.605344873200686,23.142893267319103,24.792478706586316,,,,,170.78886127827545,,153.73232166719572,137.2398577032639,,,,,,,,,,,,
158,DOWN,13.024540863180135,2146.825,b'swing0004',b'swing0003',b'swing0003',b'stance0003',163.53218153022914,202.39537972087024,31.614276244954386,,,,,,,,,,56.69911495010548,,103.84939036562062,,23.142893267319103,23.605344873200686,23.142893267319103,,,,,,166.26389418764626,,155.84806002757352,136.20673311113558,,,,,,,,,,78.92097059429734,11.677965129825969,9.72836024279739
159,DOWN,14.006139734189048,1860.7,b'swing0004',b'swing0003',b'swing0003',b'stance0003',163.53218153022914,202.39537972087024,31.614276244954386,,,,,,,,,,56.69911495010548,,103.84939036562062,,23.142893267319103,23.605344873200686,23.142893267319103,,,,,,161.39961216823005,,154.81315263331572,132.5308070480258,,,,,,,,,,78.92097059429734,11.677965129825969,9.72836024279739
160,DOWN,14.625268014938655,1979.595,b'swing0004',b'swing0003',b'swing0003',b'stance0003',163.53218153022914,202.39537972087024,31.614276244954386,,,,,,,,,,56.69911495010548,,103.84939036562062,,23.142893267319103,23.605344873200686,23.142893267319103,,,,,,157.13987955308966,,163.21747676136835,140.72423975692863,,,,,,,,,,78.92097059429734,11.677965129825969,9.72836024279739
161,DOWN,13.260492859903536,2004.89,b'swing0004',b'swing0003',b'swing0003',b'stance0003',163.53218153022914,202.39537972087024,31.614276244954386,,,,,,,,,,56.69911495010548,,103.84939036562062,,23.142893267319103,23.605344873200686,23.142893267319103,,,,,,143.6816094784195,,166.04551722501793,136.16156486852952,,,,,,,,,,78.92097059429734,11.677965129825969,9.72836024279739
162,DOWN,12.484416964850084,1758.955,b'swing0004',b'swing0003',b'swing0003',b'stance0003',163.53218153022914,202.39537972087024,31.614276244954386,,,,,,,,,,56.69911495010548,,103.84939036562062,,23.142893267319103,23.605344873200686,23.142893267319103,,,,,,147.1232138600167,,167.8289500474539,140.5444896306093,,,,,,,,,,78.92097059429734,11.677965129825969,9.72836024279739
163,DOWN,11.69622015969864,1856.405,b'swing0004',b'stance0004',b'swing0003',b'stance0003',,202.39537972087024,31.614276244954386,,,,,,,,,,56.69911495010548,,103.84939036562062,,23.142893267319103,,23.142893267319103,,,,,,150.90688099253484,,170.63923104508194,138.73970232828373,,,,88.29265276855666,14.089687324194955,11.614120604309315,,,,78.92097059429734,11.677965129825969,9.72836024279739
164,DOWN,10.496043406182793,1629.71,b'swing0004',b'stance0004',b'swing0003',b'stance0003',,202.39537972087024,31.614276244954386,,,,,,,,,,56.69911495010548,,103.84939036562062,,23.142893267319103,,23.142893267319103,,,,,,141.31987073431074,,170.70485240520927,152.13181518116107,,,,88.29265276855666,14.089687324194955,11.614120604309315,,,,78.92097059429734,11.677965129825969,9.72836024279739
165,DOWN,8.778842285748794,1618.72,b'swing0004',b'stance0004',b'swing0003',b'stance0003',,202.39537972087024,31.614276244954386,,,,,,,,,,56.69911495010548,,103.84939036562062,,23.142893267319103,,23.142893267319103,,,,,,142.64297133890008,,171.86221015974277,150.54862418811808,,,,88.29265276855666,14.089687324194955,11.614120604309315,,,,78.92097059429734,11.677965129825969,9.72836024279739
166,DOWN,7.737176823632325,1622.58,b'swing0004',b'stance0004',b'swing0003',b'stance0003',,202.39537972087024,31.614276244954386,,,,,,,,,,56.69911495010548,,103.84939036562062,,23.142893267319103,,23.142893267319103,,,,,,145.49510129808152,,176.1840843029357,152.64675895756244,,,,88.29265276855666,14.089687324194955,11.614120604309315,,,,78.92097059429734,11.677965129825969,9.72836024279739
167,DOWN,5.571640502827989,1723.99,b'swing0004',b'stance0004',b'swing0003',b'stance0003',,202.39537972087024,31.614276244954386,,,,,,,,,,56.69911495010548,,103.84939036562062,,23.142893267319103,,23.142893267319103,,,,,,142.29845418931623,153.78631899187468,176.15623994112232,152.32765042386342,,,,88.29265276855666,14.089687324194955,11.614120604309315,,,,78.92097059429734,11.677965129825969,9.72836024279739
168,DOWN,3.7518933205809617,1568.77,b'swing0004',b'stance0004',b'swing0003',b'stance0003',,202.39537972087024,31.614276244954386,,,,,,,,,,56.69911495010548,,103.84939036562062,,23.142893267319103,,23.142893267319103,,,,,,142.66630794480466,164.38295099878746,179.47226385491007,148.9128270578021,,,,88.29265276855666,14.089687324194955,11.614120604309315,,,,78.92097059429734,11.677965129825969,9.72836024279739
169,DOWN,2.2251915743653967,1845.085,b'swing0004',b'stance0004',b'swing0003',b'stance0003',,202.39537972087024,31.614276244954386,,,,,,,,,,56.69911495010548,,103.84939036562062,,23.142893267319103,,23.142893267319103,,,,,,146.1531943262378,157.3564284714835,179.12453316178204,159.25074226571127,,,,88.29265276855666,14.089687324194955,11.614120604309315,,,,78.92097059429734,11.677965129825969,9.72836024279739
170,DOWN,0.056977604944819404,1244.245,b'swing0004',b'stance0004',b'swing0003',b'stance0003',,202.39537972087024,31.614276244954386,,,,,,,,,,56.69911495010548,,103.84939036562062,,23.142893267319103,,23.142893267319103,,,,,,144.08482025813925,155.50305020761087,177.92646435964295,170.74543570507373,,,,88.29265276855666,14.089687324194955,11.614120604309315,,,,78.92097059429734,11.677965129825969,9.72836024279739
171,DOWN,2.0021448483201993,1375.2350000000001,b'swing0004',b'stance0004',b'swing0003',b'stance0003',,202.39537972087024,31.614276244954386,,,,,,,,,,56.69911495010548,,103.84939036562062,,23.142893267319103,,23.142893267319103,,,,,,149.97387554438265,159.14058091915916,170.97472776688392,176.04586645157983,,,,88.29265276855666,14.089687324194955,11.614120604309315,,,,78.92097059429734,11.677965129825969,9.72836024279739
172,DOWN,3.1954671868530227,1504.6799999999998,b'swing0004',b'stance0004',b'swing0003',b'stance0003',,202.39537972087024,31.614276244954386,,,,,,,,,,56.69911495010548,,103.84939036562062,,23.142893267319103,,23.142893267319103,,,,,,149.73249583427244,171.09680755298115,164.96939990959234,179.34833554341364,,,,88.29265276855666,14.089687324194955,11.614120604309315,,,,78.92097059429734,11.677965129825969,9.72836024279739
173,DOWN,3.491459870799531,1809.15,b'swing0004',b'stance0004',b'swing0003',b'stance0003',,202.39537972087024,31.614276244954386,,,,,,,,,,56.69911495010548,,103.84939036562062,,23.142893267319103,,23.142893267319103,,,,,,148.89616547216903,179.2998761466919,162.39269637967388,177.84785999445552,,,,88.29265276855666,14.089687324194955,11.614120604309315,,,,78.92097059429734,11.677965129825969,9.72836024279739
174,DOWN,5.491893537683268,1375.245,b'swing0004',b'stance0004',b'swing0003',b'stance0003',,202.39537972087024,31.614276244954386,,,,,,,,,,56.69911495010548,,103.84939036562062,,23.142893267319103,,23.142893267319103,,,,,,146.45251293272946,176.65333457481594,162.69956625508692,176.83183084314635,,,,88.29265276855666,14.089687324194955,11.614120604309315,,,,78.92097059429734,11.677965129825969,9.72836024279739
175,DOWN,6.664612146252182,1140.78,b'swing0004',b'stance0004',b'swing0003',b'stance0003',,202.39537972087024,31.614276244954386,,,,,,,,,,56.69911495010548,,103.84939036562062,,23.142893267319103,,23.142893267319103,,,,,,147.42061194507826,172.4483963231295,158.01567311529664,177.4176274403966,,,,88.29265276855666,14.089687324194955,11.614120604309315,,,,78.92097059429734,11.677965129825969,9.72836024279739
176,DOWN,8.415235591765736,1732.9299999999998,b'swing0004',b'stance0004',b'swing0003',b'stance0003',,202.39537972087024,31.614276244954386,,,,,,,,,,56.69911495010548,,103.84939036562062,,23.142893267319103,,23.142893267319103,,,,,,147.29946315629815,176.50591519558708,153.90549865594667,171.76800998876297,,,,88.29265276855666,14.089687324194955,11.614120604309315,,,,78.92097059429734,11.677965129825969,9.72836024279739
177,DOWN,8.684342809934577,1577.13,b'swing0004',b'stance0004',b'swing0003',b'stance0003',,202.39537972087024,31.614276244954386,,,,,,,,,,56.69911495010548,,103.84939036562062,,23.142893267319103,,23.142893267319103,,,,,,151.77137408993866,167.64388646240667,152.9822989462385,177.92417039546697,,,,88.29265276855666,14.089687324194955,11.614120604309315,,,,78.92097059429734,11.677965129825969,9.72836024279739
178,DOWN,10.139485415520738,1415.72,b'swing0004',b'swing0004',b'swing0003',b'swing0004',30.43007886150434,202.39537972087024,31.614276244954386,19.986940225704085,,,,,,,,,56.69911495010548,,103.84939036562062,99.09988717979812,23.142893267319103,20.183181582698253,23.142893267319103,20.118718124767064,,,,,143.4680017743927,170.2118975534829,144.9124355792114,175.73313019400075,,,,,,,,,,,,
179,DOWN,10.63176997757148,1362.105,b'swing0004',b'swing0004',b'swing0003',b'swing0004',30.43007886150434,202.39537972087024,31.614276244954386,19.986940225704085,,,,,,,,,56.69911495010548,,103.84939036562062,99.09988717979812,23.142893267319103,20.183181582698253,23.142893267319103,20.118718124767064,,,,,145.77373753949115,168.13569435629054,149.82233122389613,176.9836605478045,,,,,,,,,,,,
180,DOWN,12.138378530041365,1111.9850000000001,b'swing0004',b'swing0004',b'stance0003',b'swing0004',30.43007886150434,202.39537972087024,,19.986940225704085,,,,,,,,,56.69911495010548,,,99.09988717979812,23.142893267319103,20.183181582698253,,20.118718124767064,,,,,151.54524446281715,171.43110523047073,142.0725196054019,179.26080323716246,,,,,,,69.77118788774499,57.67984415128749,3.8523284646574525,,,
181,DOWN,11.92501151613456,1330.7849999999999,b'swing0004',b'swing0004',b'stance0003',b'swing0004',30.43007886150434,202.39537972087024,,19.986940225704085,,,,,,,,,56.69911495010548,,,99.09988717979812,23.142893267319103,20.183181582698253,,20.118718124767064,,,,,147.86033499265437,179.13470718606936,137.510033278962,179.10917597463174,,,,,,,69.77118788774499,57.67984415128749,3.8523284646574525,,,
182,DOWN,12.552854397128186,1336.115,b'swing0004',b'swing0004',b'stance0003',b'swing0004',30.43007886150434,202.39537972087024,,19.986940225704085,,,,,,,,,56.69911495010548,,,99.09988717979812,23.142893267319103,20.183181582698253,,20.118718124767064,,,,,142.08983337352498,174.3903531761518,140.0986587384282,178.98813063567613,,,,,,,69.77118788774499,57.67984415128749,3.8523284646574525,,,
183,DOWN,13.18085145730808,1337.945,b'swing0004',b'swing0004',b'stance0003',b'swing0004',30.43007886150434,202.39537972087024,,19.986940225704085,,,,,,,,,56.69911495010548,,,99.09988717979812,23.142893267319103,20.183181582698253,,20.118718124767064,,,,,150.48468867936623,168.04768237541663,141.6646923268316,172.02735210884822,,,,,,,69.77118788774499,57.67984415128749,3.8523284646574525,,,
184,DOWN,12.886811060465476,1146.515,b'swing0004',b'swing0004',b'stance0003',b'swing0004',30.43007886150434,202.39537972087024,,19.986940225704085,,,,,,,,,56.69911495010548,,,99.09988717979812,23.142893267319103,20.183181582698253,,20.118718124767064,,,,,148.285755245207,165.07138958332985,151.29746272647938,175.86261919271186,,,,,,,69.77118788774499,57.67984415128749,3.8523284646574525,,,
185,DOWN,12.31066786233174,1444.32,b'swing0004',b'swing0004',b'stance0003',b'swing0004',30.43007886150434,202.39537972087024,,19.986940225704085,,,,,,,,,56.69911495010548,,,99.09988717979812,23.142893267319103,20.183181582698253,,20.118718124767064,,,,,144.26907833216478,163.62911599412055,147.71220094131314,170.3480652221202,,,,,,,69.77118788774499,57.67984415128749,3.8523284646574525,,,
186,DOWN,11.177638233634951,1502.875,b'swing0004',b'swing0004',b'stance0003',b'swing0004',30.43007886150434,202.39537972087024,,19.986940225704085,,,,,,,,,56.69911495010548,,,99.09988717979812,23.142893267319103,20.183181582698253,,20.118718124767064,,,,,138.7330816349147,160.43770773868525,155.70546679759588,169.94730416279342,,,,,,,69.77118788774499,57.67984415128749,3.8523284646574525,,,
187,DOWN,9.86456748394744,1611.2849999999999,b'swing0004',b'swing0004',b'stance0003',b'swing0004',30.43007886150434,202.39537972087024,,19.986940225704085,,,,,,,,,56.69911495010548,,,99.09988717979812,23.142893267319103,20.183181582698253,,20.118718124767064,,,,,131.95193155285583,156.2779626534153,154.4994223369007,169.08843067976306,,,,,,,69.77118788774499,57.67984415128749,3.8523284646574525,,,
188,DOWN,9.132998514000775,1595.08,b'swing0004',b'swing0004',b'stance0003',b'swing0004',30.43007886150434,202.39537972087024,,19.986940225704085,,,,,,,,,56.69911495010548,,,99.09988717979812,23.142893267319103,20.183181582698253,,20.118718124767064,,,,,137.1576202884431,159.93748613870588,160.28427157790438,168.9162056911467,,,,,,,69.77118788774499,57.67984415128749,3.8523284646574525,,,
189,DOWN,7.548224727708316,1524.19,b'swing0004',b'swing0004',b'stance0003',b'swing0004',30.43007886150434,202.39537972087024,,19.986940225704085,,,,,,,,,56.69911495010548,,,99.09988717979812,23.142893267319103,20.183181582698253,,20.118718124767064,,,,,130.6210671132409,162.58359403849482,167.28086552986815,164.6635201382524,,,,,,,69.77118788774499,57.67984415128749,3.8523284646574525,,,
190,DOWN,6.278682786357024,1746.505,b'swing0004',b'swing0004',b'stance0003',b'swing0004',30.43007886150434,202.39537972087024,,19.986940225704085,,,,,,,,,56.69911495010548,,,99.09988717979812,23.142893267319103,20.183181582698253,,20.118718124767064,,,,,144.71570503742757,156.47994298581375,166.69137646288715,179.13049598873417,,,,,,,69.77118788774499,57.67984415128749,3.8523284646574525,,,
191,DOWN,4.749056941310442,1677.045,b'swing0004',b'swing0004',b'stance0003',b'swing0004',30.43007886150434,202.39537972087024,,19.986940225704085,,,,,,,,,56.69911495010548,,,99.09988717979812,23.142893267319103,20.183181582698253,,20.118718124767064,,,,,142.6203267337614,163.08952238957866,168.66572101366367,179.38594739713915,,,,,,,69.77118788774499,57.67984415128749,3.8523284646574525,,,
192,DOWN,3.716568646011325,1830.745,b'swing0004',b'swing0004',b'stance0003',b'swing0004',30.43007886150434,202.39537972087024,,19.986940225704085,,,,,,,,,56.69911495010548,,,99.09988717979812,23.142893267319103,20.183181582698253,,20.118718124767064,,,,,141.45401522524907,164.1187894950881,176.68907955061164,174.68145866837853,,,,,,,69.77118788774499,57.67984415128749,3.8523284646574525,,,
193,DOWN,1.5906119665088454,2223.4449999999997,b'stance0005',b'swing0004',b'stance0003',b'swing0004',30.43007886150434,,,19.986940225704085,,,,,15.252783159486496,,,,,,,99.09988717979812,,20.183181582698253,,20.118718124767064,,,,,133.2684322408041,161.7562159303727,175.47203732999975,175.67587970541538,65.16012191505108,11.427656572784178,9.608463407396348,,,,69.77118788774499,57.67984415128749,3.8523284646574525,,,
194,DOWN,0.4652526390300693,1756.46,b'stance0005',b'swing0004',b'stance0003',b'swing0004',30.43007886150434,,,19.986940225704085,,,,,15.252783159486496,,,,,,,99.09988717979812,,20.183181582698253,,20.118718124767064,,,,,136.55518056545355,169.75413757175482,168.0543516139237,178.0656511059805,65.16012191505108,11.427656572784178,9.608463407396348,,,,69.77118788774499,57.67984415128749,3.8523284646574525,,,
195,DOWN,2.8847194002767367,1978.635,b'stance0005',b'swing0004',b'stance0003',b'swing0004',30.43007886150434,,,19.986940225704085,,,,,15.252783159486496,,,,,,,99.09988717979812,,20.183181582698253,,20.118718124767064,,,,,157.6978705406363,163.34785242666965,163.78175778286334,169.30137371723168,65.16012191505108,11.427656572784178,9.608463407396348,,,,69.77118788774499,57.67984415128749,3.8523284646574525,,,
196,DOWN,4.263631538284784,2051.91,b'stance0005',b'swing0004',b'stance0003',b'swing0004',30.43007886150434,,,19.986940225704085,,,,,15.252783159486496,,,,,,,99.09988717979812,,20.183181582698253,,20.118718124767064,,,,,173.42569805889192,165.43846760662674,166.16908338564988,169.27465957542472,65.16012191505108,11.427656572784178,9.608463407396348,,,,69.77118788774499,57.67984415128749,3.8523284646574525,,,
197,DOWN,6.657078501216148,2508.1549999999997,b'stance0005',b'swing0004',b'stance0003',b'swing0004',30.43007886150434,,,19.986940225704085,,,,,15.252783159486496,,,,,,,99.09988717979812,,20.183181582698253,,20.118718124767064,,,,,168.54741718745964,165.83847261662828,157.80616724453353,152.348787003268,65.16012191505108,11.427656572784178,9.608463407396348,,,,69.77118788774499,57.67984415128749,3.8523284646574525,,,
198,DOWN,8.668825402799229,1891.295,b'stance0005',b'swing0004',b'stance0003',b'swing0004',30.43007886150434,,,19.986940225704085,,,,,15.252783159486496,,,,,,,99.09988717979812,,20.183181582698253,,20.118718124767064,,,,,173.9268386859815,164.16140786551037,146.9625695144284,155.46899895531485,65.16012191505108,11.427656572784178,9.608463407396348,,,,69.77118788774499,57.67984415128749,3.8523284646574525,,,
199,DOWN,10.416979056055226,2107.4049999999997,b'stance0005',b'swing0004',b'stance0003',b'swing0004',30.43007886150434,,,19.986940225704085,,,,,15.252783159486496,,,,,,,99.09988717979812,,20.183181582698253,,20.118718124767064,,,,,177.80756031451023,162.14916756483655,152.52911286237241,152.27133953937366,65.16012191505108,11.427656572784178,9.608463407396348,,,,69.77118788774499,57.67984415128749,3.8523284646574525,,,
200,DOWN,12.396745415655147,2258.975,b'swing0005',b'swing0004',b'swing0004',b'swing0004',30.43007886150434,39.54349774714613,13.263070239648007,19.986940225704085,,,,,,,,,59.37470586810042,,88.210854333859,99.09988717979812,23.822216550266972,20.183181582698253,23.20607931415018,20.118718124767064,,,,,178.58427388517322,154.0604807265292,153.04432770339432,140.32775917274682,,,,,,,,,,,,
201,DOWN,12.950784455125358,2325.45,b'swing0005',b'swing0004',b'swing0004',b'stance0004',30.43007886150434,39.54349774714613,13.263070239648007,,,,,,,,,,59.37470586810042,,88.210854333859,,23.822216550266972,20.183181582698253,23.20607931415018,,,,,,170.6522702162315,152.02062871571107,153.3599530540904,140.59280205984393,,,,,,,,,,89.25960980538537,10.358132819134367,5.356237545145421
202,DOWN,15.28437745725546,1942.38,b'swing0005',b'swing0004',b'swing0004',b'stance0004',30.43007886150434,39.54349774714613,13.263070239648007,,,,,,,,,,59.37470586810042,,88.210854333859,,23.822216550266972,20.183181582698253,23.20607931415018,,,,,,176.0716216692346,152.08516241719448,152.52736813587626,137.12203011098183,,,,,,,,,,89.25960980538537,10.358132819134367,5.356237545145421
203,DOWN,16.83764259651906,2404.38,b'swing0005',b'swing0004',b'swing0004',b'stance0004',30.43007886150434,39.54349774714613,13.263070239648007,,,,,,,,,,59.37470586810042,,88.210854333859,,23.822216550266972,20.183181582698253,23.20607931415018,,,,,,173.60108276636888,,165.03391435507567,142.22802671968765,,,,,,,,,,89.25960980538537,10.358132819134367,5.356237545145421
204,DOWN,18.40385883902394,2103.645,b'swing0005',b'swing0004',b'swing0004',b'stance0004',30.43007886150434,39.54349774714613,13.263070239648007,,,,,,,,,,59.37470586810042,,88.210854333859,,23.822216550266972,20.183181582698253,23.20607931415018,,,,,,176.36658628512347,143.92482890545725,160.41368097674882,139.35163600334977,,,,,,,,,,89.25960980538537,10.358132819134367,5.356237545145421
205,DOWN,19.85425125015604,2069.7,b'swing0005',b'swing0004',b'swing0004',b'stance0004',30.43007886150434,39.54349774714613,13.263070239648007,,,,,,,,,,59.37470586810042,,88.210854333859,,23.822216550266972,20.183181582698253,23.20607931415018,,,,,,170.11199247470745,,163.55900229606695,140.12340991626235,,,,,,,,,,89.25960980538537,10.358132819134367,5.356237545145421
206,DOWN,18.46078465048862,1661.11,b'swing0005',b'swing0004',b'swing0004',b'stance0004',30.43007886150434,39.54349774714613,13.263070239648007,,,,,,,,,,59.37470586810042,,88.210854333859,,23.822216550266972,20.183181582698253,23.20607931415018,,,,,,169.94258394750165,,163.14150889075802,148.76536278353117,,,,,,,,,,89.25960980538537,10.358132819134367,5.356237545145421
207,DOWN,18.184234514850516,1681.645,b'swing0005',b'stance0005',b'swing0004',b'stance0004',,39.54349774714613,13.263070239648007,,,,,,,,,,59.37470586810042,,88.210854333859,,23.822216550266972,,23.20607931415018,,,,,,158.8992198252136,,162.98384573604736,152.07673501917034,,,,5.545053800577954,20.818207206412932,51.911547578692286,,,,89.25960980538537,10.358132819134367,5.356237545145421
208,DOWN,15.860838780811605,1992.0700000000002,b'swing0005',b'stance0005',b'swing0004',b'stance0004',,39.54349774714613,13.263070239648007,,,,,,,,,,59.37470586810042,,88.210854333859,,23.822216550266972,,23.20607931415018,,,,,,160.71018649012623,,174.4196341427521,151.7399819289664,,,,5.545053800577954,20.818207206412932,51.911547578692286,,,,89.25960980538537,10.358132819134367,5.356237545145421
209,DOWN,16.143052948713944,1841.99,b'swing0005',b'stance0005',b'swing0004',b'stance0004',,39.54349774714613,13.263070239648007,,,,,,,,,,59.37470586810042,,88.210854333859,,23.822216550266972,,23.20607931415018,,,,,,152.0276425116236,,171.116852759935,146.76214074476715,,,,5.545053800577954,20.818207206412932,51.911547578692286,,,,89.25960980538537,10.358132819134367,5.356237545145421
210,DOWN,14.391208904313231,2174.385,b'swing0005',b'stance0005',b'swing0004',b'stance0004',,39.54349774714613,13.263070239648007,,,,,,,,,,59.37470586810042,,88.210854333859,,23.822216550266972,,23.20607931415018,,,,,,159.43389417859586,,174.21460812651435,147.29477303630094,,,,5.545053800577954,20.818207206412932,51.911547578692286,,,,89.25960980538537,10.358132819134367,5.356237545145421
211,DOWN,12.603440017589065,2161.105,b'swing0005',b'stance0005',b'swing0004',b'stance0004',,39.54349774714613,13.263070239648007,,,,,,,,,,59.37470586810042,,88.210854333859,,23.822216550266972,,23.20607931415018,,,,,,158.7343907109242,,173.48897198512825,155.86437832448618,,,,5.545053800577954,20.818207206412932,51.911547578692286,,,,89.25960980538537,10.358132819134367,5.356237545145421
212,DOWN,10.263300938104095,2180.425,b'swing0005',b'stance0005',b'swing0004',b'stance0004',,39.54349774714613,13.263070239648007,,,,,,,,,,59.37470586810042,,88.210854333859,,23.822216550266972,,23.20607931415018,,,,,,153.9852203938847,,174.79916499113057,158.8154393909847,,,,5.545053800577954,20.818207206412932,51.911547578692286,,,,89.25960980538537,10.358132819134367,5.356237545145421
213,DOWN,7.106864174399391,2069.295,b'swing0005',b'stance0005',b'swing0004',b'stance0004',,39.54349774714613,13.263070239648007,,,,,,,,,,59.37470586810042,,88.210854333859,,23.822216550266972,,23.20607931415018,,,,,,155.3039300880886,150.4227812016396,176.7876217145869,177.9715765856548,,,,5.545053800577954,20.818207206412932,51.911547578692286,,,,89.25960980538537,10.358132819134367,5.356237545145421
214,DOWN,4.607443457221223,2061.505,b'swing0005',b'stance0005',b'swing0004',b'stance0004',,39.54349774714613,13.263070239648007,,,,,,,,,,59.37470586810042,,88.210854333859,,23.822216550266972,,23.20607931415018,,,,,,151.82112958285927,162.01672094989735,179.41004419790116,177.74732715717977,,,,5.545053800577954,20.818207206412932,51.911547578692286,,,,89.25960980538537,10.358132819134367,5.356237545145421
215,DOWN,1.567343172636214,1848.3249999999998,b'swing0005',b'stance0005',b'swing0004',b'stance0004',,39.54349774714613,13.263070239648007,,,,,,,,,,59.37470586810042,,88.210854333859,,23.822216550266972,,23.20607931415018,,,,,,154.23160957339348,174.83412573467473,178.13175872865202,179.0968870989197,,,,5.545053800577954,20.818207206412932,51.911547578692286,,,,89.25960980538537,10.358132819134367,5.356237545145421
216,DOWN,1.292220430887511,2023.915,b'swing0005',b'stance0005',b'swing0004',b'stance0004',,39.54349774714613,13.263070239648007,,,,,,,,,,59.37470586810042,,88.210854333859,,23.822216550266972,,23.20607931415018,,,,,,150.76692840777923,158.9765794207338,176.35368902763827,176.0346368684458,,,,5.545053800577954,20.818207206412932,51.911547578692286,,,,89.25960980538537,10.358132819134367,5.356237545145421
217,DOWN,2.834588606336837,2278.52,b'swing0005',b'stance0005',b'swing0004',b'stance0004',,39.54349774714613,13.263070239648007,,,,,,,,,,59.37470586810042,,88.210854333859,,23.822216550266972,,23.20607931415018,,,,,,150.42973531473632,160.40077181025043,172.04096721917315,178.42830393082366,,,,5.545053800577954,20.818207206412932,51.911547578692286,,,,89.25960980538537,10.358132819134367,5.356237545145421
218,DOWN,5.609959352946419,2053.745,b'swing0005',b'stance0005',b'swing0004',b'stance0004',,39.54349774714613,13.263070239648007,,,,,,,,,,59.37470586810042,,88.210854333859,,23.822216550266972,,23.20607931415018,,,,,,148.23641928072064,177.49286490843593,164.60009381401235,172.87857712865002,,,,5.545053800577954,20.818207206412932,51.911547578692286,,,,89.25960980538537,10.358132819134367,5.356237545145421
219,DOWN,8.711143037016768,2101.205,b'swing0005',b'stance0005',b'stance0004',b'swing0005',,39.54349774714613,,28.69552596200356,,,,,,,,,59.37470586810042,,,84.98922642516618,23.822216550266972,,,21.887265594242017,,,,,154.42492903304426,178.54239124271922,160.8254758119326,172.72922502828368,,,,5.545053800577954,20.818207206412932,51.911547578692286,16.579665632117322,2.109391479709624,10.172993949034117,,,
220,DOWN,10.423009078546272,2409.5,b'swing0005',b'stance0005',b'stance0004',b'swing0005',,39.54349774714613,,28.69552596200356,,,,,,,,,59.37470586810042,,,84.98922642516618,23.822216550266972,,,21.887265594242017,,,,,155.68871988952145,179.81795903852722,154.9838857558711,173.75679712444372,,,,5.545053800577954,20.818207206412932,51.911547578692286,16.579665632117322,2.109391479709624,10.172993949034117,,,
221,DOWN,11.967518705687183,1868.72,b'swing0005',b'stance0005',b'stance0004',b'swing0005',,39.54349774714613,,28.69552596200356,,,,,,,,,59.37470586810042,,,84.98922642516618,23.822216550266972,,,21.887265594242017,,,,,156.79802253679736,174.6775543480181,151.69006326076646,177.6479622704809,,,,5.545053800577954,20.818207206412932,51.911547578692286,16.579665632117322,2.109391479709624,10.172993949034117,,,
222,DOWN,14.173054756366554,1997.475,b'swing0005',b'swing0005',b'stance0004',b'swing0005',39.86549751648206,39.54349774714613,,28.69552596200356,,,,,,,,,59.37470586810042,,,84.98922642516618,23.822216550266972,22.26388567218116,,21.887265594242017,,,,,151.8013561583835,176.04229219944264,154.23080698872835,178.84367897104357,,,,,,,16.579665632117322,2.109391479709624,10.172993949034117,,,
223,DOWN,16.090365941917526,1695.815,b'swing0005',b'swing0005',b'stance0004',b'swing0005',39.86549751648206,39.54349774714613,,28.69552596200356,,,,,,,,,59.37470586810042,,,84.98922642516618,23.822216550266972,22.26388567218116,,21.887265594242017,,,,,157.73568832064663,176.55274550333104,146.91566391080633,178.52563651263733,,,,,,,16.579665632117322,2.109391479709624,10.172993949034117,,,
224,DOWN,17.273775250055706,1656.44,b'swing0005',b'swing0005',b'stance0004',b'swing0005',39.86549751648206,39.54349774714613,,28.69552596200356,,,,,,,,,59.37470586810042,,,84.98922642516618,23.822216550266972,22.26388567218116,,21.887265594242017,,,,,148.9852567799361,178.7334037522557,149.12567648653618,177.6946193845192,,,,,,,16.579665632117322,2.109391479709624,10.172993949034117,,,
225,DOWN,17.473970380000907,2190.025,b'stance0006',b'swing0005',b'stance0004',b'swing0005',39.86549751648206,,,28.69552596200356,,,,,,,,,,,,84.98922642516618,,22.26388567218116,,21.887265594242017,,,,,149.4228816909493,172.24860166189796,147.5540642570126,174.9912431186395,84.69927188955452,11.665381272156283,56.99359067094199,,,,16.579665632117322,2.109391479709624,10.172993949034117,,,
226,DOWN,17.70473164461771,1458.74,b'stance0006',b'swing0005',b'stance0004',b'swing0005',39.86549751648206,,,28.69552596200356,,,,,,,,,,,,84.98922642516618,,22.26388567218116,,21.887265594242017,,,,,146.87659856737625,163.366626420574,155.41674571403826,174.92532188107725,84.69927188955452,11.665381272156283,56.99359067094199,,,,16.579665632117322,2.109391479709624,10.172993949034117,,,
227,DOWN,17.04296256518208,1572.685,b'stance0006',b'swing0005',b'stance0004',b'swing0005',39.86549751648206,,,28.69552596200356,,,,,,,,,,,,84.98922642516618,,22.26388567218116,,21.887265594242017,,,,,139.28085960607902,162.593016957505,152.78757430680258,170.80558943168018,84.69927188955452,11.665381272156283,56.99359067094199,,,,16.579665632117322,2.109391479709624,10.172993949034117,,,
228,DOWN,15.706069002907782,2027.6549999999997,b'stance0006',b'swing0005',b'stance0004',b'swing0005',39.86549751648206,,,28.69552596200356,,,,,,,,,,,,84.98922642516618,,22.26388567218116,,21.887265594242017,,,,,136.84662637307935,161.59833534848414,161.62919020783264,171.24246281487402,84.69927188955452,11.665381272156283,56.99359067094199,,,,16.579665632117322,2.109391479709624,10.172993949034117,,,
229,DOWN,13.024761012406799,1969.005,b'stance0006',b'swing0005',b'stance0004',b'swing0005',39.86549751648206,,,28.69552596200356,,,,,,,,,,,,84.98922642516618,,22.26388567218116,,21.887265594242017,,,,,133.44456487839642,166.3495416000116,162.60625704758078,176.18547191791876,84.69927188955452,11.665381272156283,56.99359067094199,,,,16.579665632117322,2.109391479709624,10.172993949034117,,,
230,DOWN,12.987793669164404,1913.32,b'stance0006',b'swing0005',b'stance0004',b'swing0005',39.86549751648206,,,28.69552596200356,,,,,,,,,,,,84.98922642516618,,22.26388567218116,,21.887265594242017,,,,,132.81278589494332,161.46293612791325,173.01915700760247,179.09061661695065,84.69927188955452,11.665381272156283,56.99359067094199,,,,16.579665632117322,2.109391479709624,10.172993949034117,,,
231,DOWN,11.115156399894431,2635.44,b'stance0006',b'swing0005',b'stance0004',b'swing0005',39.86549751648206,,,28.69552596200356,,,,,,,,,,,,84.98922642516618,,22.26388567218116,,21.887265594242017,,,,,130.32466216624957,171.0189248370813,170.92193685559292,178.64115732954335,84.69927188955452,11.665381272156283,56.99359067094199,,,,16.579665632117322,2.109391479709624,10.172993949034117,,,
232,DOWN,8.240940547015384,1782.115,b'stance0006',b'swing0005',b'stance0004',b'swing0005',39.86549751648206,,,28.69552596200356,,,,,,,,,,,,84.98922642516618,,22.26388567218116,,21.887265594242017,,,,,133.08420822256292,169.61879898051146,176.87892936369693,179.12430372776282,84.69927188955452,11.665381272156283,56.99359067094199,,,,16.579665632117322,2.109391479709624,10.172993949034117,,,
233,DOWN,6.64889213221781,,b'stance0006',b'swing0005',b'stance0004',b'swing0005',39.86549751648206,,,28.69552596200356,,,,,,,,,,,,84.98922642516618,,22.26388567218116,,21.887265594242017,,,,,138.5324007665011,167.6735064109775,173.09090701886507,177.01882729587,84.69927188955452,11.665381272156283,56.99359067094199,,,,16.579665632117322,2.109391479709624,10.172993949034117,,,
234,DOWN,4.277467239282515,,b'stance0006',b'swing0005',b'stance0004',b'swing0005',39.86549751648206,,,28.69552596200356,,,,,,,,,,,,84.98922642516618,,22.26388567218116,,21.887265594242017,,,,,141.09355502462878,167.92007054642252,162.80009451376273,175.57938838696398,84.69927188955452,11.665381272156283,56.99359067094199,,,,16.579665632117322,2.109391479709624,10.172993949034117,,,
235,DOWN,2.1515364286489387,,b'stance0006',b'swing0005',b'stance0004',b'swing0005',39.86549751648206,,,28.69552596200356,,,,,,,,,,,,84.98922642516618,,22.26388567218116,,21.887265594242017,,,,,150.27828219877688,166.92958993148343,164.63340458613538,166.83700932416858,84.69927188955452,11.665381272156283,56.99359067094199,,,,16.579665632117322,2.109391479709624,10.172993949034117,,,
236,DOWN,0.6974836590748907,,b'stance0006',b'swing0005',b'stance0004',b'swing0005',39.86549751648206,,,28.69552596200356,,,,,,,,,,,,84.98922642516618,,22.26388567218116,,21.887265594242017,,,,,155.46029955691873,166.29630578156568,157.86090829896455,167.60101627200268,84.69927188955452,11.665381272156283,56.99359067094199,,,,16.579665632117322,2.109391479709624,10.172993949034117,,,
237,DOWN,2.5850009530762748,,b'stance0006',b'swing0005',b'stance0004',b'swing0005',39.86549751648206,,,28.69552596200356,,,,,,,,,,,,84.98922642516618,,22.26388567218116,,21.887265594242017,,,,,168.41405093437643,159.07115825185556,151.2849363331566,160.32430280177252,84.69927188955452,11.665381272156283,56.99359067094199,,,,16.579665632117322,2.109391479709624,10.172993949034117,,,
238,DOWN,5.259632607711012,,b'stance0006',b'swing0005',b'stance0004',b'swing0005',39.86549751648206,,,28.69552596200356,,,,,,,,,,,,84.98922642516618,,22.26388567218116,,21.887265594242017,,,,,169.72073164210767,152.3431575412394,151.5291535852638,152.47882573824734,84.69927188955452,11.665381272156283,56.99359067094199,,,,16.579665632117322,2.109391479709624,10.172993949034117,,,
239,DOWN,7.926202687556355,,b'stance0006',b'swing0005',b'swing0005',b'stance0005',39.86549751648206,,21.590186329140618,,,,,,,,,,,,126.47771873366077,,,22.26388567218116,136.09313446914825,,,,,,,148.8294168855719,150.62591415734167,156.52201221101458,84.69927188955452,11.665381272156283,56.99359067094199,,,,,,,6.318933392421048,3.727908835119861,13.473520577128541
240,DOWN,8.878388787334274,,b'stance0006',b'swing0005',b'swing0005',b'stance0005',39.86549751648206,,21.590186329140618,,,,,,,,,,,,126.47771873366077,,,22.26388567218116,136.09313446914825,,,,,,,150.67275482116315,150.34970203620466,146.67972053483845,84.69927188955452,11.665381272156283,56.99359067094199,,,,,,,6.318933392421048,3.727908835119861,13.473520577128541
241,DOWN,11.201788479463573,,b'stance0006',b'swing0005',b'swing0005',b'stance0005',39.86549751648206,,21.590186329140618,,,,,,,,,,,,126.47771873366077,,,22.26388567218116,136.09313446914825,,,,,,,138.9680710359068,155.84316625864568,149.5706430783827,84.69927188955452,11.665381272156283,56.99359067094199,,,,,,,6.318933392421048,3.727908835119861,13.473520577128541
242,DOWN,12.47774155582016,,b'stance0006',b'swing0005',b'swing0005',b'stance0005',39.86549751648206,,21.590186329140618,,,,,,,,,,,,126.47771873366077,,,22.26388567218116,136.09313446914825,,,,,,,138.30720217991666,155.87568620218593,149.26940861765806,84.69927188955452,11.665381272156283,56.99359067094199,,,,,,,6.318933392421048,3.727908835119861,13.473520577128541
243,DOWN,13.926515518561956,,b'stance0006',b'swing0005',b'swing0005',b'stance0005',39.86549751648206,,21.590186329140618,,,,,,,,,,,,126.47771873366077,,,22.26388567218116,136.09313446914825,,,,,,,135.05622065556372,162.10497962373515,146.79839774613984,84.69927188955452,11.665381272156283,56.99359067094199,,,,,,,6.318933392421048,3.727908835119861,13.473520577128541
244,DOWN,15.016153264660801,,b'stance0006',b'swing0005',b'swing0005',b'stance0005',39.86549751648206,,21.590186329140618,,,,,,,,,,,,126.47771873366077,,,22.26388567218116,136.09313446914825,,,,,,,,160.19550162592682,147.73788328470232,84.69927188955452,11.665381272156283,56.99359067094199,,,,,,,6.318933392421048,3.727908835119861,13.473520577128541
245,DOWN,16.40723585383961,,b'stance0006',b'swing0005',b'swing0005',b'stance0005',39.86549751648206,,21.590186329140618,,,,,,,,,,,,126.47771873366077,,,22.26388567218116,136.09313446914825,,,,,,,,161.51721968049023,154.86394708681578,84.69927188955452,11.665381272156283,56.99359067094199,,,,,,,6.318933392421048,3.727908835119861,13.473520577128541
246,DOWN,15.69156567518533,,b'stance0006',b'swing0005',b'swing0005',b'stance0005',39.86549751648206,,21.590186329140618,,,,,,,,,,,,126.47771873366077,,,22.26388567218116,136.09313446914825,,,,,,,,,157.69769738228064,84.69927188955452,11.665381272156283,56.99359067094199,,,,,,,6.318933392421048,3.727908835119861,13.473520577128541
247,DOWN,13.90238401528623,,b'stance0006',b'swing0005',b'swing0005',b'stance0005',39.86549751648206,,21.590186329140618,,,,,,,,,,,,126.47771873366077,,,22.26388567218116,136.09313446914825,,,,,,,,166.06978092954006,160.773556634835,84.69927188955452,11.665381272156283,56.99359067094199,,,,,,,6.318933392421048,3.727908835119861,13.473520577128541
248,DOWN,13.37284432253557,,b'stance0006',b'stance0006',b'swing0005',b'stance0005',,,21.590186329140618,,,,,,,,,,,,126.47771873366077,,,,136.09313446914825,,,,,,,,163.0264102847136,164.7995834469146,84.69927188955452,11.665381272156283,56.99359067094199,76.0032805049013,22.672857820355517,0.2941606810617255,,,,6.318933392421048,3.727908835119861,13.473520577128541
249,DOWN,12.540220773725821,,b'stance0006',b'stance0006',b'swing0005',b'stance0005',,,21.590186329140618,,,,,,,,,,,,126.47771873366077,,,,136.09313446914825,,,,,,,,158.20923882395107,172.9978348117263,84.69927188955452,11.665381272156283,56.99359067094199,76.0032805049013,22.672857820355517,0.2941606810617255,,,,6.318933392421048,3.727908835119861,13.473520577128541
250,DOWN,,,b'stance0006',b'stance0006',b'swing0005',b'stance0005',,,21.590186329140618,,,,,,,,,,,,126.47771873366077,,,,136.09313446914825,,,,,,,,164.72274874643304,171.81555689898232,84.69927188955452,11.665381272156283,56.99359067094199,76.0032805049013,22.672857820355517,0.2941606810617255,,,,6.318933392421048,3.727908835119861,13.473520577128541
251,DOWN,,,b'stance0006',b'stance0006',b'swing0005',b'stance0005',,,21.590186329140618,,,,,,,,,,,,126.47771873366077,,,,136.09313446914825,,,,,,,,161.95377519274635,175.2040890688103,84.69927188955452,11.665381272156283,56.99359067094199,76.0032805049013,22.672857820355517,0.2941606810617255,,,,6.318933392421048,3.727908835119861,13.473520577128541
252,DOWN,,,b'stance0006',b'stance0006',b'swing0005',b'stance0005',,,21.590186329140618,,,,,,,,,,,,126.47771873366077,,,,136.09313446914825,,,,,,,,165.97620113240717,176.7735432477641,84.69927188955452,11.665381272156283,56.99359067094199,76.0032805049013,22.672857820355517,0.2941606810617255,,,,6.318933392421048,3.727908835119861,13.473520577128541
253,DOWN,,,b'stance0006',b'stance0006',b'swing0005',b'stance0005',,,21.590186329140618,,,,,,,,,,,,126.47771873366077,,,,136.09313446914825,,,,,,,,166.33698467572785,175.67160194060244,84.69927188955452,11.665381272156283,56.99359067094199,76.0032805049013,22.672857820355517,0.2941606810617255,,,,6.318933392421048,3.727908835119861,13.473520577128541
254,DOWN,,,b'stance0006',b'stance0006',b'swing0005',b'stance0005',,,21.590186329140618,,,,,,,,,,,,126.47771873366077,,,,136.09313446914825,,,,,,,,167.66909906699718,175.5457952977857,84.69927188955452,11.665381272156283,56.99359067094199,76.0032805049013,22.672857820355517,0.2941606810617255,,,,6.318933392421048,3.727908835119861,13.473520577128541
255,DOWN,,,b'stance0006',b'stance0006',b'swing0005',b'stance0005',,,21.590186329140618,,,,,,,,,,,,126.47771873366077,,,,136.09313446914825,,,,,,,,169.85229028454702,170.64244928015222,84.69927188955452,11.665381272156283,56.99359067094199,76.0032805049013,22.672857820355517,0.2941606810617255,,,,6.318933392421048,3.727908835119861,13.473520577128541
256,DOWN,,,b'stance0006',b'stance0006',b'swing0005',b'stance0005',,,21.590186329140618,,,,,,,,,,,,126.47771873366077,,,,136.09313446914825,,,,,,,,166.82560901592552,169.8415750198188,84.69927188955452,11.665381272156283,56.99359067094199,76.0032805049013,22.672857820355517,0.2941606810617255,,,,6.318933392421048,3.727908835119861,13.473520577128541
257,DOWN,,,b'stance0006',b'stance0006',b'swing0005',b'stance0005',,,21.590186329140618,,,,,,,,,,,,126.47771873366077,,,,136.09313446914825,,,,,,,,167.6662521498518,,84.69927188955452,11.665381272156283,56.99359067094199,76.0032805049013,22.672857820355517,0.2941606810617255,,,,6.318933392421048,3.727908835119861,13.473520577128541
258,DOWN,,,b'stance0006',b'stance0006',b'swing0005',b'stance0005',,,21.590186329140618,,,,,,,,,,,,126.47771873366077,,,,136.09313446914825,,,,,,,,174.64538722078711,,84.69927188955452,11.665381272156283,56.99359067094199,76.0032805049013,22.672857820355517,0.2941606810617255,,,,6.318933392421048,3.727908835119861,13.473520577128541
259,DOWN,,,b'stance0006',b'stance0006',b'swing0005',b'stance0005',,,21.590186329140618,,,,,,,,,,,,126.47771873366077,,,,136.09313446914825,,,,,,,,174.34941868245252,,84.69927188955452,11.665381272156283,56.99359067094199,76.0032805049013,22.672857820355517,0.2941606810617255,,,,6.318933392421048,3.727908835119861,13.473520577128541
260,DOWN,,,b'stance0006',b'stance0006',b'swing0005',b'stance0005',,,21.590186329140618,,,,,,,,,,,,126.47771873366077,,,,136.09313446914825,,,,,,,,173.70039855578767,,84.69927188955452,11.665381272156283,56.99359067094199,76.0032805049013,22.672857820355517,0.2941606810617255,,,,6.318933392421048,3.727908835119861,13.473520577128541
261,DOWN,,,b'stance0006',b'stance0006',b'swing0005',b'stance0005',,,21.590186329140618,,,,,,,,,,,,126.47771873366077,,,,136.09313446914825,,,,,,,,175.6676930418946,,84.69927188955452,11.665381272156283,56.99359067094199,76.0032805049013,22.672857820355517,0.2941606810617255,,,,6.318933392421048,3.727908835119861,13.473520577128541
262,DOWN,,,b'stance0006',b'stance0006',b'swing0005',b'stance0005',,,21.590186329140618,,,,,,,,,,,,126.47771873366077,,,,136.09313446914825,,,,,,,,176.4824423299271,,84.69927188955452,11.665381272156283,56.99359067094199,76.0032805049013,22.672857820355517,0.2941606810617255,,,,6.318933392421048,3.727908835119861,13.473520577128541
263,DOWN,,,b'stance0006',b'stance0006',b'swing0005',b'stance0005',,,21.590186329140618,,,,,,,,,,,,126.47771873366077,,,,136.09313446914825,,,,,,,,170.06959304157948,,84.69927188955452,11.665381272156283,56.99359067094199,76.0032805049013,22.672857820355517,0.2941606810617255,,,,6.318933392421048,3.727908835119861,13.473520577128541
264,DOWN,,,b'stance0006',b'stance0006',b'swing0005',b'stance0005',,,21.590186329140618,,,,,,,,,,,,126.47771873366077,,,,136.09313446914825,,,,,,,,173.85820908274326,,84.69927188955452,11.665381272156283,56.99359067094199,76.0032805049013,22.672857820355517,0.2941606810617255,,,,6.318933392421048,3.727908835119861,13.473520577128541
265,DOWN,,,b'stance0006',b'stance0006',b'swing0005',b'stance0005',,,21.590186329140618,,,,,,,,,,,,126.47771873366077,,,,136.09313446914825,,,,,,,,168.14003399679157,,84.69927188955452,11.665381272156283,56.99359067094199,76.0032805049013,22.672857820355517,0.2941606810617255,,,,6.318933392421048,3.727908835119861,13.473520577128541
266,DOWN,,,b'stance0006',b'stance0006',b'swing0005',b'stance0005',,,21.590186329140618,,,,,,,,,,,,126.47771873366077,,,,136.09313446914825,,,,,,,,161.66824034735933,,84.69927188955452,11.665381272156283,56.99359067094199,76.0032805049013,22.672857820355517,0.2941606810617255,,,,6.318933392421048,3.727908835119861,13.473520577128541
267,DOWN,,,b'stance0006',b'stance0006',b'swing0005',b'stance0005',,,21.590186329140618,,,,,,,,,,,,126.47771873366077,,,,136.09313446914825,,,,,,,,167.53550498621527,,84.69927188955452,11.665381272156283,56.99359067094199,76.0032805049013,22.672857820355517,0.2941606810617255,,,,6.318933392421048,3.727908835119861,13.473520577128541
268,DOWN,,,b'stance0006',b'stance0006',b'stance0005',b'stance0005',,,,,,,,,,,,,,,,,,,,,,,,,,,168.40679858960198,,84.69927188955452,11.665381272156283,56.99359067094199,76.0032805049013,22.672857820355517,0.2941606810617255,28.64510664949009,7.351953720543594,11.46227331787098,6.318933392421048,3.727908835119861,13.473520577128541
269,DOWN,,,b'stance0006',b'stance0006',b'stance0005',b'stance0005',,,,,,,,,,,,,,,,,,,,,,,,,,,160.2244459089149,,84.69927188955452,11.665381272156283,56.99359067094199,76.0032805049013,22.672857820355517,0.2941606810617255,28.64510664949009,7.351953720543594,11.46227331787098,6.318933392421048,3.727908835119861,13.473520577128541
270,DOWN,,,b'stance0006',b'stance0006',b'stance0005',b'stance0005',,,,,,,,,,,,,,,,,,,,,,,,,,,157.81405510219437,,84.69927188955452,11.665381272156283,56.99359067094199,76.0032805049013,22.672857820355517,0.2941606810617255,28.64510664949009,7.351953720543594,11.46227331787098,6.318933392421048,3.727908835119861,13.473520577128541
271,DOWN,,,b'stance0006',b'stance0006',b'stance0005',b'stance0005',,,,,,,,,,,,,,,,,,,,,,,,,,,159.98694980081575,,84.69927188955452,11.665381272156283,56.99359067094199,76.0032805049013,22.672857820355517,0.2941606810617255,28.64510664949009,7.351953720543594,11.46227331787098,6.318933392421048,3.727908835119861,13.473520577128541
272,DOWN,,,b'stance0006',b'stance0006',b'stance0005',b'stance0005',,,,,,,,,,,,,,,,,,,,,,,,,,,153.01065209042406,,84.69927188955452,11.665381272156283,56.99359067094199,76.0032805049013,22.672857820355517,0.2941606810617255,28.64510664949009,7.351953720543594,11.46227331787098,6.318933392421048,3.727908835119861,13.473520577128541
273,DOWN,,,b'stance0006',b'stance0006',b'stance0005',b'stance0005',,,,,,,,,,,,,,,,,,,,,,,,,,,153.95860418869816,,84.69927188955452,11.665381272156283,56.99359067094199,76.0032805049013,22.672857820355517,0.2941606810617255,28.64510664949009,7.351953720543594,11.46227331787098,6.318933392421048,3.727908835119861,13.473520577128541
274,DOWN,,,b'stance0006',b'stance0006',b'stance0005',b'stance0005',,,,,,,,,,,,,,,,,,,,,,,,,,,151.99751601581252,,84.69927188955452,11.665381272156283,56.99359067094199,76.0032805049013,22.672857820355517,0.2941606810617255,28.64510664949009,7.351953720543594,11.46227331787098,6.318933392421048,3.727908835119861,13.473520577128541
275,DOWN,,,b'stance0006',b'stance0006',b'stance0005',b'stance0005',,,,,,,,,,,,,,,,,,,,,,,,,,,151.48346409915203,,84.69927188955452,11.665381272156283,56.99359067094199,76.0032805049013,22.672857820355517,0.2941606810617255,28.64510664949009,7.351953720543594,11.46227331787098,6.318933392421048,3.727908835119861,13.473520577128541
276,DOWN,,,b'stance0006',b'stance0006',b'stance0005',b'stance0005',,,,,,,,,,,,,,,,,,,,,,,,,,,151.93474284958407,,84.69927188955452,11.665381272156283,56.99359067094199,76.0032805049013,22.672857820355517,0.2941606810617255,28.64510664949009,7.351953720543594,11.46227331787098,6.318933392421048,3.727908835119861,13.473520577128541
277,DOWN,,,b'stance0006',b'stance0006',b'stance0005',b'swing0006',,,,7.775047450532716,,,,,,,,,,,,,,,,,,,,,,,160.21332707915656,,84.69927188955452,11.665381272156283,56.99359067094199,76.0032805049013,22.672857820355517,0.2941606810617255,28.64510664949009,7.351953720543594,11.46227331787098,,,
278,DOWN,,,b'stance0006',b'stance0006',b'stance0005',b'swing0006',,,,7.775047450532716,,,,,,,,,,,,,,,,,,,,,,,166.82179554063742,,84.69927188955452,11.665381272156283,56.99359067094199,76.0032805049013,22.672857820355517,0.2941606810617255,28.64510664949009,7.351953720543594,11.46227331787098,,,
279,DOWN,,,b'stance0006',b'stance0006',b'stance0005',b'swing0006',,,,7.775047450532716,,,,,,,,,,,,,,,,,,,,,,,178.9207483349085,,84.69927188955452,11.665381272156283,56.99359067094199,76.0032805049013,22.672857820355517,0.2941606810617255,28.64510664949009,7.351953720543594,11.46227331787098,,,
280,DOWN,,,b'stance0006',b'stance0006',b'stance0005',b'swing0006',,,,7.775047450532716,,,,,,,,,,,,,,,,,,,,,,,168.8157263899676,,84.69927188955452,11.665381272156283,56.99359067094199,76.0032805049013,22.672857820355517,0.2941606810617255,28.64510664949009,7.351953720543594,11.46227331787098,,,
281,DOWN,,,b'stance0006',b'stance0006',b'stance0005',b'swing0006',,,,7.775047450532716,,,,,,,,,,,,,,,,,,,,,,,170.8456358295985,,84.69927188955452,11.665381272156283,56.99359067094199,76.0032805049013,22.672857820355517,0.2941606810617255,28.64510664949009,7.351953720543594,11.46227331787098,,,
282,DOWN,,,b'stance0006',b'stance0006',b'stance0005',b'swing0006',,,,7.775047450532716,,,,,,,,,,,,,,,,,,,,,,,,,84.69927188955452,11.665381272156283,56.99359067094199,76.0032805049013,22.672857820355517,0.2941606810617255,28.64510664949009,7.351953720543594,11.46227331787098,,,
283,DOWN,,,b'stance0006',b'stance0006',b'stance0005',b'swing0006',,,,7.775047450532716,,,,,,,,,,,,,,,,,,,,,,,,,84.69927188955452,11.665381272156283,56.99359067094199,76.0032805049013,22.672857820355517,0.2941606810617255,28.64510664949009,7.351953720543594,11.46227331787098,,,
284,DOWN,,,b'stance0006',b'stance0006',b'stance0005',b'swing0006',,,,7.775047450532716,,,,,,,,,,,,,,,,,,,,,,,,,84.69927188955452,11.665381272156283,56.99359067094199,76.0032805049013,22.672857820355517,0.2941606810617255,28.64510664949009,7.351953720543594,11.46227331787098,,,
285,DOWN,,,b'stance0006',b'stance0006',b'stance0005',b'swing0006',,,,7.775047450532716,,,,,,,,,,,,,,,,,,,,,,,,,84.69927188955452,11.665381272156283,56.99359067094199,76.0032805049013,22.672857820355517,0.2941606810617255,28.64510664949009,7.351953720543594,11.46227331787098,,,
286,DOWN,,,b'stance0006',b'stance0006',b'stance0005',b'swing0006',,,,7.775047450532716,,,,,,,,,,,,,,,,,,,,,,,,,84.69927188955452,11.665381272156283,56.99359067094199,76.0032805049013,22.672857820355517,0.2941606810617255,28.64510664949009,7.351953720543594,11.46227331787098,,,
287,DOWN,,,b'stance0006',b'stance0006',b'stance0005',b'swing0006',,,,7.775047450532716,,,,,,,,,,,,,,,,,,,,,,,,,84.69927188955452,11.665381272156283,56.99359067094199,76.0032805049013,22.672857820355517,0.2941606810617255,28.64510664949009,7.351953720543594,11.46227331787098,,,
288,DOWN,,,b'stance0006',b'stance0006',b'stance0005',b'swing0006',,,,7.775047450532716,,,,,,,,,,,,,,,,,,,,,,,,,84.69927188955452,11.665381272156283,56.99359067094199,76.0032805049013,22.672857820355517,0.2941606810617255,28.64510664949009,7.351953720543594,11.46227331787098,,,
289,DOWN,,,b'stance0006',b'stance0006',b'stance0005',b'stance0006',,,,,,,,,,,,,,,,,,,,,,,,,,,,,84.69927188955452,11.665381272156283,56.99359067094199,76.0032805049013,22.672857820355517,0.2941606810617255,28.64510664949009,7.351953720543594,11.46227331787098,18.159343055134716,8.654129356193796,14.407576473129048
290,DOWN,,,b'stance0006',b'stance0006',b'stance0005',b'stance0006',,,,,,,,,,,,,,,,,,,,,,,,,,,,,84.69927188955452,11.665381272156283,56.99359067094199,76.0032805049013,22.672857820355517,0.2941606810617255,28.64510664949009,7.351953720543594,11.46227331787098,18.159343055134716,8.654129356193796,14.407576473129048
291,DOWN,,,b'stance0006',b'stance0006',b'stance0005',b'stance0006',,,,,,,,,,,,,,,,,,,,,,,,,,,,,84.69927188955452,11.665381272156283,56.99359067094199,76.0032805049013,22.672857820355517,0.2941606810617255,28.64510664949009,7.351953720543594,11.46227331787098,18.159343055134716,8.654129356193796,14.407576473129048
292,DOWN,,,b'stance0006',b'stance0006',b'stance0005',b'stance0006',,,,,,,,,,,,,,,,,,,,,,,,,,,,,84.69927188955452,11.665381272156283,56.99359067094199,76.0032805049013,22.672857820355517,0.2941606810617255,28.64510664949009,7.351953720543594,11.46227331787098,18.159343055134716,8.654129356193796,14.407576473129048
293,DOWN,,,b'stance0006',b'stance0006',b'stance0005',b'stance0006',,,,,,,,,,,,,,,,,,,,,,,,,,,,,84.69927188955452,11.665381272156283,56.99359067094199,76.0032805049013,22.672857820355517,0.2941606810617255,28.64510664949009,7.351953720543594,11.46227331787098,18.159343055134716,8.654129356193796,14.407576473129048
294,DOWN,,,b'stance0006',b'stance0006',b'stance0005',b'stance0006',,,,,,,,,,,,,,,,,,,,,,,,,,,,,84.69927188955452,11.665381272156283,56.99359067094199,76.0032805049013,22.672857820355517,0.2941606810617255,28.64510664949009,7.351953720543594,11.46227331787098,18.159343055134716,8.654129356193796,14.407576473129048
295,DOWN,,,b'stance0006',b'stance0006',b'stance0005',b'stance0006',,,,,,,,,,,,,,,,,,,,,,,,,,,,,84.69927188955452,11.665381272156283,56.99359067094199,76.0032805049013,22.672857820355517,0.2941606810617255,28.64510664949009,7.351953720543594,11.46227331787098,18.159343055134716,8.654129356193796,14.407576473129048
296,DOWN,,,b'stance0006',b'stance0006',b'stance0005',b'stance0006',,,,,,,,,,,,,,,,,,,,,,,,,,,,,84.69927188955452,11.665381272156283,56.99359067094199,76.0032805049013,22.672857820355517,0.2941606810617255,28.64510664949009,7.351953720543594,11.46227331787098,18.159343055134716,8.654129356193796,14.407576473129048
297,DOWN,,,b'stance0006',b'stance0006',b'stance0005',b'stance0006',,,,,,,,,,,,,,,,,,,,,,,,,,,,,84.69927188955452,11.665381272156283,56.99359067094199,76.0032805049013,22.672857820355517,0.2941606810617255,28.64510664949009,7.351953720543594,11.46227331787098,18.159343055134716,8.654129356193796,14.407576473129048
298,DOWN,,,b'stance0006',b'stance0006',b'stance0005',b'stance0006',,,,,,,,,,,,,,,,,,,,,,,,,,,,,84.69927188955452,11.665381272156283,56.99359067094199,76.0032805049013,22.672857820355517,0.2941606810617255,28.64510664949009,7.351953720543594,11.46227331787098,18.159343055134716,8.654129356193796,14.407576473129048
299,DOWN,,,b'stance0006',b'stance0006',b'stance0005',b'stance0006',,,,,,,,,,,,,,,,,,,,,,,,,,,,,84.69927188955452,11.665381272156283,56.99359067094199,76.0032805049013,22.672857820355517,0.2941606810617255,28.64510664949009,7.351953720543594,11.46227331787098,18.159343055134716,8.654129356193796,14.407576473129048
300,DOWN,,,b'stance0006',b'stance0006',b'stance0005',b'stance0006',,,,,,,,,,,,,,,,,,,,,,,,,,,,,84.69927188955452,11.665381272156283,56.99359067094199,76.0032805049013,22.672857820355517,0.2941606810617255,28.64510664949009,7.351953720543594,11.46227331787098,18.159343055134716,8.654129356193796,14.407576473129048
301,DOWN,,,b'stance0006',b'stance0006',b'stance0005',b'stance0006',,,,,,,,,,,,,,,,,,,,,,,,,,,,,84.69927188955452,11.665381272156283,56.99359067094199,76.0032805049013,22.672857820355517,0.2941606810617255,28.64510664949009,7.351953720543594,11.46227331787098,18.159343055134716,8.654129356193796,14.407576473129048
