,direction_of_climbing,body_deflection_angle,speed_PXperS,stepphase_FL,stepphase_FR,stepphase_HR,stepphase_HL,step-length_FR,step-length_FL,step-length_HR,step-length_HL,dynamics_FL,dynamics_FR,dynamics_HR,dynamics_HL,mid_stance_wrist_angles_mean_FL,mid_stance_wrist_angles_mean_FR,mid_stance_wrist_angles_mean_HR,mid_stance_wrist_angles_mean_HL,limbROM_FL,limbROM_FR,limbROM_HR,limbROM_HL,spineROM_FL,spineROM_FR,spineROM_HR,spineROM_HL,CROM_FL,CROM_FR,CROM_HR,CROM_HL,shoulder_angle_FL,shoulder_angle_FR,shoulder_angle_HR,shoulder_angle_HL,knee_angle_FL,knee_angle_FR,knee_angle_HR,knee_angle_HL,fl_ti-fl_ti1,fl_ti1-fl_tm,fl_tm-fl_to1,fl_to1-fl_to,fr_ti-fr_ti1,fr_ti1-fr_tm,fr_tm-fr_to1,fr_to1-fr_to,hr_ti-hr_ti1,hr_ti1-hr_tm,hr_tm-hr_to1,hr_to1-hr_to,hl_ti-hl_ti1,hl_ti1-hl_tm,hl_tm-hl_to1,hl_to1-hl_to
0,b'DOWN',4.321945730888227,2016.15,b'stance0000',b'stance0000',b'stance0000',b'stride0001',,,,237.18316630436516,,,,,,,,,,,,3.7453494564657888,,,,1.2665814200642056,,,,-63.918227975384184,,57.698822836589216,132.92905173430898,71.35433447543305,,,146.42225877875373,,32.15348744807864,41.19843007256609,26.003184910969217,36.75249792018162,10.862332367127381,35.905862255689925,86.72709418506899,41.12136343920676,26.3126233748617,8.394817585407132,83.96791352664162,0.08726695754361628,77.18667095994589,1.08568495704945,79.32264683793152,35.575364047631325
1,b'DOWN',4.575813696002058,2016.15,b'stance0000',b'stance0000',b'stance0000',b'stride0001',,,,237.18316630436516,,,,,,,,,,,,3.7453494564657888,,,,1.2665814200642056,,,,-63.918227975384184,140.44752846816255,60.42512475213174,129.50663794909087,,71.83868359057358,,143.0672188415449,,33.09270591983196,42.35927902202919,25.353629410555445,33.45887040094402,8.521888611406036,39.080792649504076,86.07022065967776,54.125481378149516,23.145603516265705,8.954094861440277,82.57653929759458,0.11618979775760838,2.3954485927877434,9.504303564088804,80.84186954445653,21.64157091215607
2,b'DOWN',4.348875056313867,2705.1800000000003,b'stance0000',b'stride0001',b'stride0001',b'stride0001',59.398617318607585,,0.0,237.18316630436516,,96.91332507895142,39.305899239129914,,,,,,,37.67819143694988,,3.7453494564657888,,1.424432984957409,,1.2665814200642056,,63.43061223437624,,-63.918227975384184,,12.347049237385875,126.51621112867576,,,64.57500677606548,142.2601617082592,,32.49304879112419,43.98482214809264,26.37046290268644,27.232221547793618,4.779076316904431,25.21842722699655,34.547908815141426,72.50998628460663,23.771142270173147,10.169087621416354,81.93397958442895,0.1376743505092268,78.3398207556915,8.977443153145382,76.49883651970535,21.679898314945305
3,b'DOWN',4.3477179454465515,1787.525,b'stance0000',b'stride0001',b'stance0001',b'stride0001',59.398617318607585,,,237.18316630436516,,102.6650857095771,,,,,,,,37.67819143694988,,3.7453494564657888,,1.424432984957409,,1.2665814200642056,,63.43061223437624,,-63.918227975384184,,7.25249061785442,129.57743114419168,,,,141.33151179912176,,29.97643282466563,46.56086179440759,24.554199206038916,24.501329882597904,32.214101291159,32.72492691747965,81.81605973769031,23.01758876336632,21.17706355708081,10.37267158601835,82.2275240077076,0.2842496919772536,73.52049143356275,1.5459807708457796,72.13205938081309,38.48780083917889
4,b'DOWN',4.640751621079513,2469.26,b'stance0000',b'stride0001',b'stance0001',b'stride0001',59.398617318607585,,,237.18316630436516,,107.65002224864305,,,,,,,,37.67819143694988,,3.7453494564657888,,1.424432984957409,,1.2665814200642056,,63.43061223437624,,-63.918227975384184,,0.03705728369104122,23.67692216908756,,,,29.182254083878632,,36.238247292508625,44.6976421245838,22.99527082748892,23.98032338352831,41.36045213111598,35.01281414590454,80.11318807801857,47.32034843639407,19.527935706706778,10.919585869472305,81.86934213980555,0.22374085020267845,24.464109700859233,1.2384542234063118,67.77471626029009,41.30261929213389
5,b'DOWN',4.426521782476713,2479.865,b'stance0000',b'stride0001',b'stance0001',b'stride0001',59.398617318607585,,,237.18316630436516,,128.53506293086232,,,,,,,,37.67819143694988,,3.7453494564657888,,1.424432984957409,,1.2665814200642056,,63.43061223437624,,-63.918227975384184,,142.46316580363361,20.502325636385052,128.43877643769372,,,26.207242286889965,,33.25726153492742,50.928359561047685,23.06983977611722,23.358390670199306,87.9102674421612,66.39860148439764,78.22853410922708,51.659470127355384,18.675914700994564,8.255223549554824,82.11936546087179,0.25158806773925685,10.679968530935385,0.1581915818712474,51.17422245280285,11.642728068936188
6,b'DOWN',5.096426491937336,2356.545,b'stride0001',b'stride0001',b'stance0001',b'stance0001',59.398617318607585,0.0,,,137.7586901397178,131.1436090823931,,,,,,,,37.67819143694988,,,,1.424432984957409,,,,63.43061223437624,,,106.63509271685128,144.9434652200245,135.2346079023557,,54.05921626654977,,133.58408101592346,,34.475322031463044,50.552624316248895,22.708335880418858,30.718441750777544,29.867115996788716,27.738004603898617,83.22092695937073,48.95016784041929,19.720935491316382,8.472826354002315,81.0671038811976,0.16686712299019926,11.067240762593348,0.21851731073017844,51.64808947256876,11.592465066101509
7,b'DOWN',4.7988143433399895,2415.96,b'stance0001',b'stride0001',b'stance0001',b'stride0002',59.398617318607585,,,56.64751873322165,,130.47739068212547,,,,,,,,37.67819143694988,,,,1.424432984957409,,,,63.43061223437624,,,111.70397902826787,151.1133019791459,137.62407427196644,131.6177827966322,58.92044617496151,,132.2210369895766,,35.53245830513043,51.145715156863155,24.10519025803777,27.56724261759214,66.57109330517874,64.73666387195085,77.27700173136745,48.41849904314162,18.83554548307693,8.107014176118433,80.60819652581736,0.2358663081025968,61.497583785636095,3.8671412775244347,73.59686489927854,21.119698264710415
8,b'DOWN',5.174565207740831,2368.71,b'stance0001',b'stride0001',b'stance0001',b'stride0002',59.398617318607585,,,56.64751873322165,,134.5915165159013,,,,,,,,37.67819143694988,,,,1.424432984957409,,,,63.43061223437624,,,100.43921540277073,147.48423223847286,136.7739124700608,129.26114077455338,59.19313634839594,,126.929813276107,,34.84409636258996,52.023195490375464,24.02015292376584,25.04411210392002,39.395351206143566,23.563213957327264,72.88755619015447,74.35375701830064,19.851511536709648,10.246675971530024,76.89535793372325,14.397691870684554,0.6632855216184084,2.175490230728822,70.97372843871825,17.611160103513466
9,b'DOWN',5.520854492976371,2609.7250000000004,b'stride0002',b'stance0001',b'stride0002',b'stride0002',,0.0,0.0,56.64751873322165,,,50.257272005485724,,,,,,,,,,,,,,,,,,107.51196874368505,150.5702792387239,137.28330337623422,143.1650328060506,63.87501767592926,,127.07089979932675,,30.30263072095789,65.07699466397868,28.334054685839575,22.421640908991204,44.40975047084707,30.3545143401158,1.4750612080839738,29.156435620441723,22.21967934100906,12.319536119845223,75.47534495170936,21.007279206748194,10.889887313901427,0.33033799189599256,52.37744944542878,51.648340133064266
10,b'DOWN',5.062456815335782,2249.975,b'stance0002',b'stance0001',b'stance0002',b'stride0002',,,,56.64751873322165,,,,,,,33.204083367148286,,,,,,,,,,,,,,98.85090508252918,144.38014200981064,142.07205189837438,138.6642036734651,66.44628256924054,,124.53522252387242,,35.84453275799174,63.60400622661367,29.409014861815052,15.641044358886399,30.406161678462677,24.961087259590926,1.478316477474755,11.518191350225745,21.365560285663133,13.255835823887574,73.81753497499342,20.945359597593267,0.1545527074862624,1.4544429340832277,71.6059620104163,67.83085501171337
11,b'DOWN',5.464397235418366,2597.24,b'stride0003',b'stride0002',b'stance0002',b'stance0002',24.577601225954236,4.585834846553973,,,,139.96383534147435,,,,,33.204083367148286,,,,,,,,,,,,,,104.53345836082748,141.09931708061876,142.76742428134696,148.83798084164678,70.80356050200642,,124.94334097770559,,79.49690472185337,8.339428335124248,17.421377037574306,28.07201860674203,27.90670127049383,61.97009334060232,6.40208954542141,16.273260765851823,22.724451265095528,14.446396144649098,71.31483774146581,23.76809085048518,0.13391247065210415,1.3516476916498934,72.22539719618968,68.31460629120654
12,b'DOWN',5.598244253220007,2435.2799999999997,b'stride0003',b'stride0002',b'stance0002',b'stance0002',24.577601225954236,4.585834846553973,,,,140.25476015572386,,,,,33.204083367148286,,,,,,,,,,,,,,101.7767350270406,138.3734199303577,140.5639622631379,151.3902404188225,,,118.24967327739546,,27.44591694563232,78.85453007472452,86.53858492771705,71.27911561966599,54.13102318494993,61.93258644154087,54.953536656155435,9.66860662607213,22.70829789031591,12.75733665787714,15.687547757236143,80.07125616770405,0.18839138278765874,1.5773531325895713,72.26477559382808,68.66657539682792
13,b'DOWN',5.869069283790781,2191.49,b'stance0003',b'stance0002',b'stance0002',b'stance0002',,,,,,,,,,,33.204083367148286,,,,,,,,,,,,,,96.58759865502199,133.58497716680475,146.13131825744713,156.1810683864415,,,120.08609592295161,,25.656216874646613,84.22819290640597,83.18718089875975,70.50407957922924,46.82497363598295,76.73800642835546,59.013630164485114,10.611457804292016,20.642367587182424,14.372434557560242,76.96541158522962,9.091111668977561,1.557924265254108,1.566651629668288,71.87887311743631,68.33152189401264
14,b'DOWN',6.564783019819652,2715.3,b'stance0003',b'stride0003',b'stance0002',b'stance0002',269.12017194257453,,,,,142.7488048025035,,,,,33.204083367148286,,,,,,,3.764487673710561,,,,-5.043558837547181,,,104.05651911981597,145.36336608855777,144.35776562954717,157.05018745462274,,,116.39579123634277,,15.945923172790012,27.89392991766158,8.88646426847302,16.83041352364118,5.45577658846679,37.22690044132505,1.2111687383706147,8.498459569225755,24.379496949651344,13.500336799618244,78.46906905707476,6.588942714010528,5.195395663221738,1.8955297005213656,72.97561484758683,68.92259780506097
15,b'DOWN',7.070668245602745,2382.5600000000004,b'stride0004',b'stride0003',b'stance0002',b'stride0003',269.12017194257453,0.0,,0.0,,142.69177534913362,,,,,33.204083367148286,,,,,,,3.764487673710561,,,,-5.043558837547181,,,94.1368285165184,135.61782841932074,146.75492980708003,160.2134004319576,,,114.64418025159584,,2.02991999151045,1.1463542385051115,2.366974916183264,49.94650685088912,38.65055013577013,49.0342296908245,2.34199821618629,67.15383140488217,25.860258967827633,11.833080354969596,78.73461032720178,4.213161927614578,13.355341512092627,5.4836369280477575,76.08696873065483,71.06982155606389
16,b'DOWN',7.876945186314166,2570.065,b'stance0004',b'stride0003',b'stance0002',b'stance0003',269.12017194257453,,,,,144.17991908596926,,,,,33.204083367148286,,,,,,,3.764487673710561,,,,-5.043558837547181,,,,135.61619286529543,155.5873442210444,165.7886124518911,,,115.4364837433973,,4.798554747800649,1.2517462783513058,2.4208635963631155,48.05939968374698,55.90791475371056,36.83362248528627,0.889895144600809,15.212670160934113,25.20733803176492,13.51931073232641,13.40141352438766,81.42481816915934,30.79888683751732,3.955229148300083,38.11713290851429,34.05617356723113
17,b'DOWN',8.276339865161933,2500.085,b'stance0004',b'stride0003',b'stance0002',b'stride0004',269.12017194257453,,,149.26667069125602,,138.7713767994112,,,,,33.204083367148286,,,,,,,3.764487673710561,,,,-5.043558837547181,,,,143.80688481910073,154.08697572012633,169.71740250784038,,,115.43625443188154,,5.4947886814040245,1.0496460856882557,2.395871079709207,46.54675331756512,10.217850835070486,52.82944338158701,43.70938019413245,66.921569900021,25.190311069050104,15.075141893926064,12.511936568068263,84.04092960717367,7.266681675780049,1.2488797568993284,25.715086018670103,29.581662303389948
18,b'DOWN',8.21316947695696,2289.84,b'stance0004',b'stride0003',b'stance0002',b'stride0004',269.12017194257453,,,149.26667069125602,,143.35683957550756,,,,,33.204083367148286,,,,,,,3.764487673710561,,,,-5.043558837547181,,,,138.3018256884864,155.63999770977603,176.86517898834467,,,113.85851856576096,,35.416505541219486,30.748963826297114,1.8386198250025743,42.98706032537173,6.648319903159745,56.14514773881431,37.23043615713656,70.26854345516318,17.807484772152044,20.059244532909155,12.828586934089577,82.0562702429262,24.695688931086668,4.357352923817122,25.886899636413762,31.77110689981064
19,b'DOWN',8.854376474117705,2598.255,b'stance0004',b'stride0003',b'stance0002',b'stance0004',269.12017194257453,,,,,145.73187841907261,,,,,33.204083367148286,,,,,,,3.764487673710561,,,,-5.043558837547181,,,,132.67483316217357,157.78665668982984,177.91982028181965,,88.96741556413816,109.52273556291331,,35.78293744304844,30.767709755145887,1.3550645403412507,42.325367575887206,14.490814553618476,82.8618986070749,23.933533583339354,2.0522206649481456,18.488862556353943,18.42630835481809,12.466016208668547,76.92171120095036,6.575994016499149,4.619210154928967,24.05996619567328,32.40132418848472
20,b'DOWN',8.956135147188519,1896.695,b'stride0005',b'stride0003',b'stride0003',b'stance0004',269.12017194257453,178.78088087505773,5.1481045676275015,,,143.8465021839354,79.42874343430104,,,,,,,,,,,3.764487673710561,,,,-5.043558837547181,,,,130.55696045646965,159.71667843796152,176.61622071981122,,82.39213391400727,107.78294096179367,,6.827204534329893,66.63047796728729,14.091077318649377,81.74341413565723,57.76118140408434,1.3076744389768877,1.7143622536301844,12.034288332994606,18.59232906532312,18.05164077310608,11.17244803418707,78.76254329991343,11.096148870636295,89.48288046013052,2.9867981535576766,78.06326263082103
21,b'DOWN',9.013525093650737,2146.835,b'stride0005',b'stride0003',b'stride0003',b'stride0005',269.12017194257453,178.78088087505773,5.1481045676275015,0.0,,138.3408977063424,81.48288278282011,77.20816002779333,,,,,,,,,,3.764487673710561,,,,-5.043558837547181,,,,142.92350443869046,165.5511663579796,178.3620690186545,,85.4374670875549,109.72099446669428,,2.5379989325781427,33.253857008716466,1.3678511010721348,38.1225313044099,16.42565192489051,62.49195794694491,7.533988796205335,8.650378892165406,25.49851217201598,10.946850565188617,11.208089472671073,81.74302705587885,56.51882969461821,48.93116988769607,36.10773106152109,77.07332103198718
22,b'DOWN',8.947261423808246,2316.555,b'stride0005',b'stride0003',b'stance0003',b'stance0005',269.12017194257453,178.78088087505773,,,,141.51032770589225,,,,,51.85653197612737,,,,,,,3.764487673710561,,,,-5.043558837547181,,,,136.62537871883842,164.00660725941415,174.78042650417524,,,108.82216282517668,,1.542285643949949,30.413267184462484,1.2422272364524425,83.07707639877027,36.66463980577643,3.268499636503999,77.5061714148462,27.104870581369642,7.881139361561509,44.52959998587716,11.750392038195809,80.84706686957597,79.2086700852489,1.8011262508546915,39.00905472694416,74.46551615301368
23,b'DOWN',8.8515762147748,2098.815,b'stance0005',b'stride0003',b'stance0003',b'stance0005',269.12017194257453,,,,,141.2983813231405,,,,,51.85653197612737,,,,,,,3.764487673710561,,,,-5.043558837547181,,,,132.11330429988735,172.80757223163252,172.09423193673567,,,112.14666583361534,,1.197491125180808,25.73564004844789,0.7343037032874508,4.088469512940094,25.32311418762595,8.485791855453535,11.341117231484564,5.992339583520476,24.92799884715437,11.85600570630947,11.343431876005248,80.63626215593206,85.91265601811335,3.5615258014356423,2.464058595689238,73.65935426700052
24,b'DOWN',9.239780095221228,2328.1,b'stance0005',b'stride0003',b'stance0003',b'stance0005',269.12017194257453,,,,,134.27984977924135,,,,,51.85653197612737,,,,,,,3.764487673710561,,,,-5.043558837547181,,,,78.01735239869355,175.27691808918826,170.53651190359324,,,114.44724342566926,,1.9649961511247036,21.950623995765397,0.2817741209601803,2.977477598070101,6.100435946133627,0.539499693476241,89.00425975601681,20.605813099485054,25.990980093400534,11.72793179623131,69.81306631987539,21.925983796860834,75.4936135452659,3.9758957905097736,0.8082745537116125,70.2644243878297
25,b'DOWN',8.857766316448714,2031.175,b'stride0006',b'stride0003',b'stance0003',b'stance0005',269.12017194257453,302.6268923789282,,,154.34116380845865,125.44684282498567,,,,,51.85653197612737,,,,,,,3.764487673710561,,,,-5.043558837547181,,,,152.37423674195546,174.86554571977248,164.9183877412714,,52.66727514164147,116.16236472371624,,0.8710172614149404,17.28978956270464,4.562144303905865,10.663837055704777,13.175342682507505,59.01825074574823,34.075128714883476,34.5283353113669,24.523570043742918,12.184626995366518,68.95790877920977,21.537427463602597,28.017830596542296,4.040977515306178,2.1092242084723978,0.547908234965882
26,b'DOWN',9.426897255279075,1906.35,b'stride0006',b'stride0003',b'stance0003',b'stride0006',269.12017194257453,302.6268923789282,,0.0,157.16127904062847,122.8154997927386,,,,,51.85653197612737,,,,,,,3.764487673710561,,,,-5.043558837547181,,,,151.17535442371846,176.90961468346467,164.3398413693299,,47.61603362481986,118.16620823666429,,21.580702018831147,0.20007027006095887,7.788537589074985,9.275436145219736,3.647449195226286,52.61910317278323,27.20763245675413,36.989702687352185,24.15450991028498,13.518017372875686,68.11806816772686,23.912948476462986,89.47368484844327,3.8607549806541526,0.44900952845054576,70.20612093120683
27,b'DOWN',8.732474922950063,2131.485,b'stride0006',b'stride0003',b'stance0003',b'stance0006',269.12017194257453,302.6268923789282,,,146.8241824970566,117.82642501624468,,,,,51.85653197612737,,,,,,,3.764487673710561,,,,-5.043558837547181,,,,148.18538582336262,178.5391460232788,162.80464891547547,,74.53113165495849,120.47464788577986,,0.9014171804154412,25.192824249250208,11.237742020958596,3.616012334232124,12.651084666295931,10.142444872329555,39.44178549144053,1.55790976345976,53.124390971004686,89.19661079457211,67.60175293281198,25.31461730992885,89.1730140925288,83.35496445932355,78.68827513274071,74.13118095953075
28,b'DOWN',8.928974857733497,1871.05,b'stride0006',b'stride0003',b'stance0003',b'stance0006',269.12017194257453,302.6268923789282,,,151.83707759414398,95.90172848155997,,,,,51.85653197612737,,,,,,,3.764487673710561,,,,-5.043558837547181,,,,,176.38822066722466,162.37856036672326,,,122.07771481666667,,9.499604729188391,23.33949091539924,15.999043110513988,3.410661672579778,8.594540800064644,1.4599700736089005,19.613291985654577,66.53492615836015,22.318773290045314,13.462023634244487,67.72198734633017,24.622271887706376,2.7623320694220865,3.410793971308864,79.49970312187995,77.80452500613434
29,b'DOWN',8.68721874164377,1792.81,b'stride0006',b'stride0003',b'stance0003',b'stride0007',269.12017194257453,302.6268923789282,,198.99658100819101,118.46308885194995,113.79706636492175,,105.54535371432573,,,51.85653197612737,,,,,50.98889257397208,,3.764487673710561,,3.143704983556148,,-5.043558837547181,,-9.949092572660305,,,177.94628621789695,158.64535152900655,,,122.93103395976127,,24.704741658915765,45.54619862677821,21.962777174473153,8.289641408284439,29.46027870818171,24.787024051149395,19.11800879815665,47.66226258016629,21.582005510845118,13.691368283861317,67.2550285827956,24.70949609053764,1.3533781139965195,4.765653877297899,45.557473112504226,47.309076269855524
30,b'DOWN',8.122470490391592,2180.235,b'stride0006',b'stride0003',b'stance0003',b'stride0007',269.12017194257453,302.6268923789282,,198.99658100819101,151.40659945004924,114.00434928199338,,108.43291059555672,,,51.85653197612737,,,,,50.98889257397208,,3.764487673710561,,3.143704983556148,,-5.043558837547181,,-9.949092572660305,,,165.65017859593084,160.18219407156087,,,127.79827548057386,,57.07430568446786,35.10400597791107,18.448552101306156,40.5596856427663,30.991082118149837,37.57325381237143,86.937860804956,40.58176826847458,50.314601374069184,2.752051904308023,25.865282859199027,23.0542562553224,25.055182578395865,69.64511003967779,7.542801588495649,42.90623494151146
31,b'DOWN',7.612385340090517,1834.02,b'stride0006',b'stride0003',b'stance0003',b'stride0007',269.12017194257453,302.6268923789282,,198.99658100819101,115.698687112757,113.0223592555923,,112.40992616560335,,,51.85653197612737,,,,,50.98889257397208,,3.764487673710561,,3.143704983556148,,-5.043558837547181,,-9.949092572660305,,,161.56545563228366,158.76996540987074,,,132.317866718105,,77.6144682706178,18.957966924873073,30.404693697089286,37.57178329975577,35.43479380540858,42.78022042984489,89.66857495526112,44.06610681557072,22.664302964007838,71.92594609975771,28.960914117227343,24.294236472786537,15.08655320798053,0.6859330328717342,6.6918351465023385,54.25416974818728
32,b'DOWN',6.995818865103304,1828.48,b'stride0006',b'stride0003',b'stance0003',b'stride0007',269.12017194257453,302.6268923789282,,198.99658100819101,11.456186178910304,37.37825628594311,,115.3094569332399,,,51.85653197612737,,,,,50.98889257397208,,3.764487673710561,,3.143704983556148,,-5.043558837547181,,-9.949092572660305,,,159.69379109491567,157.250171948701,,,134.36921043472134,,77.00401857625255,29.58724130518927,17.39978960635595,63.628894740856055,49.62926135792682,31.333713070184565,18.67693595594414,39.696567286671474,20.703184415288874,67.68776718994619,31.41672642703695,24.392291742393382,14.611908379263106,8.350748940721619,80.68789020033195,10.86337272344317
33,b'DOWN',,1463.1750000000002,b'stride0006',b'stride0003',b'stance0003',b'stride0007',269.12017194257453,302.6268923789282,,198.99658100819101,,,,,,,51.85653197612737,,,,,50.98889257397208,,3.764487673710561,,3.143704983556148,,-5.043558837547181,,-9.949092572660305,,,161.41357175182162,62.43157708145033,,,134.24801680050993,,84.93625170545815,36.79535686097703,13.320578087693326,38.48535996206505,44.34874977789615,35.12052155465616,18.68391373136259,46.78773227460858,48.53258022748657,1.0857362655087828,32.772302311031694,23.599232770974766,25.53028011281817,18.052488842786534,72.63393981126616,10.398355922332431
34,b'DOWN',5.479862648407596,2503.1949999999997,b'stance0006',b'stride0003',b'stance0003',b'stride0007',269.12017194257453,,,198.99658100819101,,30.244939688983944,,27.094002340716038,,,51.85653197612737,,,,,50.98889257397208,,3.764487673710561,,3.143704983556148,,-5.043558837547181,,-9.949092572660305,,,155.32159694966631,62.765376317282005,,,135.00025870235132,0.05590289883639343,5.355456565277407,57.37299523354142,58.34333973580344,2.8906781708485005,47.80394810208482,36.69377744710602,20.028711476207548,39.105312378825865,20.271871979827562,13.125181616369375,64.10146743693619,25.318040139726833,3.000959952293858,23.935991544222222,77.85448543323632,0.4494203218909692
35,b'DOWN',5.831913629356261,1424.45,b'stride0007',b'stride0003',b'stance0003',b'stride0007',269.12017194257453,159.29923452638215,,198.99658100819101,114.11099032688202,30.873212283966566,,27.794660710739382,,,51.85653197612737,,,,,50.98889257397208,,3.764487673710561,,3.143704983556148,11.953618773866438,-5.043558837547181,,-9.949092572660305,,,150.91238440410626,57.2504904417263,,,137.5684755466861,1.1904471743897886,28.854948447228637,42.440314491869,60.76997422307918,38.408760251833044,45.662016178369235,31.12936981349902,20.897512598785383,48.60520268250342,45.01794773421673,0.6492018939442061,36.74204668982899,26.374726843530993,2.168241188823798,30.45690975580216,2.6509079104183515,64.3776347746486
36,b'DOWN',5.464928394035245,1401.245,b'stride0007',b'stride0003',b'stance0003',b'stride0007',269.12017194257453,159.29923452638215,,198.99658100819101,111.41710921256269,27.164077522402124,,27.425566863595694,,,51.85653197612737,,,,,50.98889257397208,,3.764487673710561,,3.143704983556148,11.953618773866438,-5.043558837547181,,-9.949092572660305,,,154.40599448898166,61.52386356360714,,,137.45220590583557,1.5819206162864532,5.3152201585998,62.442490611661185,62.60159340450355,3.2226206826885706,41.830422668727934,36.149346887744514,20.073843713023862,40.143522458666,20.831609401659083,66.91853664960486,37.93498407850212,27.889921253335302,1.3859329762887707,4.948384740600209,41.477706904858984,48.39217803849934
37,b'DOWN',5.140776235805002,2089.62,b'stride0007',b'stance0003',b'stance0003',b'stride0007',,159.29923452638215,,198.99658100819101,109.36554531946734,,,27.328484247930835,,,51.85653197612737,,,,,50.98889257397208,,,,3.143704983556148,11.953618773866438,,,-9.949092572660305,,,156.37425741946723,64.35474405636592,,,135.80375423504364,0.6290713297405546,21.375420917834834,30.23911051696566,49.12545327705163,22.10846459443644,40.22734624403494,36.23424876572175,19.8655287741591,45.72682324376079,18.216666956275713,15.912824765363222,62.01424015818681,28.213250910924955,6.877702873205531,41.87612742090683,54.30229171693769,87.84442078681008
38,b'DOWN',4.72044875114638,1886.96,b'stride0007',b'stride0004',b'stance0003',b'stride0007',0.0,159.29923452638215,,198.99658100819101,108.33545365492358,35.241393278919944,,27.907149329350926,,,51.85653197612737,,,,,50.98889257397208,,,,3.143704983556148,11.953618773866438,,,-9.949092572660305,,,148.69476902512028,60.629013270044524,,,140.70594916020443,1.4203426671484465,46.36203753724705,20.830306952933725,46.33645879195933,40.94639623640876,44.103252999170074,36.289651870990305,23.393246533871018,47.61803926663615,17.7162886053814,17.928723922119122,61.05609192821446,29.528183362912927,36.14960444014977,80.02355002112294,88.8709729094459,49.50566807116826
39,b'DOWN',5.348527656713268,1655.3600000000001,b'stride0007',b'stance0004',b'stance0003',b'stride0007',,159.29923452638215,,198.99658100819101,124.6354759239136,,,28.63183060383672,,33.036855570378705,51.85653197612737,,,,,50.98889257397208,,,,3.143704983556148,11.953618773866438,,,-9.949092572660305,,123.95597519182454,142.10618854734344,64.12570389290084,,161.44216554229595,143.4337813859907,0.9737460696830738,40.969100593369184,19.95081690951658,33.76238288028237,30.236862372926204,44.569087631764184,34.199310055481426,25.722764601495573,48.6099526011081,21.421885397757496,13.720813211574242,59.72156436526424,30.253467156855123,8.075685406105242,9.085381992728962,3.585699557611214,76.81286913694902
40,b'DOWN',4.891509318373274,1559.6100000000001,b'stride0007',b'stance0004',b'stance0003',b'stride0007',,159.29923452638215,,198.99658100819101,117.84991683501806,,,28.341231097179552,,33.036855570378705,51.85653197612737,,,,,50.98889257397208,,,,3.143704983556148,11.953618773866438,,,-9.949092572660305,,,141.76539382326428,62.161611644339374,,,143.80740998610204,0.20452266304238265,39.85153674551815,20.094540559235128,38.93941827579247,26.261585566420443,43.74706458595738,34.19138354146591,29.119110270316348,44.29852662259394,22.102427852877497,11.899612457670372,60.91999007407475,30.314403016329294,22.940325845799073,11.418861112815586,3.397376542010385,74.97069458126694
41,b'DOWN',5.020390218152044,1592.42,b'stride0007',b'stance0004',b'stance0003',b'stride0007',,159.29923452638215,,198.99658100819101,112.45420085055349,,,28.497871227948252,,33.036855570378705,51.85653197612737,,,,,50.98889257397208,,,,3.143704983556148,11.953618773866438,,,-9.949092572660305,,143.51320412855523,142.8981280607171,63.737090032555955,,120.91699950372092,143.09656372318545,0.45074407764263924,35.48115728688305,25.566434534386065,22.259074685503045,43.54586428700671,44.22771479124031,33.8837915396306,28.685000400110177,43.0966371747959,20.572260678459184,11.476913914228474,60.10246277945649,32.10792774871817,24.416362400235908,17.05244311891228,3.4186458055631586,70.49600347627218
42,b'DOWN',5.475111395300282,1500.87,b'stride0007',b'stance0004',b'stance0003',b'stride0007',,159.29923452638215,,198.99658100819101,106.0124407309475,,,29.392321936618956,,33.036855570378705,51.85653197612737,,,,,50.98889257397208,,,,3.143704983556148,11.953618773866438,,,-9.949092572660305,,,137.89429055559557,62.25151521737308,,,144.53192800918652,1.582393106866931,35.22301282069954,23.572897079668003,18.314572200374222,45.2610889148099,41.45297820437837,32.35637277560156,24.474412898736183,45.81054774263412,21.691988722196477,11.281598279374569,59.193775313902805,33.30285112123585,26.89788148350429,2.047130685160594,22.493225664938187,69.9302290347985
43,b'DOWN',5.454610422911721,1442.955,b'stride0007',b'stance0004',b'stance0003',b'stride0007',,159.29923452638215,,198.99658100819101,102.926941007416,,,29.36721789670107,,33.036855570378705,51.85653197612737,,,,,50.98889257397208,,,,3.143704983556148,11.953618773866438,,,-9.949092572660305,169.79315258797365,,135.82891721396848,57.91085758610312,87.95668020093136,,146.4571847096253,1.7399505977056435,40.63199246462789,21.537752447471664,21.86673934099945,42.15761211603749,35.2991317391953,31.62955656368674,29.09996627883448,33.3654043663914,20.449831554793782,68.12216714616723,2.528573668427687,34.26353514187926,26.057904806478486,26.0391053249254,5.008942472173961,56.09938526385067
44,b'DOWN',5.588163683056119,983.7049999999999,b'stride0007',b'stance0004',b'stance0003',b'stride0007',,159.29923452638215,,198.99658100819101,101.54087610559057,,,29.45068870881942,,33.036855570378705,51.85653197612737,,,,,50.98889257397208,,,,3.143704983556148,11.953618773866438,,,-9.949092572660305,173.99311791519156,169.94775279465574,136.90209507340677,,85.67146887964016,61.21013962232618,142.7330112236943,,40.05338174394711,23.375223667493433,20.494657849463714,42.552567574245344,38.78578224919207,26.075810273269727,29.969169103368213,37.59098525103168,18.744250806680416,10.917068245008805,58.219837755756714,33.6701947656866,29.550628122432887,14.823316747984222,17.58247038413947,56.33475391445847
45,b'DOWN',5.29414165734079,985.605,b'stride0007',b'stance0004',b'stride0004',b'stride0007',,159.29923452638215,334.0332711225434,198.99658100819101,98.72579012009265,,138.49644795490767,29.19608707083564,,33.036855570378705,,,,,112.93883660229446,50.98889257397208,,,2.086080163088478,3.143704983556148,11.953618773866438,,-7.972970346239563,-9.949092572660305,170.67253073680632,169.60710677745814,140.3108905277482,61.273745234681385,86.91049898911898,59.80091429016953,137.82295540151208,3.9368735180996453,34.97160948949099,23.171370211133326,19.256775300466714,40.90210519378591,39.05854349022062,28.62662825966226,28.425906991190324,43.34457383351089,16.830699137084096,11.482088905393889,57.80755297939065,22.696869925100486,27.187764349716282,3.47507919466031,38.096030293081384,48.42155433678538
46,b'DOWN',4.714017085307208,1155.06,b'stride0007',b'stance0004',b'stride0004',b'stride0007',,159.29923452638215,334.0332711225434,198.99658100819101,95.8706664600088,,137.31559343069623,80.50350242413764,,33.036855570378705,,,,,112.93883660229446,50.98889257397208,,,2.086080163088478,3.143704983556148,11.953618773866438,,-7.972970346239563,-9.949092572660305,175.71979185271806,163.68312404612698,139.82300162838493,174.44907540652457,89.95701574211043,54.568347887514435,128.65899865604018,69.40073626926201,35.58839122588427,21.703888080767452,17.54291953459661,42.93787997052543,39.553573800151376,29.002584093308567,25.39110041331507,43.5260415541762,14.787120054177105,7.327588792973664,52.49147094484847,16.427978071356222,30.246026803994294,24.705634936225156,15.948482945752986,46.7435167773087
47,b'DOWN',4.182334769685385,1133.25,b'stride0007',b'stance0004',b'stride0004',b'stride0007',,159.29923452638215,334.0332711225434,198.99658100819101,96.81787863224811,,31.233267783893854,76.72945232472367,,33.036855570378705,,,,,112.93883660229446,50.98889257397208,,,2.086080163088478,3.143704983556148,11.953618773866438,,-7.972970346239563,-9.949092572660305,177.4566941542997,161.4430391274584,49.34246013625702,174.20758993982577,88.03823022818719,49.2361088252774,5.613647163632493,71.91041477657505,36.27704760206631,25.312949791797518,20.04351656621572,42.26186405318527,39.166708222545594,25.984924197038477,28.792170309324238,36.378737363037466,16.330595589122257,5.430463127131985,47.68681868276866,23.584019530850867,27.471338092338268,22.53475819401259,15.337348113512206,50.57017659158858
48,b'DOWN',3.9080940820639127,867.1949999999999,b'stride0007',b'stance0004',b'stride0004',b'stride0007',,159.29923452638215,334.0332711225434,198.99658100819101,95.58126199888478,,129.0758404659408,73.21247034539337,,33.036855570378705,,,,,112.93883660229446,50.98889257397208,,,2.086080163088478,3.143704983556148,11.953618773866438,,-7.972970346239563,-9.949092572660305,174.3041059818541,179.3346440409758,146.4434454112319,165.27444023466074,88.7455716619493,81.93212972554518,110.86634623044895,73.93613616041193,34.606520996270994,24.168349899771435,18.35375421851373,44.66731892540429,38.12386607714907,22.111808948011554,29.524657623359083,37.915363906760774,10.967479230458052,39.63708084349017,5.736549585813806,45.64591457107434,23.9611129529943,22.605045307587698,16.226405842546676,56.70351765847965
49,b'DOWN',4.079288974135589,995.52,b'stride0007',b'stance0004',b'stride0004',b'stride0007',,159.29923452638215,334.0332711225434,198.99658100819101,95.7947405112997,,122.70975211666713,67.63768608641846,,33.036855570378705,,,,,112.93883660229446,50.98889257397208,,,2.086080163088478,3.143704983556148,11.953618773866438,,-7.972970346239563,-9.949092572660305,173.5846600219251,156.7829094358346,154.5566523456593,160.0028989300999,87.51046076550935,46.104192124670874,101.40909251427009,74.0876737963274,34.28844883428125,23.682340114932728,19.103997630179627,45.91145848365337,37.85282495932742,23.048566528868854,29.508446404685174,37.34217090797947,8.412198205637253,9.4601094826065,34.84216939748711,46.000390473328906,22.114464515190488,22.832439227306278,17.21807222515651,60.546106230998724
50,b'DOWN',2.9377653068735503,1056.76,b'stride0007',b'stance0004',b'stride0004',b'stride0007',,159.29923452638215,334.0332711225434,198.99658100819101,95.57765277957517,,111.99177869185988,64.60891003875915,,33.036855570378705,,,,,112.93883660229446,50.98889257397208,,,2.086080163088478,3.143704983556148,11.953618773866438,,-7.972970346239563,-9.949092572660305,175.84223077445654,158.8979367386108,168.00639226763386,160.79243708262203,87.8726679776667,43.755815862706186,96.18200311629177,75.38331672210155,33.68350356839835,24.407051329087842,20.47044586833731,45.70614832364954,38.84396063993378,21.83652232779705,30.480303720255336,34.05011805445404,10.108232434551606,69.65016100471104,27.599363147474577,42.88586352773703,25.335886189691603,18.707840407086415,18.295287102999694,71.9573888049708
51,b'DOWN',2.240880339738488,1011.275,b'stride0007',b'stance0004',b'stride0004',b'stride0007',,159.29923452638215,334.0332711225434,198.99658100819101,94.56192548985916,,103.67766729934466,63.224349875812464,,33.036855570378705,,,,,112.93883660229446,50.98889257397208,,,2.086080163088478,3.143704983556148,11.953618773866438,,-7.972970346239563,-9.949092572660305,174.2866902254592,155.76796722782439,174.51795432426061,162.32720237126125,88.60856172725933,40.74020987515169,94.82400371927027,79.64749458452421,32.522627226764406,25.683459800395973,19.489269702911237,48.33507263066622,37.276738621321655,21.591823824407978,31.446476921999796,31.164301333526307,12.083686059957627,9.76252560777335,71.4874851388603,2.1812104511822525,22.187220134920835,20.07362494136841,19.828870463336933,56.41477250988728
52,b'DOWN',1.533074563998585,1002.1949999999999,b'stride0007',b'stance0004',b'stride0004',b'stride0007',,159.29923452638215,334.0332711225434,198.99658100819101,92.81641412399325,,96.01779690512659,61.25785873095151,,33.036855570378705,,,,,112.93883660229446,50.98889257397208,,,2.086080163088478,3.143704983556148,11.953618773866438,,-7.972970346239563,-9.949092572660305,178.23828385314957,157.73796879020605,177.79018067248214,160.88526427337365,90.29993083219733,39.763692910243776,94.1189268369886,86.66006836472248,34.01529942730882,25.48488896828793,18.999622005453052,46.387795369508936,35.96361851063386,18.36263296572159,7.835103038939394,47.367400406432125,18.360166516856648,12.820154202762806,69.35704154282445,1.3583520621577765,26.218780164231596,19.17060409640364,19.20871125151441,75.58316354234633
53,b'DOWN',0.9672072424007119,762.0350000000001,b'stride0007',b'stance0004',b'stride0004',b'stride0007',,159.29923452638215,334.0332711225434,198.99658100819101,91.96233646800138,,85.64349191574632,59.07349660149589,,33.036855570378705,,,,,112.93883660229446,50.98889257397208,,,2.086080163088478,3.143704983556148,11.953618773866438,,-7.972970346239563,-9.949092572660305,172.23162479114922,156.8902275634447,176.14576076769188,155.95082392344017,89.33645392184106,40.81346119087726,92.11627868590433,89.53804633777592,31.596832626533782,25.228061159742353,18.190353120492333,47.00705065767345,35.99303436583845,13.898184647385897,14.773846563730928,42.828396549054986,16.194648639088275,42.800950956852596,5.425254831748056,39.84436109780337,26.86358067645356,18.365398311209287,18.560733557160283,72.12246334942836
54,b'DOWN',0.4279711878813119,743.525,b'stride0007',b'stride0005',b'stride0004',b'stride0007',11.662870363589096,159.29923452638215,334.0332711225434,198.99658100819101,91.67212797620886,121.29849034711205,74.94826795309089,57.327327696232835,,,,,,,112.93883660229446,50.98889257397208,,,2.086080163088478,3.143704983556148,11.953618773866438,,-7.972970346239563,-9.949092572660305,174.94376917178474,151.24564940967022,166.0599866764852,156.7700933662456,87.61749897059273,37.40781185234627,87.1567418625211,93.28271022964407,32.621362917251005,25.42144335823068,19.158153319692026,48.0002999274592,34.0203610767544,20.858128527126063,30.913953779364753,15.305233287805722,29.757937725802723,3.139359413113302,44.526167667486085,17.490595797648936,31.934925486154718,18.611349761810576,20.655210095885096,81.04118963178969
55,b'DOWN',0.013804588604434133,804.19,b'stride0007',b'stride0005',b'stride0004',b'stride0007',11.662870363589096,159.29923452638215,334.0332711225434,198.99658100819101,89.79624722085087,120.77763669671322,63.35796092814734,54.55646114035366,,,,,,,112.93883660229446,50.98889257397208,,,2.086080163088478,3.143704983556148,11.953618773866438,,-7.972970346239563,-9.949092572660305,172.18234259527947,152.6811575388262,158.36496552307852,151.38212532736202,88.63623347938993,35.48663063895239,84.39457753209648,90.57385715604084,34.427787039154786,25.995748509455094,20.275242238649,47.258659918233825,32.29729162508958,20.835442371652515,33.97983663439002,34.09187113113162,32.92671584243254,13.3622820134326,51.02601574935514,0.7321687122252786,30.393199066781104,17.19863056433744,20.041547866146963,84.00641359011614
56,b'DOWN',0.2511490837635601,724.99,b'stance0007',b'stride0005',b'stride0004',b'stance0007',11.662870363589096,,334.0332711225434,,,126.9886790217955,56.10003266009112,,,,,92.79343340487493,,,112.93883660229446,,,,2.086080163088478,,,,-7.972970346239563,,173.66531200836246,148.21962608378212,151.42087869692705,150.16610513776362,87.686011282048,30.894741235884766,88.07106972214402,89.53803455246057,31.614143427156396,25.209416123107886,18.301578988674667,45.385018937762695,30.001453166573604,23.61307162885754,25.345863629023402,34.99162047080941,14.563046234801098,42.314570942146794,50.172280973290626,6.691384010580819,30.954488564874932,17.15691826066916,18.738780110394043,84.39422984863062
57,b'DOWN',0.9410121102496518,1105.505,b'stride0008',b'stride0005',b'stride0004',b'stance0007',11.662870363589096,10.621481114289823,334.0332711225434,,87.5068537938246,126.62634299766286,48.320697207547305,,,,,92.79343340487493,,,112.93883660229446,,,,2.086080163088478,,,,-7.972970346239563,,172.40987159071216,149.02308108051733,141.48274153161108,150.69533434367298,88.59480120033646,30.687782369990913,90.77958463219089,86.52862262841143,32.839163910716145,26.049203819041153,18.218105400406554,45.61835159446671,30.20703744836171,35.41395369709694,8.706143256992751,32.5475578600473,18.638681896533303,89.74964860605691,5.4876498891044,7.555468655937581,31.972369664849513,15.85603307873616,18.356416948886277,84.31759207908452
58,b'DOWN',2.404097351446358,613.05,b'stride0008',b'stance0005',b'stride0004',b'stance0007',,10.621481114289823,334.0332711225434,,87.44908552772041,,43.29042471630848,,,,,92.79343340487493,,,112.93883660229446,,,,2.086080163088478,,,,-7.972970346239563,,171.50891463004675,150.06774696570534,136.69857344235393,148.21558431114627,89.51628910878101,30.897118813216082,96.17722840960214,84.84617294021439,34.4990505606965,25.118894290610218,19.249975079397114,49.28244458519466,29.445470428118824,33.85024088441747,8.071513273721608,29.75253771749107,40.20427115356062,6.598770415139481,31.48177048588758,36.70190758670125,29.366163406861343,15.777734892596316,18.903227362621237,85.28324746775515
59,b'DOWN',3.0790654697408586,766.89,b'stride0008',b'stance0005',b'stride0004',b'stance0007',,10.621481114289823,334.0332711225434,,87.33984683841993,,37.46409954362998,,,,,92.79343340487493,,,112.93883660229446,,,,2.086080163088478,,,,-7.972970346239563,,178.53113827791546,150.26216255833674,129.10853102573395,150.32112877495587,89.59247190866336,27.031723128242533,102.2884112066104,81.85111359840937,37.538463799081214,24.049353135259697,19.6637594301499,48.02648569854293,28.856086105470432,33.58963234908887,23.045940565502605,46.46925711356778,48.405873859110365,4.779130167992036,29.797224820365585,27.85639648947111,29.589069115288137,15.251939848943705,19.3026954724738,85.84873273236842
60,b'DOWN',3.6051116123921574,458.97,b'stance0008',b'stance0005',b'stride0004',b'stance0007',,,334.0332711225434,,,,36.25922463604808,,,,,92.79343340487493,,,112.93883660229446,,,,2.086080163088478,,,,-7.972970346239563,,177.40647178554914,156.2001641981191,129.6037997281903,146.52770873638906,90.27842617388227,25.704871362680365,110.54380411094706,78.78780677696606,32.54590065600845,24.695822331964997,19.184322494194312,46.10791815746404,28.400052486500332,33.6895520860631,32.47032071884229,35.31415110631903,30.21801475351851,13.276653278515258,4.867351599794602,62.00062849379623,29.47026624459304,16.164846367962824,19.308413357713114,86.89298657550196
61,b'DOWN',3.7405095856069694,486.87,b'stride0009',b'stance0005',b'stride0004',b'stance0007',,289.23309703260907,334.0332711225434,,84.00307514274708,,35.365830633933186,,,,,92.79343340487493,8.802602192243938,,112.93883660229446,,3.7206449874062453,,2.086080163088478,,-10.398225953374876,,-7.972970346239563,,178.3241671150468,153.45459005127066,129.0239943136697,145.78767096547364,91.77288015648693,26.36771252180685,125.92466307733324,78.06092770903022,32.84822184402083,25.143208484072876,19.26194949829529,44.08603223399793,29.678947204864077,33.48410687190077,6.154364543114607,60.50454378124024,35.79562377377855,11.072263366028375,3.244634640195438,81.90517331617019,29.13804935236532,15.566895651791505,19.79856207774593,86.40967522238758
62,b'DOWN',3.6654005424871503,1118.8,b'stride0009',b'stance0005',b'stride0004',b'stance0007',,289.23309703260907,334.0332711225434,,81.05840944374442,,31.38265735440413,,,,,92.79343340487493,8.802602192243938,,112.93883660229446,,3.7206449874062453,,2.086080163088478,,-10.398225953374876,,-7.972970346239563,,179.49512150734918,149.71758395790795,129.53331170767655,145.5076505233227,95.63709237366155,26.315009180250826,132.072229995646,75.47110772248598,33.77351882827753,25.383838173246502,19.918732358815742,46.50342722606566,31.397083215490397,32.77661333269462,7.552592021161772,76.10743447766158,33.53433336457958,12.72475178047004,21.244218736248886,74.30011691493876,27.53051512446138,15.323777080216324,19.62812545959921,86.15081579701618
63,b'DOWN',4.1848163751796195,918.04,b'stride0009',b'stance0005',b'stride0004',b'stance0007',,289.23309703260907,334.0332711225434,,78.92700498530529,,27.11725966262994,,,,,92.79343340487493,8.802602192243938,,112.93883660229446,,3.7206449874062453,,2.086080163088478,,-10.398225953374876,,-7.972970346239563,,175.86168343983866,156.6692523787215,123.94786858880664,146.67478459859132,96.10867490869867,,132.93711061505374,76.28483509833235,35.5293156619263,24.315983999678316,20.17388057323896,48.280875052878244,31.954812055683217,35.48467536805643,6.852644764929723,11.694598504386732,28.639631071661732,14.874278247199861,19.297617953623035,86.68877658132742,27.280266987240008,15.996557481070692,19.697746998513143,86.89560939428982
64,b'DOWN',3.9985722725282944,1786.655,b'stride0009',b'stance0005',b'stride0004',b'stance0007',,289.23309703260907,334.0332711225434,,77.96424192677075,,23.019161416579134,,,,,92.79343340487493,8.802602192243938,,112.93883660229446,,3.7206449874062453,,2.086080163088478,,-10.398225953374876,,-7.972970346239563,,178.74930858629943,148.23791771494749,115.26207183288574,152.26540371504507,98.62284535436491,,133.23942077494223,78.05327507719458,34.2049163242424,24.484214727515223,20.015160372632685,45.4303590678852,30.730743313113265,35.91937426734723,5.687481505263664,62.12725626163338,33.57095856348213,16.15789804544108,24.235939366507782,70.81055886536306,27.398824373493518,15.654878819445917,19.69874489898205,87.67732315161683
65,b'DOWN',3.6107986048532226,1178.355,b'stride0009',b'stride0006',b'stride0004',b'stance0007',8.919928153962761,289.23309703260907,334.0332711225434,,76.10448641312509,125.9314880265963,25.557611352613193,,,,,92.79343340487493,8.802602192243938,,112.93883660229446,,3.7206449874062453,,2.086080163088478,,-10.398225953374876,,-7.972970346239563,,176.75224888017135,148.02057973574762,127.05242020560152,156.57930840718063,99.83148532889952,,131.3014144896614,79.84434925807435,33.8288714572964,25.72424839583453,18.19358690012887,44.76141467428903,59.224506310493275,43.35568117181622,6.073875432057009,48.88008666519706,30.17301848393509,15.118714962322661,22.756133654943355,66.45009734353701,26.815009831898088,16.32049279815126,19.538337378431738,88.31352436554147
66,b'DOWN',3.697304465488006,2230.47,b'stride0009',b'stride0006',b'stance0004',b'stance0007',8.919928153962761,289.23309703260907,,,75.65959776149506,125.41123874906485,,,,,,92.79343340487493,8.802602192243938,,,,3.7206449874062453,,,,-10.398225953374876,,,,177.61027278659793,152.97120168624656,123.53183187401677,156.05749783307883,102.13236567698465,,128.95807684149787,77.3256387124143,35.417141272961715,25.73613332295887,17.637611796638424,45.22705798484501,54.65079011252172,30.816768648656957,6.347616471704266,59.873671876396834,30.603032342910137,15.545283518054331,24.98007740524236,65.17592097396874,25.252025235886503,15.035527864671176,19.01377974494594,85.73571600601713
67,b'DOWN',2.767372344994571,2235.49,b'stride0009',b'stride0006',b'stance0004',b'stance0007',8.919928153962761,289.23309703260907,,,75.1685301511913,129.12381633036256,,,,,,92.79343340487493,8.802602192243938,,,,3.7206449874062453,,,,-10.398225953374876,,,,179.57743154943964,147.14003675364125,126.64312259198655,164.48350864856914,101.62575056296066,67.16597842791356,127.70717052769871,82.4702935694018,35.24295323245291,26.46124489103117,18.65182091536103,42.91195310313138,26.9166317697407,1.3412341199964268,4.675268709497868,46.26525281743849,30.503496388674336,14.119324955686388,25.031694983363998,64.91235506364455,25.348537980447187,15.484840160702227,19.133812210429124,85.91957359088782
68,b'DOWN',2.7759904924969776,2392.7650000000003,b'stride0009',b'stance0006',b'stance0004',b'stance0007',,289.23309703260907,,,74.25767642875876,,,,,,,92.79343340487493,8.802602192243938,,,,3.7206449874062453,,,,-10.398225953374876,,,,177.25275287643643,149.4646506227041,133.1688047224426,166.73294733853578,103.75362551207635,,125.363132962841,86.38049866603004,34.105368099822286,26.87451120359569,17.716548030676403,41.42024749645447,52.67653338299287,20.56464835686311,50.09954819404836,8.130961674840231,28.329393994242647,13.724330491199455,24.808573527865477,65.03464116458979,25.319966890045674,15.378231905995472,18.875187269927785,86.07624834500645
69,b'DOWN',1.5622723918355184,2691.09,b'stride0009',b'stance0006',b'stride0005',b'stance0007',,289.23309703260907,15.017321643209382,,72.92345132860443,,31.479506120489585,,,,,92.79343340487493,8.802602192243938,,,,3.7206449874062453,,,,-10.398225953374876,,,,177.11559599859535,153.84072954341286,129.57174615652778,177.91510183050664,105.76787955726432,,120.04063995565045,89.8878067505246,36.83396580675964,27.52365352785539,20.10586742606306,39.21568498089954,17.881567803154695,22.78873973812635,51.01554088178208,14.280217135316784,28.309232645637792,14.989984916807042,26.478910853496913,66.01152876407805,25.646119461207437,14.477094687333175,18.38283973544221,85.09434722129964
70,b'DOWN',1.1868785752894657,2971.4300000000003,b'stride0009',b'stride0007',b'stride0005',b'stance0007',483.0504985180811,289.23309703260907,15.017321643209382,,72.18698643944765,140.45145334295924,36.13238603561003,,,,,92.79343340487493,8.802602192243938,,,,3.7206449874062453,3.7206449874062453,,,-10.398225953374876,,,,177.762361308747,141.3666509555586,139.1402089273354,174.88129942143715,107.71347060218976,,120.2085016834562,90.87110827251209,35.98695057739297,27.3578403543499,18.310828558483802,40.947464113915125,54.60055172257771,72.75930072165283,10.211760918865604,38.269495664920264,26.251438929373588,16.434901270960133,31.923082891904194,69.48302931991763,25.150546751187793,13.954479762038,18.05595982567133,85.37270884934544
71,b'DOWN',0.818070386002047,3324.565,b'stride0009',b'stride0007',b'stride0005',b'stance0007',483.0504985180811,289.23309703260907,15.017321643209382,,69.53820971246527,136.92283992280744,38.24407521979675,,,,,92.79343340487493,8.802602192243938,,,,3.7206449874062453,3.7206449874062453,,,-10.398225953374876,,,,175.56998483678606,150.2805005168794,138.8852740045772,179.96750654641704,111.34459165070068,,120.59974369445767,94.4728248881908,34.92074830988273,29.06921470008772,21.62031602269926,37.22779504319939,50.75261749608393,25.236246933278593,44.98125606419069,24.967777045569225,26.93583475709834,20.658939028823653,29.07134784831505,74.66929274644875,26.389261627299106,13.187913027495966,17.806331145688752,85.43864006181097
72,b'DOWN',0.9213243511640135,3873.535,b'stride0009',b'stride0007',b'stance0005',b'stance0007',483.0504985180811,289.23309703260907,,,66.1435425511209,135.95356374505124,,,,,52.64533356677447,92.79343340487493,8.802602192243938,,,,3.7206449874062453,3.7206449874062453,,,-10.398225953374876,,,,171.00142244545157,153.14476873749337,151.6404816022923,176.53811946706438,114.90244370028847,,119.00594507549721,97.65585638394012,35.77149815249583,31.502289937003667,22.96987917464071,43.614918963113894,34.36711705618751,21.93522303572877,39.97585782717999,37.10108651359833,26.59087683802369,19.346518740340727,29.068587145304615,73.37149150314777,25.135590978410576,12.722114967457422,18.32054652979828,84.96641977013708
73,b'DOWN',0.509983719184369,3485.63,b'stride0009',b'stride0007',b'stance0005',b'stride0008',483.0504985180811,289.23309703260907,,672.3981562497574,63.754814981462886,136.5917901904359,,104.77994466173968,,,52.64533356677447,,8.802602192243938,,,,3.7206449874062453,3.7206449874062453,,6.75752249858731,-10.398225953374876,,,,168.42747540784788,151.89032032542778,144.14451275800832,173.99878704693293,117.07036792507834,,114.83650806157105,102.83185427642448,35.877716631103766,32.229791308382794,24.796650287195302,40.84787487298486,45.95786212363612,28.45174119658417,3.4419283199683375,60.31821426532679,25.721874074498146,18.616960652665462,28.692423382838403,75.29320786934602,25.401117523269555,11.569745076400736,17.64938439385379,81.59792368077625
74,b'DOWN',0.5391081466249675,3815.45,b'stride0009',b'stride0007',b'stance0005',b'stride0008',483.0504985180811,289.23309703260907,,672.3981562497574,61.5304684490538,140.55806395222382,,106.60177326490455,,,52.64533356677447,,8.802602192243938,,,,3.7206449874062453,3.7206449874062453,,6.75752249858731,-10.398225953374876,,,,165.4216858330061,146.1139259087832,143.93588789521652,170.28017452667873,117.74059772962684,,112.29106391976255,101.239508413452,38.78845185233683,31.175667590916696,26.983910789060335,40.118452144315015,0.6831898225424552,6.777285213867898,0.3227636171442943,6.574803791009256,26.464913300461507,18.63686570892354,2.5210791856458408,77.82309318222964,29.041813092237184,9.534614816051894,16.80163772357898,74.27168022546738
75,b'DOWN',0.04689824667856853,4117.705,b'stride0009',b'stride0007',b'stance0005',b'stride0008',483.0504985180811,289.23309703260907,,672.3981562497574,56.09110499141655,143.69850274945523,,104.71670265445024,,,52.64533356677447,,8.802602192243938,,,,3.7206449874062453,3.7206449874062453,,6.75752249858731,-10.398225953374876,,,,161.49538348414254,140.3150329120433,152.41347076751012,173.30738577428394,122.47404742682592,,111.2694879785981,99.26855570946972,36.06601674740271,32.17718407903292,26.4756782069158,40.55701909771565,1.250376823682437,43.549613403827976,35.53004174871313,1.9135943027270206,25.609036526730478,19.29467174732482,3.7015884200723996,81.45096238040223,31.711724117823714,12.672870876347499,16.998723765974095,70.78191468393884
76,b'DOWN',0.41474257000499926,4688.76,b'stride0009',b'stride0007',b'stance0005',b'stride0008',483.0504985180811,289.23309703260907,,672.3981562497574,55.38156424364977,151.42939833634577,,102.61364405785389,,,52.64533356677447,,8.802602192243938,,,,3.7206449874062453,3.7206449874062453,,6.75752249858731,-10.398225953374876,,,,161.66976161937728,126.89044141779885,153.49751242743807,174.20964241290565,123.27363784662509,,106.500313225816,95.88222579024831,35.25226912336738,31.784550275579633,28.083028860466484,40.04614746407357,4.810772001219779,1.0356381421570187,5.384582279141786,2.9198714788587035,22.44145779717784,19.69885069723698,37.1279291642135,63.475663608099,38.81443795043409,13.993586024728529,13.110485036858197,74.49561928806784
77,b'DOWN',1.3272705602067916,4681.59,b'stride0009',b'stride0007',b'stride0006',b'stride0008',483.0504985180811,289.23309703260907,0.0,672.3981562497574,54.94382365758542,153.02422722659597,64.57535825422569,99.14059287891484,,,,,8.802602192243938,,,,3.7206449874062453,3.7206449874062453,,6.75752249858731,-10.398225953374876,,,,166.12435799078222,124.53296867145059,157.8640738724249,179.15658951898232,123.27669557333752,,109.32446703719394,97.1845497663178,38.862653851570116,31.896602004598407,25.89298273754308,43.70471547670676,26.751726163611206,62.76059195971279,24.161253031420376,22.93475796158568,22.464628333961024,21.33262057391071,5.932770146311188,82.82493765405076,45.03697330511704,10.300626866669289,11.260486779423335,75.76702065488192
78,b'DOWN',1.6306029050262025,4626.9,b'stride0009',b'stride0007',b'stance0006',b'stride0008',483.0504985180811,289.23309703260907,,672.3981562497574,50.885490475358615,157.56305201144656,,96.16800755070854,,,63.856758895749046,,8.802602192243938,,,,3.7206449874062453,3.7206449874062453,,6.75752249858731,-10.398225953374876,,,,160.91317661203044,125.30016414434006,163.683689084513,176.05576046380992,126.52716232380018,134.51825586880793,112.92364295769993,101.31193333564458,37.71071596154619,34.01826380813243,24.15202072169464,40.69695149260722,23.913157959390947,35.07493158247341,27.111406238877567,6.457238719820439,20.948801945711573,19.971490883782863,4.679993515119003,79.94957841835263,43.29303689613224,22.781792319465076,11.628865721670854,74.00280140696374
79,b'DOWN',2.4452163286985797,5547.264999999999,b'stride0009',b'stride0007',b'stance0006',b'stride0008',483.0504985180811,289.23309703260907,,672.3981562497574,52.491663085232204,142.10937378152624,,92.96718766803703,,,63.856758895749046,,8.802602192243938,,,,3.7206449874062453,3.7206449874062453,,6.75752249858731,-10.398225953374876,,,,168.94558387918386,138.5629127540655,172.32121208619037,175.97666753963125,127.05961130406556,135.8521661020868,114.58518653540486,103.52831971735074,39.56191166155389,33.5380406270821,26.282101116654975,41.7797310179264,3.120254950824176,1.7340379200309806,6.576830121299309,34.480525938943295,20.36601847751496,19.01009702763232,4.976001954764444,78.15112755425157,45.322019928472265,26.981813157104035,9.620474462589863,68.93433667143802
80,b'DOWN',2.5999621998601126,5276.085,b'stride0009',b'stride0007',b'stance0006',b'stride0008',483.0504985180811,289.23309703260907,,672.3981562497574,47.86388519148742,136.21481431111417,,95.52139479376827,,,63.856758895749046,,8.802602192243938,,,,3.7206449874062453,3.7206449874062453,,6.75752249858731,-10.398225953374876,,,,157.86194635543887,145.33654847351448,178.22314770932894,177.0186015182451,133.38000502065998,119.92751278627554,121.20395084866544,112.68026657739924,39.74569727124325,35.2879131074878,23.419592336613523,39.98580447970707,27.960580392164836,13.577386415405465,8.193106911168591,12.480252604179555,19.60904178651523,18.488088712446903,74.96503103350359,2.1143555136622916,42.641121462045774,33.46493589650981,6.616023278190252,60.63235291802017
81,b'DOWN',2.5335516853659996,5096.495000000001,b'stride0009',b'stride0007',b'stance0006',b'stride0008',483.0504985180811,289.23309703260907,,672.3981562497574,52.601959429911496,134.3483893209307,,99.96354459921042,,,63.856758895749046,,8.802602192243938,,,,3.7206449874062453,3.7206449874062453,,6.75752249858731,-10.398225953374876,,,,164.22127712607565,144.88057750433006,177.0884013826253,176.5095362967517,130.4386627088195,110.81969146571856,126.79297990577032,121.85625384683472,37.763586845080894,34.39088814173166,26.387038434080946,41.78095328276753,4.5436488859150055,21.10064641731821,1.2063437089802465,83.41606224599597,19.563627931729865,14.856229094866752,78.47978830933756,3.359295639735518,47.62973277096051,24.304182972462513,5.896746307578181,52.020747825226294
82,b'DOWN',1.941319626357121,5729.370000000001,b'stride0009',b'stride0007',b'stride0007',b'stride0008',483.0504985180811,289.23309703260907,7.539948813811471,672.3981562497574,58.922064047824236,119.97122434481494,99.24584946914219,104.88016545348397,,,,,8.802602192243938,,,,3.7206449874062453,3.7206449874062453,,6.75752249858731,-10.398225953374876,,,,176.6543720273212,154.61408673473872,175.91486488296957,172.5697783285397,125.12004699052474,114.7037145961408,134.54650467583488,128.20223197524723,38.08289098150741,32.23660634431781,29.458720785825996,53.37596420299016,19.89734704264948,17.301812797925518,16.998173807682257,41.97127570438631,23.341012101168072,15.269313226384195,82.1269309898753,3.0661016285478637,51.57381428655215,31.343074716930087,1.5532904926362558,41.10592642099245
83,b'DOWN',2.255100801292705,5177.655,b'stride0009',b'stride0007',b'stride0007',b'stride0008',483.0504985180811,289.23309703260907,7.539948813811471,672.3981562497574,60.47230782633391,112.26870030564396,108.63354324015025,106.6942684009825,,,,,8.802602192243938,,,,3.7206449874062453,3.7206449874062453,,6.75752249858731,-10.398225953374876,,,,167.68902876478117,160.07234157558756,167.11250073310958,170.32040702421037,121.12899272981022,,143.87485882962142,128.59455023131684,38.96202946048446,33.630032615873574,26.53523218402074,59.17877250473554,28.41718405001749,6.031670591858633,19.725742976130576,33.87088053769742,24.969457368902106,40.326433476262096,28.757748260757637,2.1303126565758803,43.36924731022717,35.421579325999225,0.2566573744813335,32.76694874879716
84,b'DOWN',2.8455726652989495,5608.1849999999995,b'stride0009',b'stride0007',b'stride0007',b'stride0008',483.0504985180811,289.23309703260907,7.539948813811471,672.3981562497574,75.20047295050317,103.45616654974957,118.2200984373047,99.66219878000453,,,,,8.802602192243938,,,,3.7206449874062453,3.7206449874062453,,6.75752249858731,-10.398225953374876,,,,178.12389176157737,160.71320193140053,158.13047576824377,176.55324415304653,110.94276457409121,,154.7764749737401,117.82374024628783,42.27038565654376,34.39503570983501,27.145814434104253,49.317329285691955,11.700514320914063,6.916915644729362,35.85589855220482,29.08963208699268,26.06528007547918,12.279086136550386,80.60756503803937,2.9700503810615757,36.20571013072784,32.79539872016271,6.158234200341531,37.53073901149786
85,b'DOWN',4.108737110269634,5606.485000000001,b'stance0009',b'stride0007',b'stance0007',b'stride0008',483.0504985180811,,,672.3981562497574,,86.67198705754922,,90.62064738077551,,,,,,,,,,3.7206449874062453,,6.75752249858731,,,,,178.95472491675025,176.00087101843096,,170.60683936416575,101.28713763001403,,,107.52646933670295,42.985602334601886,35.82600843480213,27.668082101827157,39.9064752710663,13.553393113721796,21.99467050475233,10.531756406659875,26.129739152205484,24.405761598767505,11.99721697665902,31.880668728731592,69.64307335305935,23.573200048545136,25.395010510650142,8.059113448654903,46.38602470717181
86,b'DOWN',5.930585857067992,4856.4400000000005,b'stance0009',b'stride0007',b'stride0008',b'stride0008',483.0504985180811,,575.9562168707564,672.3981562497574,,78.84961361621356,28.822179671923955,79.98400338438275,,,,,,,,,,3.7206449874062453,,6.75752249858731,,,,,178.95067331118742,174.24133108231104,,169.90518945401922,93.23542279362391,,,99.01928467894706,42.25880322099135,35.996014918902794,26.53001182220775,36.173316907516444,41.6546656052336,31.40400820375444,19.423377615711214,23.838597473289088,22.51360351005277,5.217043253665244,41.5484649205967,64.84803219379742,27.42172467092347,20.405700426359388,11.278330601901985,53.85851386509329
87,b'DOWN',7.752477580797521,3880.195,b'stance0009',b'stride0007',b'stride0008',b'stride0008',483.0504985180811,,575.9562168707564,672.3981562497574,,72.12966229013946,29.535710661692097,66.78565790336482,,,,,,,,,,3.7206449874062453,,6.75752249858731,,,,,179.03353637976375,,46.26913441502933,166.8213215713789,91.8296516980907,,0.0243956007520012,97.22402377173398,44.159316809800245,35.44904355422313,26.137362144368506,35.064887020105594,35.261944795589464,31.45131014418497,28.439303022302624,34.25983700624617,21.7264842583663,12.873024737003421,84.63078060162212,1.610401720494711,17.666440319149014,23.05436739218994,16.19440814974754,56.811097376425145
88,b'DOWN',8.64160719595884,,b'stance0009',b'stride0007',b'stride0008',b'stride0008',483.0504985180811,,575.9562168707564,672.3981562497574,,43.98386819289393,31.593699574688156,48.23444403315552,,,,,,,,,,3.7206449874062453,,6.75752249858731,,,,,166.4790842106587,,48.90166650261418,151.09668917386247,91.6215189682503,,2.436008937183459,,43.752745484234936,36.52523546630495,25.826454694024157,18.349698512075634,33.88906027834771,54.6720765787266,20.115955678116663,25.078697907958826,21.038902909009067,17.67054065744642,26.11345047303905,11.967509458098988,15.806031431258974,26.662621360938385,16.52469188082864,48.89240736014152
89,b'DOWN',10.530705927458179,,b'stance0009',b'stride0007',b'stride0008',b'stride0008',483.0504985180811,,575.9562168707564,672.3981562497574,,55.67104622445597,31.900918811173373,34.30312435637781,,,,,,,,,,3.7206449874062453,,6.75752249858731,,,,,161.2384979184411,,42.618249222105845,132.3997458316246,102.55530166520175,,4.122273721304168,,43.976624211865584,35.94614463672106,22.96666854315212,24.848096052994443,80.80407980689895,0.9226059088161651,0.20988936961005597,82.91821037893695,22.453650095214623,29.6094589186024,14.455256441084117,57.19824127531018,20.248387843307892,39.71482731293549,27.856248462208132,47.432919391236226
90,b'DOWN',11.417496516315593,,b'stride0010',b'stride0007',b'stride0008',b'stride0008',483.0504985180811,,575.9562168707564,672.3981562497574,,138.2216981548077,33.56429667014921,26.107471934580975,,,,,,,,,,3.7206449874062453,,6.75752249858731,,,,,149.7751003830391,,44.96073959194331,127.08355088418051,96.15673100185558,,6.239874161130416,,49.5736522479953,39.883055761294536,21.527710454481788,21.92989078551681,69.61420769551009,16.250000828480726,6.119345115512503,50.13522432693412,12.940830353500639,40.47664674807606,17.352073209050076,7.5539738183955984,17.033917341791756,27.542152911486006,31.379501025461643,36.42886104264693
91,b'DOWN',11.193090005785374,,b'stride0010',b'stride0007',b'stride0008',b'stride0008',483.0504985180811,,575.9562168707564,672.3981562497574,,139.29545977979808,132.78779224157097,21.670273618358994,,,,,,,,,,3.7206449874062453,,6.75752249858731,,,,,157.52929480061297,,154.83813117926422,,,,129.14443160847765,,56.54953418493243,46.607119923803204,23.002481048938357,24.87815292843811,8.957339654734318,33.49554067472866,0.012617411322783446,84.78639372663378,16.326836307108152,74.69250785547585,49.79974104075367,6.710772594799021,25.705292242287463,3.3855519694667953,34.327482023591536,53.800198674433354
92,b'DOWN',11.521663037811525,,b'stride0010',b'stride0007',b'stride0008',b'stride0008',483.0504985180811,,575.9562168707564,672.3981562497574,,135.29829595641795,123.71190682532404,23.81726308002857,,,,,,,,,,3.7206449874062453,,6.75752249858731,,,,,135.72015256599823,,161.1786811734507,,,,118.37677507551096,,4.475608936242765,61.07254033278704,16.650250344763606,25.35252416414769,34.69946098528487,84.75480767461751,88.68416523085658,10.31692924729821,68.02671947154448,3.433127092689274,49.50922045731235,3.1753125666215958,15.991555035641733,46.700828598331505,0.17039516942868826,88.68461755254162
93,b'DOWN',10.496573926743078,,b'stride0010',b'stride0007',b'stride0008',b'stride0008',483.0504985180811,,575.9562168707564,672.3981562497574,,113.44013789205877,112.34947126735563,24.5782456509073,,,,,,,,,,3.7206449874062453,,6.75752249858731,,,,,137.41871935888986,,168.91411726053795,123.23753389396038,,,109.49444109740303,,7.838118788838491,20.83162748717467,7.1327140284312796,30.920051867804812,4.256294830891305,51.39888972473423,0.7952401465591126,6.869820840657269,74.42678085884361,0.15405992063925492,9.166636272441359,40.819309531175975,0.5402718122288256,2.4798757491302488,16.740676934638223,55.962122519747055
94,b'DOWN',8.982134862679363,,b'stride0010',b'stride0007',b'stride0008',b'stride0008',483.0504985180811,,575.9562168707564,672.3981562497574,,136.04460907885803,103.59532882011139,26.072102617317906,,,,,,,,,,3.7206449874062453,,6.75752249858731,,,,,,,176.2703074265855,,,,106.3665125871135,,5.443184222436945,86.91347179796655,83.68119647898101,33.923790962387315,1.0409702947821922,56.93780393363075,89.3762953677331,25.62205120434952,2.293568225231839,7.297091526244172,1.3135727252293818,0.5531028799971311,2.963520841938865,5.740506433720813,7.046031819443309,0.3386676798541355
95,b'DOWN',,,b'stride0010',b'stride0007',b'stride0008',b'stride0008',483.0504985180811,,575.9562168707564,672.3981562497574,,,,,,,,,,,,,,3.7206449874062453,,6.75752249858731,,,,,,,173.57512348436913,,,,106.01970984751834,,7.464752507220499,81.69528170638974,0.4844922403531565,58.557882276198924,0.47132477219344043,81.67520636345002,45.87367014086453,31.983445355934283,3.4466062716116466,0.09635959082069918,0.15173082130789067,5.21858876514043,9.142523047633757,42.83415750521826,0.42942269258674,0.3377644841559045
96,b'DOWN',,,b'stride0010',b'stride0007',b'stride0008',b'stride0008',483.0504985180811,,575.9562168707564,672.3981562497574,,,,,,,,,,,,,,3.7206449874062453,,6.75752249858731,,,,,,,168.56204781003063,,,,,,6.265497332032123,35.82833298897488,25.24538207480403,32.68286860131528,89.5653604550591,45.372840761906325,35.07607313010083,10.339428250314544,1.680316688847303,2.9220361186688923,12.182783895113284,69.91404770243362,0.8458594245600931,35.09763179771263,1.5986920170197012,6.4061950335765845
97,b'DOWN',,,b'stride0010',b'stride0007',b'stride0008',b'stride0008',483.0504985180811,,575.9562168707564,672.3981562497574,,,,,,,,,,,,,,3.7206449874062453,,6.75752249858731,,,,,,,163.58825258506158,,,,,,65.9267528578108,15.467024618749718,31.80518115488983,43.19903463178524,3.7171053430508882,55.41392856006225,9.260836222080371,39.570939539559674,0.7957773087070575,25.812707468535166,5.828837397683427,25.032832690118788,4.725215245579644,18.85530174016806,50.20360388193336,11.937505306639506
98,b'DOWN',,,b'stride0010',b'stance0007',b'stance0008',b'stride0008',,,,672.3981562497574,,,,,,,,,,,,,,,,6.75752249858731,,,,,,,157.68731278788107,,,,,,1.6137360395647973,71.28038672399035,46.299599717542904,36.32179372554237,50.153364784249646,43.7684905961957,84.76951025219628,38.79804401002764,18.565278885024505,26.062350978199138,82.87677676383167,59.43493511416109,58.38139139853496,63.85150778570481,44.758527594085734,11.426402215994745
99,b'DOWN',,,b'stride0010',b'stride0008',b'stride0009',b'stance0008',1233.3264644941578,,0.0,,,,,,,,,,,,,,,,,,,,,,,,149.70544461893883,,,,36.224014762308826,,74.45754386670131,0.06726207502937304,70.23534500131943,27.461925762668944,2.5412381665259067,88.10668149168826,0.04989309585523006,24.893785426675322,9.625944865589142,75.0684503599598,87.46524859858843,56.016853606258735,20.016730057138094,3.105969520615453,44.05486910504197,11.443770526889464
100,b'DOWN',,,b'stance0010',b'stride0008',b'stance0009',b'stride0009',1233.3264644941578,,,0.0,,,,,,,,,,,,,,,,,,,,,,,150.04811022158106,,,,35.885282242954304,,8.206693423091028,1.8795843435254962,64.86573097362162,43.19872997304765,51.76356304624951,21.02292444097147,61.71503350977193,1.2326897845535223,12.24370049476462,67.56633431596907,83.00240729473963,60.0866759817732,5.909290077815347,29.903827567774126,59.28104498527564,57.83511141413844
101,b'DOWN',,,b'stance0010',b'stride0008',b'stance0009',b'stance0009',1233.3264644941578,,,,,,,,,,,,,,,,,,,,,,,,,,28.797760141733136,157.6692105927731,,,135.40768553050214,,0.5264573984624574,12.931875212277015,58.64136079098451,44.322170836560936,48.96853182348576,40.31853761286402,2.2737400176618485,28.689432554164043,5.753371828256241,59.73696619482899,81.2576258348761,62.41620247060072,4.239858189847057,29.577376539329663,55.377047362079736,55.479479084462724
102,b'DOWN',42.62170588733284,,b'stride0011',b'stride0008',b'stride0010',b'stride0010',1233.3264644941578,,,,,140.07447950439462,,,,,,,,,,,,,,,,,,,,,,172.4953133774246,,,,,0.19750516543536217,54.122397309681475,44.49350167123187,16.402202750727394,40.99604601658148,87.1116497946025,54.06761324914318,19.989865113546404,24.586393083354736,26.02829744791347,74.73520055852762,72.20508525432308,21.84755883062113,1.3768382391508216,62.32551745123733,58.737873857002214
103,b'DOWN',,,b'stride0011',b'stride0008',b'stride0010',b'stride0010',1233.3264644941578,,,,,,,,,,,,,,,,,,,,,,,,,,,,,,,,0.32634661183330915,57.208222034620945,34.3877648499064,31.5117465484463,43.98781827238388,43.784618879924075,55.60370691815234,7.976548568539726,1.736636818403663,29.246503580051908,80.2997235233146,85.3268065454948,12.051433401477391,1.5190049859446844,59.736055175682694,56.27326627750577
104,b'DOWN',,,b'stride0011',b'stride0008',b'stride0010',b'stride0010',1233.3264644941578,,,,,,,,,,,,,,,,,,,,,,,,,,,,,,,,61.736110662009715,80.46646771383944,51.75602880086012,0.7348841655451184,83.41228913793691,83.16915093015504,89.59998380835633,0.05652347516961456,0.443660590640829,35.26015624386629,77.29619876771496,2.77635755433894,9.95891829630591,67.1716800557567,13.383151786571489,2.1266527856611463
105,b'DOWN',,,b'stride0011',b'stride0008',b'stride0010',b'stride0010',1233.3264644941578,,,,,,,,,,,,,,,,,,,,,,,,,,,,,,,,0.22281070067557987,50.892926100660446,28.8944616359051,24.871224340481294,77.77427406705422,77.63525676220904,0.0933983957783345,70.63487917089135,76.50511745626946,84.91017589416471,81.9125745114399,1.7760647308194308,10.68734828230586,6.767440405506581,31.288823474552515,2.0980098662990923
106,b'DOWN',,,b'stride0011',b'stride0008',b'stride0010',b'stride0010',1233.3264644941578,,,,,,,,,,,,,,,,,,,,,,,,,,,,,,,,1.8192951067628353,18.826115366916238,0.3483786583841921,0.4362425741120258,6.626780552243653,44.0332087729026,48.04845472838347,15.807877502861043,57.746531688056535,66.71400782531775,3.999576972990908,68.59062485498818,46.63363448709737,44.35981789235851,0.05239202562013185,43.82639758030763
107,b'DOWN',,,b'stride0011',b'stance0008',b'stride0010',b'stride0010',,,,,,,,,,,,,,,,,,,,,,,,,,,,,,,,,69.3828406959013,23.47302875550568,1.75482152366492,30.92558444144521,2.490115589740256,44.42229996938362,63.596781470288136,0.09518956808616377,29.776108999572656,11.244150092591898,3.1203154293207467,5.634772518175224,83.97688620180836,6.43107006095814,28.025228362340695,29.009394880738967
108,b'DOWN',,,b'stride0011',b'stride0009',b'stride0010',b'stride0010',920.1052863409159,,,,,,,,,,,,,,,,,,,,,,,,,,,,,,,,4.04400642421334,37.118960370660865,0.11521092996861731,63.33632556954054,0.1909391779695894,0.24367102004708954,59.36148185573641,19.68279031636181,82.9788088084051,45.88194740859832,57.32306998337117,2.53478392275302,3.161108106633417,0.30978440455049916,89.36676229300885,89.15345302500394
109,b'DOWN',,,b'stride0011',b'stride0009',b'stride0010',b'stride0010',920.1052863409159,,,,,,,,,,,,,,,,,,,,,,,,,,,,,,,,3.5997437387150106,18.136588172760987,10.393575750849154,15.11489159830838,32.57541771603468,2.9464775004809423,3.5741536879008176,1.5293763909953668,0.6413752311972156,85.78559314946341,58.390334092117584,6.209061381672825,10.870523547679737,14.19984801818821,67.93261841131532,72.3261624865852
110,b'DOWN',,,b'stride0011',b'stride0009',b'stride0010',b'stride0010',920.1052863409159,,,,,,,,,,,,,,,,,,,,,,,,,,,,,,,,0.7801363995834174,8.191749533374654,12.503407520903114,2.6838889875034626,25.585607315210865,4.725242538786505,28.91762411545588,0.9864197090224628,4.4714960992377915,49.09511860975985,0.2546819049314403,87.71661513697137,73.94343302082996,63.68175552461291,13.300422234582832,2.1722632189763353
111,b'DOWN',,,b'stride0011',b'stride0009',b'stride0010',b'stride0010',920.1052863409159,,,,,,,,,,,,,,,,,,,,,,,,,,,,,,,,67.52647500960083,15.669877897026934,63.85948700175737,3.023411975703562,50.44811079077472,25.445565226362675,0.43828923270701076,0.5964758962310467,89.55667679150866,10.204441178811635,0.6532096293261841,5.406163016810694,29.914265235669355,12.676987207090832,63.6967822176462,45.900644156261556
112,b'DOWN',,,b'stride0011',b'stride0009',b'stride0010',b'stride0010',920.1052863409159,,,,,,,,,,,,,,,,,,,,,,,,,,,,,,,,12.238891636404041,35.69209351326134,1.0480567448757654,50.44273375198589,56.31051582781237,55.04036773894592,3.0067917777660083,55.66756948651574,1.1551693383749226,57.11409866709824,69.47121018158178,27.575477492197557,54.07035820149495,3.75537622532882,58.07171950844336,24.32939804206093
113,b'DOWN',,,b'stride0011',b'stride0009',b'stride0010',b'stride0010',920.1052863409159,,,,,,,,,,,,,,,,,,,,,,,,,,,,,,,,50.024101023609205,54.244168480575155,0.10394184859004278,61.52503946475221,75.83391104181523,49.69943539326101,49.62583868690269,85.45865404959565,4.600606258378235,76.8141638060872,49.28657648403977,71.75713279333675,0.05771829690114082,0.04451617417133039,76.09584183814671,49.86692956067021
114,b'DOWN',,,b'stride0011',b'stride0009',b'stride0010',b'stride0010',920.1052863409159,,,,,,,,,,,,,,,,,,,,,,,,,,,,,,,,27.513141262024522,49.311300184635066,24.228158702069493,25.15750624898709,40.53655015305372,0.09800092522848049,0.03659172953778379,0.0199672823980653,0.003415713835427375,89.91014934993413,21.377613537254923,17.06927180969571,0.3900678884036532,0.4792842283644538,45.82842962636448,0.0036614244830339127
115,b'DOWN',,,b'stance0011',b'stance0009',b'stance0010',b'stance0010',,,,,,,,,,,,,,,,,,,,,,,,,,,,,,,,,27.4727410689205,0.0009907310201962847,81.36815439663395,81.44434420525423,50.803490910071396,0.09924520793964992,0.03975828795869443,0.001826654053557176,0.003243084903228826,89.96106449564509,21.435083984951053,17.02880836405399,0.33467784701846925,0.3811005205149117,45.80776770257043,32.0758370473022
