filename,rmse,function
Ples203_run16_sandpaper_2018-03-22_000000DLC_resnet50_waterdragonsDec12shuffle1_1030000,17.03,rmse_sig
Ples203_run16_sandpaper_2018-03-22_000000DLC_resnet50_waterdragonsDec12shuffle1_1030000,21.03,rmse_lin
Ples203_run16_sandpaper_2018-03-22_000000DLC_resnet50_waterdragonsDec12shuffle1_1030000,nan,rmse_log
Ples203_run16_sandpaper_2018-03-22_000000DLC_resnet50_waterdragonsDec12shuffle1_1030000,26.12,rmse_exp
Ples203_run16_sandpaper_2018-03-22_000000DLC_resnet50_waterdragonsDec12shuffle1_980000,4.48,rmse_sig
Ples203_run16_sandpaper_2018-03-22_000000DLC_resnet50_waterdragonsDec12shuffle1_980000,15.84,rmse_lin
Ples203_run16_sandpaper_2018-03-22_000000DLC_resnet50_waterdragonsDec12shuffle1_980000,12.8,rmse_log
Ples203_run16_sandpaper_2018-03-22_000000DLC_resnet50_waterdragonsDec12shuffle1_980000,12.41,rmse_exp
Ples203_run17_sandpaper_2018-03-22_000000DLC_resnet50_waterdragonsDec12shuffle1_1030000,381.74,rmse_sig
Ples203_run17_sandpaper_2018-03-22_000000DLC_resnet50_waterdragonsDec12shuffle1_1030000,387.7,rmse_lin
Ples203_run17_sandpaper_2018-03-22_000000DLC_resnet50_waterdragonsDec12shuffle1_1030000,385.79,rmse_log
Ples203_run17_sandpaper_2018-03-22_000000DLC_resnet50_waterdragonsDec12shuffle1_1030000,385.44,rmse_exp
Ples203_run17_sandpaper_2018-03-22_000000DLC_resnet50_waterdragonsDec12shuffle1_980000,360.43,rmse_sig
Ples203_run17_sandpaper_2018-03-22_000000DLC_resnet50_waterdragonsDec12shuffle1_980000,369.56,rmse_lin
Ples203_run17_sandpaper_2018-03-22_000000DLC_resnet50_waterdragonsDec12shuffle1_980000,367.67,rmse_log
Ples203_run17_sandpaper_2018-03-22_000000DLC_resnet50_waterdragonsDec12shuffle1_980000,368.77,rmse_exp
Ples203_run18_sandpaper_2018-03-22_000000DLC_resnet50_waterdragonsDec12shuffle1_1030000,nan,rmse_sig
Ples203_run18_sandpaper_2018-03-22_000000DLC_resnet50_waterdragonsDec12shuffle1_1030000,208.45,rmse_lin
Ples203_run18_sandpaper_2018-03-22_000000DLC_resnet50_waterdragonsDec12shuffle1_1030000,nan,rmse_log
Ples203_run18_sandpaper_2018-03-22_000000DLC_resnet50_waterdragonsDec12shuffle1_1030000,207.58,rmse_exp
Ples203_run18_sandpaper_2018-03-22_000000DLC_resnet50_waterdragonsDec12shuffle1_980000,86.89,rmse_sig
Ples203_run18_sandpaper_2018-03-22_000000DLC_resnet50_waterdragonsDec12shuffle1_980000,80.63,rmse_lin
Ples203_run18_sandpaper_2018-03-22_000000DLC_resnet50_waterdragonsDec12shuffle1_980000,nan,rmse_log
Ples203_run18_sandpaper_2018-03-22_000000DLC_resnet50_waterdragonsDec12shuffle1_980000,79.75,rmse_exp
Ples_03_rubber_up_2018-03-22_000000DLC_resnet50_waterdragonsDec12shuffle1_1030000,nan,rmse_sig
Ples_03_rubber_up_2018-03-22_000000DLC_resnet50_waterdragonsDec12shuffle1_1030000,nan,rmse_lin
Ples_03_rubber_up_2018-03-22_000000DLC_resnet50_waterdragonsDec12shuffle1_1030000,nan,rmse_log
Ples_03_rubber_up_2018-03-22_000000DLC_resnet50_waterdragonsDec12shuffle1_1030000,nan,rmse_exp
Ples_03_rubber_up_2018-03-22_000000DLC_resnet50_waterdragonsDec12shuffle1_980000,nan,rmse_sig
Ples_03_rubber_up_2018-03-22_000000DLC_resnet50_waterdragonsDec12shuffle1_980000,nan,rmse_lin
Ples_03_rubber_up_2018-03-22_000000DLC_resnet50_waterdragonsDec12shuffle1_980000,nan,rmse_log
Ples_03_rubber_up_2018-03-22_000000DLC_resnet50_waterdragonsDec12shuffle1_980000,nan,rmse_exp
Ples_03_rubber_up_2018-03-22_000000_outputDLC_resnet50_waterdragonsDec12shuffle1_1030000,nan,rmse_sig
Ples_03_rubber_up_2018-03-22_000000_outputDLC_resnet50_waterdragonsDec12shuffle1_1030000,nan,rmse_lin
Ples_03_rubber_up_2018-03-22_000000_outputDLC_resnet50_waterdragonsDec12shuffle1_1030000,nan,rmse_log
Ples_03_rubber_up_2018-03-22_000000_outputDLC_resnet50_waterdragonsDec12shuffle1_1030000,nan,rmse_exp
Ples_03_rubber_up_2018-03-22_000000_outputDLC_resnet50_waterdragonsDec12shuffle1_980000,nan,rmse_sig
Ples_03_rubber_up_2018-03-22_000000_outputDLC_resnet50_waterdragonsDec12shuffle1_980000,nan,rmse_lin
Ples_03_rubber_up_2018-03-22_000000_outputDLC_resnet50_waterdragonsDec12shuffle1_980000,nan,rmse_log
Ples_03_rubber_up_2018-03-22_000000_outputDLC_resnet50_waterdragonsDec12shuffle1_980000,nan,rmse_exp
Ples_202_run01_2018-03-22_000000DLC_resnet50_waterdragonsDec12shuffle1_1030000,nan,rmse_sig
Ples_202_run01_2018-03-22_000000DLC_resnet50_waterdragonsDec12shuffle1_1030000,nan,rmse_lin
Ples_202_run01_2018-03-22_000000DLC_resnet50_waterdragonsDec12shuffle1_1030000,nan,rmse_log
Ples_202_run01_2018-03-22_000000DLC_resnet50_waterdragonsDec12shuffle1_1030000,nan,rmse_exp
Ples_202_run01_2018-03-22_000000DLC_resnet50_waterdragonsDec12shuffle1_980000,nan,rmse_sig
Ples_202_run01_2018-03-22_000000DLC_resnet50_waterdragonsDec12shuffle1_980000,nan,rmse_lin
Ples_202_run01_2018-03-22_000000DLC_resnet50_waterdragonsDec12shuffle1_980000,nan,rmse_log
Ples_202_run01_2018-03-22_000000DLC_resnet50_waterdragonsDec12shuffle1_980000,nan,rmse_exp
Ples_202_run02_2018-03-22_000000DLC_resnet50_waterdragonsDec12shuffle1_1030000,nan,rmse_sig
Ples_202_run02_2018-03-22_000000DLC_resnet50_waterdragonsDec12shuffle1_1030000,nan,rmse_lin
Ples_202_run02_2018-03-22_000000DLC_resnet50_waterdragonsDec12shuffle1_1030000,nan,rmse_log
Ples_202_run02_2018-03-22_000000DLC_resnet50_waterdragonsDec12shuffle1_1030000,nan,rmse_exp
Ples_202_run02_2018-03-22_000000DLC_resnet50_waterdragonsDec12shuffle1_980000,nan,rmse_sig
Ples_202_run02_2018-03-22_000000DLC_resnet50_waterdragonsDec12shuffle1_980000,nan,rmse_lin
Ples_202_run02_2018-03-22_000000DLC_resnet50_waterdragonsDec12shuffle1_980000,nan,rmse_log
Ples_202_run02_2018-03-22_000000DLC_resnet50_waterdragonsDec12shuffle1_980000,nan,rmse_exp
Ples_202_run03_2018-03-22_000000DLC_resnet50_waterdragonsDec12shuffle1_1030000,nan,rmse_sig
Ples_202_run03_2018-03-22_000000DLC_resnet50_waterdragonsDec12shuffle1_1030000,nan,rmse_lin
Ples_202_run03_2018-03-22_000000DLC_resnet50_waterdragonsDec12shuffle1_1030000,nan,rmse_log
Ples_202_run03_2018-03-22_000000DLC_resnet50_waterdragonsDec12shuffle1_1030000,nan,rmse_exp
Ples_202_run03_2018-03-22_000000DLC_resnet50_waterdragonsDec12shuffle1_980000,nan,rmse_sig
Ples_202_run03_2018-03-22_000000DLC_resnet50_waterdragonsDec12shuffle1_980000,nan,rmse_lin
Ples_202_run03_2018-03-22_000000DLC_resnet50_waterdragonsDec12shuffle1_980000,nan,rmse_log
Ples_202_run03_2018-03-22_000000DLC_resnet50_waterdragonsDec12shuffle1_980000,nan,rmse_exp
Ples_202_run04_2018-03-22_000000DLC_resnet50_waterdragonsDec12shuffle1_1030000,nan,rmse_sig
Ples_202_run04_2018-03-22_000000DLC_resnet50_waterdragonsDec12shuffle1_1030000,nan,rmse_lin
Ples_202_run04_2018-03-22_000000DLC_resnet50_waterdragonsDec12shuffle1_1030000,nan,rmse_log
Ples_202_run04_2018-03-22_000000DLC_resnet50_waterdragonsDec12shuffle1_1030000,nan,rmse_exp
Ples_202_run04_2018-03-22_000000DLC_resnet50_waterdragonsDec12shuffle1_980000,nan,rmse_sig
Ples_202_run04_2018-03-22_000000DLC_resnet50_waterdragonsDec12shuffle1_980000,nan,rmse_lin
Ples_202_run04_2018-03-22_000000DLC_resnet50_waterdragonsDec12shuffle1_980000,nan,rmse_log
Ples_202_run04_2018-03-22_000000DLC_resnet50_waterdragonsDec12shuffle1_980000,nan,rmse_exp
Ples_202_run04_2018-03-22_000001DLC_resnet50_waterdragonsDec12shuffle1_1030000,nan,rmse_sig
Ples_202_run04_2018-03-22_000001DLC_resnet50_waterdragonsDec12shuffle1_1030000,nan,rmse_lin
Ples_202_run04_2018-03-22_000001DLC_resnet50_waterdragonsDec12shuffle1_1030000,nan,rmse_log
Ples_202_run04_2018-03-22_000001DLC_resnet50_waterdragonsDec12shuffle1_1030000,nan,rmse_exp
Ples_202_run04_2018-03-22_000001DLC_resnet50_waterdragonsDec12shuffle1_980000,nan,rmse_sig
Ples_202_run04_2018-03-22_000001DLC_resnet50_waterdragonsDec12shuffle1_980000,nan,rmse_lin
Ples_202_run04_2018-03-22_000001DLC_resnet50_waterdragonsDec12shuffle1_980000,nan,rmse_log
Ples_202_run04_2018-03-22_000001DLC_resnet50_waterdragonsDec12shuffle1_980000,nan,rmse_exp
Ples_202_run05_2018-03-22_000000DLC_resnet50_waterdragonsDec12shuffle1_1030000,nan,rmse_sig
Ples_202_run05_2018-03-22_000000DLC_resnet50_waterdragonsDec12shuffle1_1030000,nan,rmse_lin
Ples_202_run05_2018-03-22_000000DLC_resnet50_waterdragonsDec12shuffle1_1030000,nan,rmse_log
Ples_202_run05_2018-03-22_000000DLC_resnet50_waterdragonsDec12shuffle1_1030000,nan,rmse_exp
Ples_202_run05_2018-03-22_000000DLC_resnet50_waterdragonsDec12shuffle1_980000,nan,rmse_sig
Ples_202_run05_2018-03-22_000000DLC_resnet50_waterdragonsDec12shuffle1_980000,nan,rmse_lin
Ples_202_run05_2018-03-22_000000DLC_resnet50_waterdragonsDec12shuffle1_980000,nan,rmse_log
Ples_202_run05_2018-03-22_000000DLC_resnet50_waterdragonsDec12shuffle1_980000,nan,rmse_exp
Ples_202_run06_2018-03-22_000000DLC_resnet50_waterdragonsDec12shuffle1_1030000,nan,rmse_sig
Ples_202_run06_2018-03-22_000000DLC_resnet50_waterdragonsDec12shuffle1_1030000,nan,rmse_lin
Ples_202_run06_2018-03-22_000000DLC_resnet50_waterdragonsDec12shuffle1_1030000,nan,rmse_log
Ples_202_run06_2018-03-22_000000DLC_resnet50_waterdragonsDec12shuffle1_1030000,nan,rmse_exp
Ples_202_run06_2018-03-22_000000DLC_resnet50_waterdragonsDec12shuffle1_980000,nan,rmse_sig
Ples_202_run06_2018-03-22_000000DLC_resnet50_waterdragonsDec12shuffle1_980000,nan,rmse_lin
Ples_202_run06_2018-03-22_000000DLC_resnet50_waterdragonsDec12shuffle1_980000,nan,rmse_log
Ples_202_run06_2018-03-22_000000DLC_resnet50_waterdragonsDec12shuffle1_980000,nan,rmse_exp
Ples_202_run07_2018-03-22_000000DLC_resnet50_waterdragonsDec12shuffle1_1030000,122.0,rmse_sig
Ples_202_run07_2018-03-22_000000DLC_resnet50_waterdragonsDec12shuffle1_1030000,125.98,rmse_lin
Ples_202_run07_2018-03-22_000000DLC_resnet50_waterdragonsDec12shuffle1_1030000,125.87,rmse_log
Ples_202_run07_2018-03-22_000000DLC_resnet50_waterdragonsDec12shuffle1_1030000,126.26,rmse_exp
Ples_202_run07_2018-03-22_000000DLC_resnet50_waterdragonsDec12shuffle1_980000,340.83,rmse_sig
Ples_202_run07_2018-03-22_000000DLC_resnet50_waterdragonsDec12shuffle1_980000,345.86,rmse_lin
Ples_202_run07_2018-03-22_000000DLC_resnet50_waterdragonsDec12shuffle1_980000,343.62,rmse_log
Ples_202_run07_2018-03-22_000000DLC_resnet50_waterdragonsDec12shuffle1_980000,343.5,rmse_exp
Ples_202_run08_2018-03-22_000000DLC_resnet50_waterdragonsDec12shuffle1_1030000,nan,rmse_sig
Ples_202_run08_2018-03-22_000000DLC_resnet50_waterdragonsDec12shuffle1_1030000,nan,rmse_lin
Ples_202_run08_2018-03-22_000000DLC_resnet50_waterdragonsDec12shuffle1_1030000,nan,rmse_log
Ples_202_run08_2018-03-22_000000DLC_resnet50_waterdragonsDec12shuffle1_1030000,nan,rmse_exp
Ples_202_run08_2018-03-22_000000DLC_resnet50_waterdragonsDec12shuffle1_980000,nan,rmse_sig
Ples_202_run08_2018-03-22_000000DLC_resnet50_waterdragonsDec12shuffle1_980000,nan,rmse_lin
Ples_202_run08_2018-03-22_000000DLC_resnet50_waterdragonsDec12shuffle1_980000,nan,rmse_log
Ples_202_run08_2018-03-22_000000DLC_resnet50_waterdragonsDec12shuffle1_980000,nan,rmse_exp
Ples_202_run09_2018-03-22_000000DLC_resnet50_waterdragonsDec12shuffle1_1030000,nan,rmse_sig
Ples_202_run09_2018-03-22_000000DLC_resnet50_waterdragonsDec12shuffle1_1030000,nan,rmse_lin
Ples_202_run09_2018-03-22_000000DLC_resnet50_waterdragonsDec12shuffle1_1030000,nan,rmse_log
Ples_202_run09_2018-03-22_000000DLC_resnet50_waterdragonsDec12shuffle1_1030000,nan,rmse_exp
Ples_202_run09_2018-03-22_000000DLC_resnet50_waterdragonsDec12shuffle1_980000,nan,rmse_sig
Ples_202_run09_2018-03-22_000000DLC_resnet50_waterdragonsDec12shuffle1_980000,nan,rmse_lin
Ples_202_run09_2018-03-22_000000DLC_resnet50_waterdragonsDec12shuffle1_980000,nan,rmse_log
Ples_202_run09_2018-03-22_000000DLC_resnet50_waterdragonsDec12shuffle1_980000,nan,rmse_exp
Ples_202_run23_up_rubber_2018-03-22_000000DLC_resnet50_waterdragonsDec12shuffle1_1030000,nan,rmse_sig
Ples_202_run23_up_rubber_2018-03-22_000000DLC_resnet50_waterdragonsDec12shuffle1_1030000,nan,rmse_lin
Ples_202_run23_up_rubber_2018-03-22_000000DLC_resnet50_waterdragonsDec12shuffle1_1030000,nan,rmse_log
Ples_202_run23_up_rubber_2018-03-22_000000DLC_resnet50_waterdragonsDec12shuffle1_1030000,nan,rmse_exp
Ples_202_run23_up_rubber_2018-03-22_000000DLC_resnet50_waterdragonsDec12shuffle1_980000,nan,rmse_sig
Ples_202_run23_up_rubber_2018-03-22_000000DLC_resnet50_waterdragonsDec12shuffle1_980000,nan,rmse_lin
Ples_202_run23_up_rubber_2018-03-22_000000DLC_resnet50_waterdragonsDec12shuffle1_980000,nan,rmse_log
Ples_202_run23_up_rubber_2018-03-22_000000DLC_resnet50_waterdragonsDec12shuffle1_980000,nan,rmse_exp
Ples_202_run24_down_rubber_2018-03-22_000000DLC_resnet50_waterdragonsDec12shuffle1_1030000,367.45,rmse_sig
Ples_202_run24_down_rubber_2018-03-22_000000DLC_resnet50_waterdragonsDec12shuffle1_1030000,377.24,rmse_lin
Ples_202_run24_down_rubber_2018-03-22_000000DLC_resnet50_waterdragonsDec12shuffle1_1030000,nan,rmse_log
Ples_202_run24_down_rubber_2018-03-22_000000DLC_resnet50_waterdragonsDec12shuffle1_1030000,378.05,rmse_exp
Ples_202_run24_down_rubber_2018-03-22_000000DLC_resnet50_waterdragonsDec12shuffle1_980000,nan,rmse_sig
Ples_202_run24_down_rubber_2018-03-22_000000DLC_resnet50_waterdragonsDec12shuffle1_980000,179.05,rmse_lin
Ples_202_run24_down_rubber_2018-03-22_000000DLC_resnet50_waterdragonsDec12shuffle1_980000,nan,rmse_log
Ples_202_run24_down_rubber_2018-03-22_000000DLC_resnet50_waterdragonsDec12shuffle1_980000,179.05,rmse_exp
Ples_202_run25_down_rubber_2018-03-22_000000DLC_resnet50_waterdragonsDec12shuffle1_1030000,398.64,rmse_sig
Ples_202_run25_down_rubber_2018-03-22_000000DLC_resnet50_waterdragonsDec12shuffle1_1030000,407.75,rmse_lin
Ples_202_run25_down_rubber_2018-03-22_000000DLC_resnet50_waterdragonsDec12shuffle1_1030000,nan,rmse_log
Ples_202_run25_down_rubber_2018-03-22_000000DLC_resnet50_waterdragonsDec12shuffle1_1030000,408.98,rmse_exp
Ples_202_run25_down_rubber_2018-03-22_000000DLC_resnet50_waterdragonsDec12shuffle1_980000,nan,rmse_sig
Ples_202_run25_down_rubber_2018-03-22_000000DLC_resnet50_waterdragonsDec12shuffle1_980000,nan,rmse_lin
Ples_202_run25_down_rubber_2018-03-22_000000DLC_resnet50_waterdragonsDec12shuffle1_980000,nan,rmse_log
Ples_202_run25_down_rubber_2018-03-22_000000DLC_resnet50_waterdragonsDec12shuffle1_980000,nan,rmse_exp
Ples_202_run26_up_rubber_2018-03-22_000000DLC_resnet50_waterdragonsDec12shuffle1_1030000,79.51,rmse_sig
Ples_202_run26_up_rubber_2018-03-22_000000DLC_resnet50_waterdragonsDec12shuffle1_1030000,136.64,rmse_lin
Ples_202_run26_up_rubber_2018-03-22_000000DLC_resnet50_waterdragonsDec12shuffle1_1030000,nan,rmse_log
Ples_202_run26_up_rubber_2018-03-22_000000DLC_resnet50_waterdragonsDec12shuffle1_1030000,152.8,rmse_exp
Ples_202_run26_up_rubber_2018-03-22_000000DLC_resnet50_waterdragonsDec12shuffle1_980000,138.0,rmse_sig
Ples_202_run26_up_rubber_2018-03-22_000000DLC_resnet50_waterdragonsDec12shuffle1_980000,143.79,rmse_lin
Ples_202_run26_up_rubber_2018-03-22_000000DLC_resnet50_waterdragonsDec12shuffle1_980000,143.27,rmse_log
Ples_202_run26_up_rubber_2018-03-22_000000DLC_resnet50_waterdragonsDec12shuffle1_980000,143.35,rmse_exp
Ples_203_run10_2018-03-22_000000DLC_resnet50_waterdragonsDec12shuffle1_1030000,242.64,rmse_sig
Ples_203_run10_2018-03-22_000000DLC_resnet50_waterdragonsDec12shuffle1_1030000,253.66,rmse_lin
Ples_203_run10_2018-03-22_000000DLC_resnet50_waterdragonsDec12shuffle1_1030000,nan,rmse_log
Ples_203_run10_2018-03-22_000000DLC_resnet50_waterdragonsDec12shuffle1_1030000,252.79,rmse_exp
Ples_203_run10_2018-03-22_000000DLC_resnet50_waterdragonsDec12shuffle1_980000,nan,rmse_sig
Ples_203_run10_2018-03-22_000000DLC_resnet50_waterdragonsDec12shuffle1_980000,nan,rmse_lin
Ples_203_run10_2018-03-22_000000DLC_resnet50_waterdragonsDec12shuffle1_980000,nan,rmse_log
Ples_203_run10_2018-03-22_000000DLC_resnet50_waterdragonsDec12shuffle1_980000,nan,rmse_exp
Ples_203_run11_2018-03-22_000000DLC_resnet50_waterdragonsDec12shuffle1_1030000,34.97,rmse_sig
Ples_203_run11_2018-03-22_000000DLC_resnet50_waterdragonsDec12shuffle1_1030000,44.47,rmse_lin
Ples_203_run11_2018-03-22_000000DLC_resnet50_waterdragonsDec12shuffle1_1030000,40.48,rmse_log
Ples_203_run11_2018-03-22_000000DLC_resnet50_waterdragonsDec12shuffle1_1030000,40.01,rmse_exp
Ples_203_run11_2018-03-22_000000DLC_resnet50_waterdragonsDec12shuffle1_980000,24.23,rmse_sig
Ples_203_run11_2018-03-22_000000DLC_resnet50_waterdragonsDec12shuffle1_980000,34.99,rmse_lin
Ples_203_run11_2018-03-22_000000DLC_resnet50_waterdragonsDec12shuffle1_980000,27.76,rmse_log
Ples_203_run11_2018-03-22_000000DLC_resnet50_waterdragonsDec12shuffle1_980000,27.47,rmse_exp
Ples_203_run12_2018-03-22_000000DLC_resnet50_waterdragonsDec12shuffle1_1030000,nan,rmse_sig
Ples_203_run12_2018-03-22_000000DLC_resnet50_waterdragonsDec12shuffle1_1030000,nan,rmse_lin
Ples_203_run12_2018-03-22_000000DLC_resnet50_waterdragonsDec12shuffle1_1030000,nan,rmse_log
Ples_203_run12_2018-03-22_000000DLC_resnet50_waterdragonsDec12shuffle1_1030000,nan,rmse_exp
Ples_203_run12_2018-03-22_000000DLC_resnet50_waterdragonsDec12shuffle1_980000,nan,rmse_sig
Ples_203_run12_2018-03-22_000000DLC_resnet50_waterdragonsDec12shuffle1_980000,nan,rmse_lin
Ples_203_run12_2018-03-22_000000DLC_resnet50_waterdragonsDec12shuffle1_980000,nan,rmse_log
Ples_203_run12_2018-03-22_000000DLC_resnet50_waterdragonsDec12shuffle1_980000,nan,rmse_exp
Ples_203_run13_2018-03-22_000000DLC_resnet50_waterdragonsDec12shuffle1_1030000,nan,rmse_sig
Ples_203_run13_2018-03-22_000000DLC_resnet50_waterdragonsDec12shuffle1_1030000,nan,rmse_lin
Ples_203_run13_2018-03-22_000000DLC_resnet50_waterdragonsDec12shuffle1_1030000,nan,rmse_log
Ples_203_run13_2018-03-22_000000DLC_resnet50_waterdragonsDec12shuffle1_1030000,nan,rmse_exp
Ples_203_run13_2018-03-22_000000DLC_resnet50_waterdragonsDec12shuffle1_980000,nan,rmse_sig
Ples_203_run13_2018-03-22_000000DLC_resnet50_waterdragonsDec12shuffle1_980000,nan,rmse_lin
Ples_203_run13_2018-03-22_000000DLC_resnet50_waterdragonsDec12shuffle1_980000,nan,rmse_log
Ples_203_run13_2018-03-22_000000DLC_resnet50_waterdragonsDec12shuffle1_980000,nan,rmse_exp
Ples_203_run14_2018-03-22_000000DLC_resnet50_waterdragonsDec12shuffle1_1030000,86.01,rmse_sig
Ples_203_run14_2018-03-22_000000DLC_resnet50_waterdragonsDec12shuffle1_1030000,89.05,rmse_lin
Ples_203_run14_2018-03-22_000000DLC_resnet50_waterdragonsDec12shuffle1_1030000,nan,rmse_log
Ples_203_run14_2018-03-22_000000DLC_resnet50_waterdragonsDec12shuffle1_1030000,90.64,rmse_exp
Ples_203_run14_2018-03-22_000000DLC_resnet50_waterdragonsDec12shuffle1_980000,nan,rmse_sig
Ples_203_run14_2018-03-22_000000DLC_resnet50_waterdragonsDec12shuffle1_980000,nan,rmse_lin
Ples_203_run14_2018-03-22_000000DLC_resnet50_waterdragonsDec12shuffle1_980000,nan,rmse_log
Ples_203_run14_2018-03-22_000000DLC_resnet50_waterdragonsDec12shuffle1_980000,nan,rmse_exp
Ples_203_run15_2018-03-22_000000DLC_resnet50_waterdragonsDec12shuffle1_1030000,nan,rmse_sig
Ples_203_run15_2018-03-22_000000DLC_resnet50_waterdragonsDec12shuffle1_1030000,nan,rmse_lin
Ples_203_run15_2018-03-22_000000DLC_resnet50_waterdragonsDec12shuffle1_1030000,nan,rmse_log
Ples_203_run15_2018-03-22_000000DLC_resnet50_waterdragonsDec12shuffle1_1030000,nan,rmse_exp
Ples_203_run15_2018-03-22_000000DLC_resnet50_waterdragonsDec12shuffle1_980000,36.17,rmse_sig
Ples_203_run15_2018-03-22_000000DLC_resnet50_waterdragonsDec12shuffle1_980000,39.38,rmse_lin
Ples_203_run15_2018-03-22_000000DLC_resnet50_waterdragonsDec12shuffle1_980000,nan,rmse_log
Ples_203_run15_2018-03-22_000000DLC_resnet50_waterdragonsDec12shuffle1_980000,43.77,rmse_exp
Ples_203_run20_up_rubber_2018-03-22_000000DLC_resnet50_waterdragonsDec12shuffle1_1030000,262.51,rmse_sig
Ples_203_run20_up_rubber_2018-03-22_000000DLC_resnet50_waterdragonsDec12shuffle1_1030000,272.21,rmse_lin
Ples_203_run20_up_rubber_2018-03-22_000000DLC_resnet50_waterdragonsDec12shuffle1_1030000,268.94,rmse_log
Ples_203_run20_up_rubber_2018-03-22_000000DLC_resnet50_waterdragonsDec12shuffle1_1030000,268.22,rmse_exp
Ples_203_run20_up_rubber_2018-03-22_000000DLC_resnet50_waterdragonsDec12shuffle1_980000,nan,rmse_sig
Ples_203_run20_up_rubber_2018-03-22_000000DLC_resnet50_waterdragonsDec12shuffle1_980000,nan,rmse_lin
Ples_203_run20_up_rubber_2018-03-22_000000DLC_resnet50_waterdragonsDec12shuffle1_980000,nan,rmse_log
Ples_203_run20_up_rubber_2018-03-22_000000DLC_resnet50_waterdragonsDec12shuffle1_980000,nan,rmse_exp
Ples_203_run21_up_rubber_2018-03-22_000000DLC_resnet50_waterdragonsDec12shuffle1_1030000,254.94,rmse_sig
Ples_203_run21_up_rubber_2018-03-22_000000DLC_resnet50_waterdragonsDec12shuffle1_1030000,258.01,rmse_lin
Ples_203_run21_up_rubber_2018-03-22_000000DLC_resnet50_waterdragonsDec12shuffle1_1030000,257.8,rmse_log
Ples_203_run21_up_rubber_2018-03-22_000000DLC_resnet50_waterdragonsDec12shuffle1_1030000,258.34,rmse_exp
Ples_203_run21_up_rubber_2018-03-22_000000DLC_resnet50_waterdragonsDec12shuffle1_980000,nan,rmse_sig
Ples_203_run21_up_rubber_2018-03-22_000000DLC_resnet50_waterdragonsDec12shuffle1_980000,nan,rmse_lin
Ples_203_run21_up_rubber_2018-03-22_000000DLC_resnet50_waterdragonsDec12shuffle1_980000,nan,rmse_log
Ples_203_run21_up_rubber_2018-03-22_000000DLC_resnet50_waterdragonsDec12shuffle1_980000,nan,rmse_exp
Ples_203_run22_down_rubber_2018-03-22_000000DLC_resnet50_waterdragonsDec12shuffle1_1030000,nan,rmse_sig
Ples_203_run22_down_rubber_2018-03-22_000000DLC_resnet50_waterdragonsDec12shuffle1_1030000,nan,rmse_lin
Ples_203_run22_down_rubber_2018-03-22_000000DLC_resnet50_waterdragonsDec12shuffle1_1030000,nan,rmse_log
Ples_203_run22_down_rubber_2018-03-22_000000DLC_resnet50_waterdragonsDec12shuffle1_1030000,nan,rmse_exp
Ples_203_run22_down_rubber_2018-03-22_000000DLC_resnet50_waterdragonsDec12shuffle1_980000,nan,rmse_sig
Ples_203_run22_down_rubber_2018-03-22_000000DLC_resnet50_waterdragonsDec12shuffle1_980000,nan,rmse_lin
Ples_203_run22_down_rubber_2018-03-22_000000DLC_resnet50_waterdragonsDec12shuffle1_980000,nan,rmse_log
Ples_203_run22_down_rubber_2018-03-22_000000DLC_resnet50_waterdragonsDec12shuffle1_980000,nan,rmse_exp
