,direction_of_climbing,body_deflection_angle,speed_PXperS,stepphase_FL,stepphase_FR,stepphase_HR,stepphase_HL,step-length_FR,step-length_FL,step-length_HR,step-length_HL,dynamics_FL,dynamics_FR,dynamics_HR,dynamics_HL,mid_stance_wrist_angles_mean_FL,mid_stance_wrist_angles_mean_FR,mid_stance_wrist_angles_mean_HR,mid_stance_wrist_angles_mean_HL,limbROM_FL,limbROM_FR,limbROM_HR,limbROM_HL,spineROM_FL,spineROM_FR,spineROM_HR,spineROM_HL,CROM_FL,CROM_FR,CROM_HR,CROM_HL,shoulder_angle_FL,shoulder_angle_FR,shoulder_angle_HR,shoulder_angle_HL,knee_angle_FL,knee_angle_FR,knee_angle_HR,knee_angle_HL
0,UP,,,b'stance0000',b'stance0000',b'stance0000',b'stance0000',,,,,,,,,,,,,,,,,,,,,,,,,,,,,,,,
1,UP,,,b'stance0000',b'stance0000',b'stance0000',b'stance0000',,,,,,,,,,,,,,,,,,,,,,,,,,,,,,,,
2,UP,,,b'stance0000',b'stance0000',b'stance0000',b'stance0000',,,,,,,,,,,,,,,,,,,,,,,,,,,,,,,,
3,UP,,,b'stance0000',b'stance0000',b'stance0000',b'stance0000',,,,,,,,,,,,,,,,,,,,,,,,,,,,,,,,
4,UP,,,b'stance0000',b'stance0000',b'stance0000',b'stance0000',,,,,,,,,,,,,,,,,,,,,,,,,,,,,,,,
5,UP,,,b'stance0000',b'stance0000',b'stance0000',b'stance0000',,,,,,,,,,,,,,,,,,,,,,,,,,,,,,,,
6,UP,,,b'stance0000',b'stance0000',b'stance0000',b'stance0000',,,,,,,,,,,,,,,,,,,,,,,,,,,,,,,,
7,UP,,470.6,b'stance0000',b'stance0000',b'stance0000',b'stance0000',,,,,,,,,,,,,,,,,,,,,,,,,,,,,,,,
8,UP,,493.62,b'stance0000',b'stance0000',b'stance0000',b'stance0000',,,,,,,,,,,,,,,,,,,,,,,,,,,,,,,,
9,UP,,298.04,b'stance0000',b'stance0000',b'stance0000',b'stance0000',,,,,,,,,,,,,,,,,,,,,,,,,,,,,,,,
10,UP,,915.13,b'stance0000',b'stance0000',b'stance0000',b'stance0000',,,,,,,,,,,,,,,,,,,,,,,,,,,,,,,,
11,UP,,245.96,b'stance0000',b'stance0000',b'stance0000',b'stance0000',,,,,,,,,,,,,,,,,,,,,,,,,,,,,,,,
12,UP,,348.05,b'stance0000',b'stance0000',b'stance0000',b'stance0000',,,,,,,,,,,,,,,,,,,,,,,,,,,,,,,,
13,UP,,486.76,b'stance0000',b'stance0000',b'stance0000',b'stance0000',,,,,,,,,,,,,,,,,,,,,,,,,,,,,,,,
14,UP,,210.1,b'stance0000',b'stance0000',b'stance0000',b'stance0000',,,,,,,,,,,,,,,,,,,,,,,,,,,,,,,,
15,UP,,385.0,b'stance0000',b'stance0000',b'stance0000',b'stance0000',,,,,,,,,,,,,,,,,,,,,,,,,,,,,,,,
16,UP,,275.67,b'stance0000',b'stance0000',b'stance0000',b'stance0000',,,,,,,,,,,,,,,,,,,,,,,,,,,,,,,,
17,UP,,229.66,b'stance0000',b'stance0000',b'stance0000',b'stance0000',,,,,,,,,,,,,,,,,,,,,,,,,,,,,,,,
18,UP,,723.62,b'stance0000',b'stance0000',b'stance0000',b'stance0000',,,,,,,,,,,,,,,,,,,,,,,,,,,,,,,,
19,UP,,569.17,b'stance0000',b'stance0000',b'stance0000',b'stance0000',,,,,,,,,,,,,,,,,,,,,,,,,,,,,,,,
20,UP,,401.91,b'stance0000',b'stance0000',b'stance0000',b'stance0000',,,,,,,,,,,,,,,,,,,,,,,,,,,,,,,,
21,UP,,752.25,b'stance0000',b'stance0000',b'stance0000',b'stance0000',,,,,,,,,,,,,,,,,,,,,,,,,,,,,,,,
22,UP,,259.39,b'stance0000',b'stance0000',b'stance0000',b'stance0000',,,,,,,,,,,,,,,,,,,,,,,,,,,,,,,,
23,UP,,408.97,b'stance0000',b'stance0000',b'stance0000',b'stance0000',,,,,,,,,,,,,,,,,,,,,,,,,,,,,,,,
24,UP,,478.1,b'stance0000',b'stance0000',b'stance0000',b'stance0000',,,,,,,,,,,,,,,,,,,,,,,,,,,,,,,,
25,UP,,256.11,b'stance0000',b'stance0000',b'stance0000',b'stance0000',,,,,,,,,,,,,,,,,,,,,,,,,,,,,,,,
26,UP,,345.75,b'stance0000',b'stance0000',b'stance0000',b'stance0000',,,,,,,,,,,,,,,,,,,,,,,,,,,,,,,,
27,UP,,,b'stance0000',b'stance0000',b'stance0000',b'stance0000',,,,,,,,,,,,,,,,,,,,,,,,,,,,,,,,
28,UP,,569.73,b'stance0000',b'stance0000',b'stance0000',b'stance0000',,,,,,,,,,,,,,,,,,,,,,,,,,,,,,,,
29,UP,,,b'stance0000',b'stance0000',b'stance0000',b'stride0001',,,,0.0,,,,,,,,,,,,,,,,,,,,,,,,,,,,
30,UP,,,b'stance0000',b'stance0000',b'stride0001',b'stance0001',,,125.86055774016076,,,,,,,,,,,,,,,,,,,,,,,,,,,,,
31,UP,,,b'stance0000',b'stance0000',b'stride0001',b'stance0001',,,125.86055774016076,,,,,,,,,,,,,,,,,,,,,,,,,,,,,
32,UP,,,b'stance0000',b'stance0000',b'stride0001',b'stance0001',,,125.86055774016076,,,,,,,,,,,,,,,,,,,,,,,,,,,,,
33,UP,,215.1,b'stance0000',b'stride0001',b'stance0001',b'stride0002',16.88637612443845,,,16.376004428147127,,,,,,,,,,,,,,,,,,,,,,,,,,,,
34,UP,,258.65,b'stance0000',b'stride0001',b'stride0002',b'stride0002',16.88637612443845,,0.0,16.376004428147127,,,,,,,,,,,,,,,,,,,,,,,,,,,,
35,UP,,,b'stance0000',b'stride0001',b'stance0002',b'stride0002',16.88637612443845,,,16.376004428147127,,,,,,,21.63018413555049,,,,,,,,,,,,,,,,,,,,,
36,UP,,290.67,b'stance0000',b'stride0001',b'stance0002',b'stride0002',16.88637612443845,,,16.376004428147127,,,,,,,21.63018413555049,,,,,,,,,,,,,,,,,,,,,
37,UP,,541.28,b'stance0000',b'stance0001',b'stance0002',b'stride0002',,,,16.376004428147127,,,,,,28.65124465993254,21.63018413555049,,,,,,,,,,,,,,,,,,,,,
38,UP,,214.94,b'stance0000',b'stance0001',b'stance0002',b'stance0002',,,,,,,,,,28.65124465993254,21.63018413555049,,,,,,,,,,,,,,,,,,,,,
39,UP,,572.38,b'stance0000',b'stance0001',b'stance0002',b'stance0002',,,,,,,,,,28.65124465993254,21.63018413555049,,,,,,,,,,,,,,,,,,,,,
40,UP,,561.44,b'stance0000',b'stance0001',b'stride0003',b'stride0003',,,0.0,13.020336553124967,,,,,,28.65124465993254,,,,,,,,,,,,,,,,,,,,,,
41,UP,,519.87,b'stance0000',b'stride0002',b'stance0003',b'stride0003',0.0,,,13.020336553124967,,,,,,,,,,,,,,,,,,,,,,,,,,,,
42,UP,,604.2,b'stance0000',b'stance0002',b'stance0003',b'stance0003',,,,,,,,,,,,,,,,,,,,,,,,,,,,,,,,
43,UP,,459.53,b'stance0000',b'stance0002',b'stance0003',b'stance0003',,,,,,,,,,,,,,,,,,,,,,,,,,,,,,,,
44,UP,,574.4,b'stance0000',b'stance0002',b'stride0004',b'stride0004',,,0.0,12.931090458158387,,,,,,,,,,,,,,,,,,,,,,,,,,131.01647379799405,,
45,UP,,700.31,b'stance0000',b'stride0003',b'stance0004',b'stride0004',7.257721892161879,,,12.931090458158387,,,,,,,,,,,,,,,,,,,,,,,,,,131.57653911107911,,
46,UP,,478.09,b'stance0000',b'stride0003',b'stride0005',b'stride0004',7.257721892161879,,128.86874223076876,12.931090458158387,,,,,,,,,,,,,,,,,,,,,,,,,,,,
47,UP,,,b'stance0000',b'stance0003',b'stride0005',b'stance0004',,,128.86874223076876,,,,,,,34.22080284602847,,,,,,,,,,,,,,,,,,,,,,
48,UP,,,b'stance0000',b'stance0003',b'stance0005',b'stride0005',,,,5.423932784681026,,,,,,34.22080284602847,,,,,,,,,,,,,,,,,,,,,,
49,UP,,1099.07,b'stance0000',b'stance0003',b'stride0006',b'stride0005',,,0.0,5.423932784681026,,,,,,34.22080284602847,,,,,,,,,,,,,,,,,,,,,,
50,UP,,760.49,b'stance0000',b'stance0003',b'stance0006',b'stance0005',,,,,,,,,,34.22080284602847,,,,,,,,,,,,,,,,,,,,,,
51,UP,,877.61,b'stance0000',b'stance0003',b'stride0007',b'stance0005',,,7.175018656530698,,,,,,,34.22080284602847,,,,,,,,,,,,,,,,,,,,,,
52,UP,,,b'stance0000',b'stride0004',b'stride0007',b'stride0006',5.033797412939838,,7.175018656530698,0.0,,,,,,,,,,,,,,,,,,,,,,,,,,,,
53,UP,,,b'stance0000',b'stride0004',b'stance0007',b'stance0006',5.033797412939838,,,,,,,,,,,138.307236911001,,,,,,,,,,,,,,,,,,,,
54,UP,,,b'stance0000',b'stance0004',b'stance0007',b'stance0006',,,,,,,,,,106.43705561530497,,138.307236911001,,,,,,,,,,,,,164.90103362822742,,,,166.2184656580632,,,
55,UP,,926.34,b'stance0000',b'stance0004',b'stride0008',b'stance0006',,,0.0,,,,,,,106.43705561530497,,138.307236911001,,,,,,,,,,,,,160.3529013926783,,,,166.02414753481256,,,
56,UP,,944.04,b'stance0000',b'stance0004',b'stance0008',b'stance0006',,,,,,,,,,106.43705561530497,,138.307236911001,,,,,,,,,,,,,161.3892120779399,148.4732816419148,,,165.24711369824166,130.46315822577964,,
57,UP,,1257.84,b'stance0000',b'stance0004',b'stance0008',b'stance0006',,,,,,,,,,106.43705561530497,,138.307236911001,,,,,,,,,,,,,154.62889568030096,162.11205347096126,,,160.3314241544049,119.16473507896092,,
58,UP,,1477.45,b'stance0000',b'stance0004',b'stance0008',b'stance0006',,,,,,,,,,106.43705561530497,,138.307236911001,,,,,,,,,,,,,152.099230490485,175.54562213048246,,,159.9180209162557,106.62018279000507,,
59,UP,,1309.24,b'stance0000',b'stance0004',b'stride0009',b'stance0006',,,0.0,,,,,,,106.43705561530497,,138.307236911001,,,,,,,,,,,,,150.3460787188718,167.32209187877103,,,155.34081130655855,97.23612961073198,,
60,UP,,940.24,b'stance0000',b'stance0004',b'stance0009',b'stride0007',,,,2.817128548478781,,,,,,106.43705561530497,,,,,,,,,,,,,,,147.75001173911684,163.2338201579772,,,153.92820580207618,92.99565135620679,,
61,UP,,1396.82,b'stance0000',b'stance0004',b'stance0009',b'stride0007',,,,2.817128548478781,,,,,,106.43705561530497,,,,,,,,,,,,,,,145.8897194893012,153.6772311667456,,,161.95189384364173,85.86663161290183,,
62,UP,,574.43,b'stance0000',b'stance0004',b'stride0010',b'stride0007',,,,2.817128548478781,,,,,,106.43705561530497,,,,,,,,,,,,,,,146.52697170089755,162.50492619875862,,,150.56215274974397,89.04606716230904,,
63,UP,,770.8,b'stance0000',b'stance0004',b'stance0010',b'stride0007',,,,2.817128548478781,,,,,,106.43705561530497,,,,,,,,,,,,,,,142.4902139501296,148.4402175861124,,,160.50265485338227,79.39337266975663,,
64,UP,,835.18,b'stance0000',b'stance0004',b'stance0010',b'stride0007',,,,2.817128548478781,,,,,,106.43705561530497,,,,,,,,,,,,,,,140.09509893954174,151.63110580016078,,,,78.79426801846093,,
65,UP,,754.53,b'stride0001',b'stance0004',b'stance0010',b'stride0007',,142.3578832900622,,2.817128548478781,,,,,,106.43705561530497,,,,,,,,,,,,,,,136.34229480540077,150.80578615782093,,,,73.18248519717407,,
66,UP,,833.59,b'stride0001',b'stance0004',b'stance0010',b'stance0007',,142.3578832900622,,,,,,,,106.43705561530497,,,,,,,,,,,,,,,128.81403651515842,150.55535764791236,,,,75.99613660594633,,
67,UP,,399.11,b'stride0001',b'stance0004',b'stance0010',b'stride0008',,142.3578832900622,,5.558628829086716,,,,,,106.43705561530497,,,,,,,,,,,,,,,123.60195224808587,146.63754606987268,,,,74.12164596015917,,
68,UP,,682.31,b'stride0001',b'stance0004',b'stance0010',b'stride0008',,142.3578832900622,,5.558628829086716,,,,,,106.43705561530497,,,,,,,,,,,,,,,125.9450929871407,148.23755209881597,,,,73.94552890103498,,
69,UP,,467.63,b'stride0001',b'stance0004',b'stride0011',b'stance0008',,142.3578832900622,,,,,,,,106.43705561530497,,140.16155971234133,,,,,,,,,,,,,131.8585773043336,153.96225537292935,,,,76.38462546407878,,
70,UP,,793.16,b'stride0001',b'stance0004',b'stride0011',b'stance0008',,142.3578832900622,,,,,,,,106.43705561530497,,140.16155971234133,,,,,,,,,,,,,136.40010880814754,163.5983166793818,,,,74.25466060178988,,
71,UP,,928.16,b'stride0001',b'stance0004',b'stride0011',b'stance0008',,142.3578832900622,,,,,,,,106.43705561530497,,140.16155971234133,,,,,,,,,,,,,139.03135189530704,168.34707051971466,,,,72.3557115309253,,
72,UP,,218.69,b'stride0001',b'stance0004',b'stride0011',b'stance0008',,142.3578832900622,,,,,,,,106.43705561530497,,140.16155971234133,,,,,,,,,,,,,,171.7202978498574,,,,73.9241775874391,,
73,UP,,1009.58,b'stride0001',b'stance0004',b'stride0011',b'stance0008',,142.3578832900622,,,,,,,,106.43705561530497,,140.16155971234133,,,,,,,,,,,,,,155.16353467088427,,,,66.7025476009479,,
74,UP,,977.83,b'stride0001',b'stance0004',b'stance0011',b'stance0008',,142.3578832900622,,,,,,,,106.43705561530497,,140.16155971234133,,,,,,,,,,,,,,159.41206153734643,,,,67.81245108340141,,
75,UP,,1180.36,b'stride0001',b'stance0004',b'stance0011',b'stride0009',,142.3578832900622,,0.0,,,,,,106.43705561530497,,,,,,,,,,,,,,,,175.58442250497654,,,,75.1692604006414,,
76,UP,,713.78,b'stride0001',b'stance0004',b'stance0011',b'stance0009',,142.3578832900622,,,,,,,,106.43705561530497,,68.60411353054285,,,,,,,,,,,,,,171.5738981069452,,,,70.82312707044802,,
77,UP,,1539.84,b'stride0001',b'stance0004',b'stance0011',b'stance0009',,142.3578832900622,,,,,,,,106.43705561530497,,68.60411353054285,,,,,,,,,,,,,,,,,,,,
78,UP,,1046.59,b'stance0001',b'stance0004',b'stance0011',b'stance0009',,,,,,,,,,106.43705561530497,,68.60411353054285,,,,,,,,,,,,,,,,,,,,
79,UP,,1434.56,b'stance0001',b'stance0004',b'stance0011',b'stance0009',,,,,,,,,,106.43705561530497,,68.60411353054285,,,,,,,,,,,,,,,,,,,,
80,UP,,1013.0,b'stride0002',b'stance0004',b'stance0011',b'stance0009',,0.0,,,,,,,,106.43705561530497,,68.60411353054285,,,,,,,,,,,,,,,,,,,,
81,UP,12.571592575914167,1433.63,b'stance0002',b'stance0004',b'stride0012',b'stride0010',,,,,,,,,14.232485307986762,106.43705561530497,,,,,,,,,,,,,,,,,162.7271685097449,,,,,
82,UP,14.647157993199443,2536.945,b'stance0002',b'stance0004',b'stance0012',b'stride0010',,,,,,,,,14.232485307986762,106.43705561530497,,,,,,,,,,,,,,,159.52746464638497,,168.97141609663493,,123.60734245417659,,,
83,UP,18.356669141776166,1293.2,b'stance0002',b'stance0004',b'stance0012',b'stance0010',,,,,,,,,14.232485307986762,106.43705561530497,,,,,,,,,,,,,,,162.9672369484807,,174.33493972547762,,114.54189802432214,,75.35011388933192,
84,UP,20.35367392033143,1489.255,b'stance0002',b'stance0004',b'stride0013',b'stance0010',,,,,,,,,14.232485307986762,106.43705561530497,,,,,,,,,,,,,,,163.50336015967792,,165.82731796928908,,110.72434561803459,,72.98433319061462,
85,UP,21.98238185144598,1962.98,b'stance0002',b'stance0004',b'stride0013',b'stance0010',,,,,,,,,14.232485307986762,106.43705561530497,,,,,,,,,,,,,,,162.63657442170813,,176.27326253338694,,106.66350525150209,,92.1289123797458,
86,UP,22.067915593993206,1701.46,b'stance0002',b'stance0004',b'stride0013',b'stance0010',,,,,,,,,14.232485307986762,106.43705561530497,,,,,,,,,,,,,,,179.5085631324345,,166.1772097274961,150.3547723143495,94.5770135640107,,98.88080843249698,
87,UP,23.94019538286193,1808.08,b'stance0002',b'stance0004',b'stride0013',b'stride0011',,,,,,,,,14.232485307986762,106.43705561530497,,,,,,,,,,,,,,,176.44182388109442,,166.46463043935893,144.55754341814927,96.53627502891237,,116.80565255599225,
88,UP,,1494.495,b'stance0002',b'stance0004',b'stance0013',b'stride0011',,,,,,,,,14.232485307986762,106.43705561530497,,,,,,,,,,,,,,,,,166.0326224593142,145.4170935871128,,,112.02124885181156,
89,UP,24.384007959129974,1180.48,b'stance0002',b'stride0005',b'stance0013',b'stride0011',0.0,,,,,,,,14.232485307986762,,,,,,,,,,,,,,,,161.42976657836616,,165.5759402449843,151.4530192565037,101.45835258544979,,109.38998155680807,
90,UP,,1672.6,b'stance0002',b'stance0005',b'stance0013',b'stride0011',,,,,,,,,14.232485307986762,,,,,,,,,,,,,,,,,,,,121.79953911976061,,,
91,UP,25.771867055378408,1141.42,b'stance0002',b'stance0005',b'stance0013',b'stride0011',,,,,,,,,14.232485307986762,,,,,,,,,,,,,,,,173.85844228252512,,161.07207678613597,,132.13691954781612,,105.28563056364497,
92,UP,23.62035478680957,1821.145,b'stance0002',b'stride0006',b'stance0013',b'stride0011',0.0,,,,,,,,14.232485307986762,,,,,,,,,,,,,,,,153.47469698485907,,172.41711063191644,,121.84273779790927,,106.754186844247,
93,UP,21.034990299025594,1608.96,b'stance0002',b'stance0006',b'stance0013',b'stride0011',,,,,,,,,14.232485307986762,,,,,,,,,,,,,,,,164.01830617968076,,,71.82257289297345,134.45666434132227,,,55.745630596676065
94,UP,20.213326201784753,1122.875,b'stance0002',b'stride0007',b'stance0013',b'stride0011',200.19966041615552,,,,,,,,14.232485307986762,,,,,,,,,,,,,20.720345892352782,,,155.82543149305462,,163.8950221169218,65.25675428713048,149.78475996884274,,91.17245029773373,49.81451788698266
95,UP,18.46666207677157,932.985,b'stance0002',b'stride0007',b'stance0013',b'stride0011',200.19966041615552,,,,,,,,14.232485307986762,,,,,,,,,,,,,20.720345892352782,,,147.11059589499052,,160.7658488769294,,157.55906954108275,,89.61873545471997,
96,UP,17.945266278586985,1604.55,b'stance0002',b'stride0007',b'stance0013',b'stride0011',200.19966041615552,,,,,,,,14.232485307986762,,,,,,,,,,,,,20.720345892352782,,,145.97275154690038,,,,165.1344013518834,,,
97,UP,,1591.11,b'stance0002',b'stride0007',b'stance0013',b'stride0011',200.19966041615552,,,,,,,,14.232485307986762,,,,,,,,,,,,,20.720345892352782,,,148.3523087678669,,,,159.31334975560551,,,
98,UP,,1653.87,b'stance0002',b'stride0007',b'stance0013',b'stride0011',200.19966041615552,,,,,,,,14.232485307986762,,,,,,,,,,,,,20.720345892352782,,,140.44014668329794,,,,158.7111386335532,,,
99,UP,,1985.71,b'stance0002',b'stride0007',b'stance0013',b'stance0011',200.19966041615552,,,,,,,,14.232485307986762,,,,,,,,,,,,,20.720345892352782,,,141.67310218691716,,,,161.14450603832,,,
100,UP,,1148.07,b'stance0002',b'stride0007',b'stance0013',b'stance0011',200.19966041615552,,,,,,,,14.232485307986762,,,,,,,,,,,,,20.720345892352782,,,140.51556785450398,160.75297532011686,,,164.8484731484922,,94.70737504031061,
101,UP,,1376.5900000000001,b'stance0002',b'stride0007',b'stance0013',b'stride0012',200.19966041615552,,,,,,,,14.232485307986762,,,,,,,,,,,,,20.720345892352782,,,144.77100332372748,159.4087466336064,,,162.03118444159227,164.51797547685993,92.81817224212968,121.4070000394558
102,UP,6.792503680160024,1304.0,b'stance0002',b'stride0007',b'stance0013',b'stride0012',200.19966041615552,,,,,,,,14.232485307986762,,,,,,,,,,,,,20.720345892352782,,,144.9197402654449,162.4580719817021,170.70182890690634,168.4705552584594,167.57460099049698,159.88229657082326,95.87042165464813,114.30316599737453
103,UP,6.332023105334201,1168.165,b'stance0002',b'stride0007',b'stance0013',b'stance0012',200.19966041615552,,,,,,,,14.232485307986762,,,,,,,,,,,,,20.720345892352782,,,147.18456146784914,164.02116017392544,167.37470790626858,162.5005847792796,169.07756043909154,141.57233448236656,105.40746712564338,102.88739766505734
104,UP,5.654829413455474,1551.9650000000001,b'stance0002',b'stride0007',b'stance0013',b'stance0012',200.19966041615552,,,,,,,,14.232485307986762,,,,,,,,,,,,,20.720345892352782,,,151.25817206553927,168.40495258597704,164.02119975869198,166.82913438138615,172.10339226734854,131.59810401764207,110.51864165431279,106.2278936856085
105,UP,5.2895066339801815,1640.3049999999998,b'stance0002',b'stride0007',b'stance0013',b'stance0012',200.19966041615552,,,,,,,,14.232485307986762,,,,,,,,,,,,,20.720345892352782,,,150.06335122337074,175.36871474782592,160.72619616948106,162.90619899835073,177.97860458551656,124.0745059081874,,113.13673545109604
106,UP,3.669904061029314,921.345,b'stance0002',b'stride0007',b'stance0013',b'stance0012',200.19966041615552,,,,,,,,14.232485307986762,,,,,,,,,,,,,20.720345892352782,,,150.26463443433562,176.0449931831382,146.36282793057353,158.34580894385533,175.37486895043344,121.16050935875107,123.15049800306565,115.40864190809789
107,UP,2.921344604978657,1682.415,b'stance0002',b'stride0007',b'stance0013',b'stance0012',200.19966041615552,,,,,,,,14.232485307986762,,,,,,,,,,,,,20.720345892352782,,,149.2098943840858,173.30419164793295,141.87285109543052,179.3069128280751,172.178117688005,121.95161150006868,126.67959002894128,122.77878608772599
108,UP,2.091188400888967,1224.505,b'stride0003',b'stride0007',b'stance0013',b'stance0012',200.19966041615552,7.010270776506921,,,,,,,,,,,,,,,,,,,,20.720345892352782,,,145.47402588038383,170.6626349060906,137.86996590387898,178.39555402059855,,125.95130708009216,132.1832152800269,124.91625807430893
109,UP,0.8976207731670911,1212.545,b'stride0003',b'stance0007',b'stance0013',b'stance0012',,7.010270776506921,,,,,,,,16.16001830755107,,,,,,,,,,,,,,,145.93266737329657,175.24083755422592,142.5267312247774,175.76598918336938,,124.53535049914206,138.49288859955226,124.37123745193574
110,UP,0.7950775145856426,1312.475,b'stance0003',b'stance0007',b'stance0013',b'stance0012',,,,,,,,,,16.16001830755107,,,,,,,,,,,,,,,143.80559893634972,176.03505578165368,135.84952060856767,175.87494218668203,,114.48369842186612,142.33398892632633,122.4591895269281
111,UP,1.0302127627718676,1349.845,b'stride0004',b'stance0007',b'stance0013',b'stance0012',,175.43342685833798,,,,,,,,16.16001830755107,,,88.59351849893952,,,,6.741040713102734,,,,12.260939515201287,,,,146.9008887659475,175.25633276300212,120.75854213499193,173.8199184471867,,108.25199818981878,148.73611878410742,119.23495725190054
112,UP,0.023095343193347162,1355.87,b'stride0004',b'stance0007',b'stance0013',b'stance0012',,175.43342685833798,,,,,,,,16.16001830755107,,,88.59351849893952,,,,6.741040713102734,,,,12.260939515201287,,,,152.37290464684935,173.52445716723489,127.89288963355197,170.81744193664744,,105.8960722190412,149.30585964615756,121.95579948491581
113,UP,0.44681637005518837,1158.505,b'stride0004',b'stance0007',b'stance0013',b'stance0012',,175.43342685833798,,,,,,,,16.16001830755107,,,88.59351849893952,,,,6.741040713102734,,,,12.260939515201287,,,,140.03491113717024,171.71135327486476,104.33026068078937,172.46276537980995,,104.87199175755302,156.85196832794935,125.53573498443416
114,UP,0.024512137564698833,1608.96,b'stride0004',b'stance0007',b'stance0013',b'stance0012',,175.43342685833798,,,,,,,,16.16001830755107,,,88.59351849893952,,,,6.741040713102734,,,,12.260939515201287,,,,153.60843421131074,175.40727173673613,107.89324913062721,177.235256252992,133.02690831648522,102.0870512182846,163.4061329626047,133.02035181096429
115,UP,0.2084356682836983,1448.4250000000002,b'stride0004',b'stance0007',b'stride0014',b'stance0012',,175.43342685833798,,,,,,,,16.16001830755107,,,88.59351849893952,,,,6.741040713102734,,,,12.260939515201287,,,,147.29834840926134,173.8724480268311,116.69079358193757,178.2359829287551,117.05726325819006,107.42709532549821,157.2819017949614,138.87962610356573
116,UP,1.6267811620374175,1332.3049999999998,b'stride0004',b'stance0007',b'stride0014',b'stance0012',,175.43342685833798,,,,,,,,16.16001830755107,,,88.59351849893952,,,,6.741040713102734,,,,12.260939515201287,,,,161.5649671749016,174.81480508830782,122.18722945628664,178.42491802328232,117.22697690845948,104.95177139205465,155.99080472391285,138.4675355397619
117,UP,2.542309436699611,1692.915,b'stride0004',b'stance0007',b'stride0014',b'stance0012',,175.43342685833798,,,,,,,,16.16001830755107,,,88.59351849893952,,,,6.741040713102734,,,,12.260939515201287,,,,174.93603266431185,172.10230605568054,128.4062558533854,176.50042400656105,119.56805899933366,105.76385376109377,,142.3548316437772
118,UP,3.877941343133074,1322.69,b'stride0004',b'stance0007',b'stride0014',b'stance0012',,175.43342685833798,,,,,,,,16.16001830755107,,,88.59351849893952,,,,6.741040713102734,,,,12.260939515201287,,,,175.81332423673072,165.95124213530335,130.26960149857172,174.4337812899125,120.576353518958,103.87852101581011,,146.5236918321071
119,UP,4.7985742372589755,1154.865,b'stride0004',b'stance0007',b'stance0014',b'stance0012',,175.43342685833798,,,,,,,,16.16001830755107,,,88.59351849893952,,,,6.741040713102734,,,,12.260939515201287,,,,170.09557023175563,169.68793988913416,144.55749666496928,170.03030215974397,131.19742889889062,108.55872460267096,,147.37732425076356
120,UP,6.1008349177473065,1582.4099999999999,b'stride0004',b'stance0007',b'stance0014',b'stance0012',,175.43342685833798,,,,,,,,16.16001830755107,,,88.59351849893952,,,,6.741040713102734,,,,12.260939515201287,,,,176.24152763525555,166.21502863139764,145.89104450601369,161.93613655639265,129.67405199696515,112.44960910220307,,151.48242895537305
121,UP,6.570518422696921,1237.515,b'stride0004',b'stance0007',b'stride0015',b'stance0012',,175.43342685833798,,,,,,,,16.16001830755107,,,88.59351849893952,,,,6.741040713102734,,,,12.260939515201287,,,,166.5333493982292,176.1300121276639,160.19484292043472,168.17449715081815,142.10370439881902,123.54399200307125,94.82233732393723,152.04557776869012
122,UP,7.743329803496351,1456.6950000000002,b'stride0004',b'stance0007',b'stride0015',b'stance0012',,175.43342685833798,,,,,,,,16.16001830755107,,,88.59351849893952,,,,6.741040713102734,,,,12.260939515201287,,,,163.43995494076344,177.09021464937774,168.00682163558466,167.7597979415079,146.9223539823069,133.45983146519424,83.17103776984449,152.4588399704099
123,UP,9.379390770433503,968.625,b'stride0004',b'stance0007',b'stride0015',b'stance0012',,175.43342685833798,,,,,,,,16.16001830755107,,,88.59351849893952,,,,6.741040713102734,,,,12.260939515201287,,,,159.5615881352401,176.0965454085235,173.3659616718722,162.49754728557656,147.24692960052437,133.64956148009338,77.26695250201398,157.3884990066492
124,UP,10.264145206713408,1216.295,b'stance0004',b'stance0007',b'stride0015',b'stance0012',,,,,,,,,0.5150351206639588,16.16001830755107,,,,,,,,,,,,,,,170.02267500190317,175.29518688288306,172.55890194762435,157.04470137364984,146.08245697417712,132.61585536863035,68.35823581134743,156.2472738422924
125,UP,11.3310974433968,1014.885,b'stance0004',b'stance0007',b'stride0015',b'stance0012',,,,,,,,,0.5150351206639588,16.16001830755107,,,,,,,,,,,,,,,172.50925710392647,171.0485251862852,163.73295432968777,158.51272564768215,147.78107921455154,132.28479232289465,62.62205646874838,156.49600845980387
126,UP,12.185551873604254,1166.7,b'stance0004',b'stance0007',b'stride0015',b'stride0013',,,,,,,,,0.5150351206639588,16.16001830755107,,,,,,,,,,,,,,,179.28715305156055,169.35896206082597,164.08840861822532,157.89813536783294,142.6674483830864,135.89874548836696,65.60768942702882,154.74957075514783
127,UP,12.15103674850181,1306.6399999999999,b'stance0004',b'stance0007',b'stride0015',b'stride0013',,,,,,,,,0.5150351206639588,16.16001830755107,,,,,,,,,,,,,,,178.40009887996254,162.4418039120351,165.44292944192733,155.6053797215048,141.04173801006982,137.1817656572869,74.51430177702288,149.9609799047185
128,UP,12.55802099585452,1190.6100000000001,b'stance0004',b'stance0007',b'stride0015',b'stride0013',,,,,,,,,0.5150351206639588,16.16001830755107,,,,,,,,,,,,,,,176.72455358443023,163.6825967996954,159.66763529265276,160.0068957175348,131.53243197369963,146.2824019107905,82.70335710970116,143.50032750550497
129,UP,11.864521174664958,1198.85,b'stance0004',b'stance0007',b'stride0015',b'stride0013',,,,,,,,,0.5150351206639588,16.16001830755107,,,,,,,,,,,,,,,174.0982159928289,162.83056013987223,162.66716284862153,167.54819623437393,127.6769931226178,146.86101047029086,94.96478799617073,135.13521016743027
130,UP,11.960060047842205,1232.075,b'stance0004',b'stance0007',b'stride0015',b'stride0013',,,,,,,,,0.5150351206639588,16.16001830755107,,,,,,,,,,,,,,,176.41156027372287,159.50232318949548,167.0221643494884,170.30972862751668,128.45693801945376,143.76865949219973,103.18463563276764,130.31260597007022
131,UP,10.693055669219689,1303.71,b'stance0004',b'stance0007',b'stride0015',b'stride0013',,,,,,,,,0.5150351206639588,16.16001830755107,,,,,,,,,,,,,,,175.536025099664,159.2494814755777,170.7464070587625,171.69470845403998,122.55446634663684,141.69987098785995,102.72274758284911,120.68188056772937
132,UP,9.95588660627672,1385.195,b'stance0004',b'stance0007',b'stance0015',b'stride0013',,,,,,,,,0.5150351206639588,16.16001830755107,,,,,,,,,,,,,,,176.3973691668739,158.82111166968994,167.75534978138316,179.5465362770402,119.47460012465851,140.91298834908875,102.58985960347322,108.17066794822098
133,UP,8.267659513553951,1340.04,b'stance0004',b'stance0007',b'stance0015',b'stride0013',,,,,,,,,0.5150351206639588,16.16001830755107,,,,,,,,,,,,,,,177.40410723784404,158.67927745243998,170.20622940902498,173.1761464753209,115.95704689516234,147.28052292185015,103.85932885752922,104.40092634756401
134,UP,7.392508530494013,1724.805,b'stance0004',b'stance0007',b'stance0015',b'stride0013',,,,,,,,,0.5150351206639588,16.16001830755107,,,,,,,,,,,,,,,173.56600109071363,154.18516211370476,171.68167489844993,171.4085687446096,116.51317363239616,157.38596210779656,102.84119861395071,96.98660427525013
135,UP,4.465707689670296,1463.255,b'stance0004',b'stance0007',b'stance0015',b'stride0013',,,,,,,,,0.5150351206639588,16.16001830755107,,,,,,,,,,,,,,,166.612945438155,140.1143468776986,172.67301714487803,170.6927813855941,109.34352429658693,156.27070270921365,105.14928928168213,102.85416615715408
136,UP,3.3783935248876844,1558.54,b'stance0004',b'stride0008',b'stance0015',b'stride0013',219.04426282481936,,,,,,,,0.5150351206639588,,,,,90.20048605132513,,,,8.601572032649559,,,,14.03898851308196,,,168.2905569228616,136.71400349452722,175.49408928363673,173.74672945138795,109.95088138633697,166.77863658977748,110.01480185431295,109.76321060088264
137,UP,1.209955300640786,1621.405,b'stance0004',b'stride0008',b'stance0015',b'stride0013',219.04426282481936,,,,,,,,0.5150351206639588,,,,,90.20048605132513,,,,8.601572032649559,,,,14.03898851308196,,,170.65856790407557,138.11358615088662,179.31545785768773,164.74384486488387,109.92330290794598,164.7105726910902,111.41222349765945,114.58685536437147
138,UP,0.7263640106482114,1564.315,b'stance0004',b'stride0008',b'stance0015',b'stride0013',219.04426282481936,,,,,,,,0.5150351206639588,,,,,90.20048605132513,,,,8.601572032649559,,,,14.03898851308196,,,163.64651683248167,134.90246735662183,172.10169325878778,162.7189052049209,108.91131494284441,,114.12291676517896,117.65414706016801
139,UP,2.1763996629136386,1700.405,b'stance0004',b'stride0008',b'stance0015',b'stride0013',219.04426282481936,,,,,,,,0.5150351206639588,,,,,90.20048605132513,,,,8.601572032649559,,,,14.03898851308196,,,153.76869882191255,141.24300761100298,165.41224583252855,157.38476098527673,107.1377948274666,,116.93771408377765,
140,UP,3.588573791829134,1677.715,b'stance0004',b'stride0008',b'stance0015',b'stride0013',219.04426282481936,,,,,,,,0.5150351206639588,,,,,90.20048605132513,,,,8.601572032649559,,,,14.03898851308196,,,152.977414182775,153.23664238743618,166.24959797848572,161.5744406861556,120.7357079873596,,119.90448165848858,
141,UP,5.813443534726872,1862.22,b'stance0004',b'stride0008',b'stance0015',b'stride0013',219.04426282481936,,,,,,,,0.5150351206639588,,,,,90.20048605132513,,,,8.601572032649559,,,,14.03898851308196,,,153.69095961512554,154.13896095252667,168.59293124731994,151.60554609408686,118.86261122590936,176.17131940839437,122.94157764033017,
142,UP,6.966955253290166,2009.7350000000001,b'stance0004',b'stride0008',b'stance0015',b'stance0013',219.04426282481936,,,,,,,,0.5150351206639588,,,,,90.20048605132513,,,,8.601572032649559,,,,14.03898851308196,,,160.43013255272166,156.42254436966834,156.12706795243025,157.11181758532697,136.5295007444081,162.88754459494737,129.55449091318496,
143,UP,9.235686116967685,1855.025,b'stance0004',b'stride0008',b'stance0015',b'stride0014',219.04426282481936,,,,,,,,0.5150351206639588,,,,,90.20048605132513,,,,8.601572032649559,,,,14.03898851308196,,,160.34119708858282,149.57022504851585,156.37147174342164,161.87004074312676,140.16389918598873,142.00911068017706,133.5930669464505,125.29394999526107
144,UP,10.013646902167608,2032.26,b'stance0004',b'stride0008',b'stance0015',b'stance0014',219.04426282481936,,,,,,,,0.5150351206639588,,,,,90.20048605132513,,,,8.601572032649559,,,,14.03898851308196,,,160.80791809428285,154.2282048237944,152.085437570806,157.04341450936718,146.0512748732732,129.65040535452127,139.448289194622,120.80281618941179
145,UP,11.693422437091101,1912.56,b'stance0004',b'stride0008',b'stance0015',b'stance0014',219.04426282481936,,,,,,,,0.5150351206639588,,,,,90.20048605132513,,,,8.601572032649559,,,,14.03898851308196,,,159.95654169177556,165.3199416603869,149.80277834014407,161.2127253685023,154.68212622882558,121.7337676823275,145.48768122520977,116.03627927497803
146,UP,12.103197064106297,1996.1299999999999,b'stance0004',b'stride0008',b'stance0015',b'stance0014',219.04426282481936,,,,,,,,0.5150351206639588,,,,,90.20048605132513,,,,8.601572032649559,,,,14.03898851308196,,,157.35816393786936,169.01046726010435,146.6194947537856,162.785821862008,156.21964396257678,119.45471151398405,151.7607830532403,116.94514691262917
147,UP,13.690081537448378,1899.645,b'stance0004',b'stride0008',b'stance0015',b'stance0014',219.04426282481936,,,,,,,,0.5150351206639588,,,,,90.20048605132513,,,,8.601572032649559,,,,14.03898851308196,,,160.91104759959788,178.77298890648632,139.73973747381427,168.28839911456674,169.9393313631059,123.69281887091006,157.99756511690651,119.14201284549961
148,UP,14.560389965711778,1865.495,b'stride0005',b'stride0008',b'stride0016',b'stance0014',219.04426282481936,0.0,,,,,,,,,,,,90.20048605132513,,,,8.601572032649559,,,,14.03898851308196,,,155.58807571468714,168.80349820803286,137.93893071543314,166.24338645360714,173.7799742844957,131.69480165813297,162.8751766221602,119.0038598254693
149,UP,15.581159767446167,2052.6549999999997,b'stance0005',b'stride0008',b'stance0016',b'stance0014',219.04426282481936,,,,,,,,,,,,,90.20048605132513,,,,8.601572032649559,,,,14.03898851308196,,,159.49331710571713,168.84781461920966,140.44973682074973,166.50307126399457,172.5779432438117,138.56020570154152,162.6107245908337,119.41191949802742
150,UP,15.635112688779657,2225.235,b'stance0005',b'stance0008',b'stride0017',b'stance0014',,,,,,,,,,3.249041880415494,,,,,,,,,,,,,,,157.269191692088,170.32218122951372,134.39832648566858,168.92821911398326,177.31680082060294,132.2116148168035,164.47535305278697,120.73396277855366
151,UP,15.918074177014176,1564.9850000000001,b'stance0005',b'stance0008',b'stride0017',b'stance0014',,,,,,,,,,3.249041880415494,,,,,,,,,,,,,,,157.2332383851379,173.69317457358252,141.45950912621163,164.4724195737887,177.08667358059728,125.33591980637502,,119.7233827876575
152,UP,14.915344516561788,1672.775,b'stride0006',b'stance0008',b'stride0017',b'stance0014',,247.5815049002205,,,,,,,,3.249041880415494,,,90.52337850962111,,,,13.38938596524958,,,,10.061483024594821,,,,152.12228839752242,160.46962474404594,134.9916742155117,168.23748153815677,,110.0581134698314,,118.40199448501781
153,UP,14.377857848841302,1933.12,b'stride0006',b'stance0008',b'stride0017',b'stance0014',,247.5815049002205,,,,,,,,3.249041880415494,,,90.52337850962111,,,,13.38938596524958,,,,10.061483024594821,,,,151.8959727688889,161.19637073933623,145.24593955277865,169.9875899159984,,104.34675652370319,144.7927552599312,116.1941899502567
154,UP,13.999167639148851,1743.955,b'stride0006',b'stance0008',b'stride0017',b'stance0014',,247.5815049002205,,,,,,,,3.249041880415494,,,90.52337850962111,,,,13.38938596524958,,,,10.061483024594821,,,,149.26707060296272,161.92740260887103,144.57204366141409,177.0176689578389,,100.91942030055047,134.93190189670645,118.82846335409644
155,UP,12.823050806122382,1990.9499999999998,b'stride0006',b'stance0008',b'stride0017',b'stance0014',,247.5815049002205,,,,,,,,3.249041880415494,,,90.52337850962111,,,,13.38938596524958,,,,10.061483024594821,,,,143.57850370916685,157.21561209269234,158.25929177206496,178.8914844564789,,96.61439724620506,118.67653108447197,119.63177176170942
156,UP,11.30314893486647,1965.0,b'stride0006',b'stance0008',b'stride0017',b'stance0014',,247.5815049002205,,,,,,,,3.249041880415494,,,90.52337850962111,,,,13.38938596524958,,,,10.061483024594821,,,,148.18428367026956,164.08904057980288,165.29265623165725,177.19284342157974,,92.89951759401602,105.66266709097964,124.93231921133457
157,UP,8.884650760283847,1774.495,b'stride0006',b'stance0008',b'stride0017',b'stance0014',,247.5815049002205,,,,,,,,3.249041880415494,,,90.52337850962111,,,,13.38938596524958,,,,10.061483024594821,,,,141.00164214290908,164.76734777686409,169.23444714171768,179.01685918993292,,97.97982581778798,94.93220006118882,124.81547237221594
158,UP,8.570457649128542,2073.995,b'stride0006',b'stance0008',b'stride0017',b'stance0014',,247.5815049002205,,,,,,,,3.249041880415494,,,90.52337850962111,,,,13.38938596524958,,,,10.061483024594821,,,,138.23420583061875,169.51167950751307,179.3475345129123,175.87313468893393,,97.00723983041313,81.59100176740579,124.8542355856847
159,UP,5.432364653963731,1766.01,b'stride0006',b'stance0008',b'stride0017',b'stance0014',,247.5815049002205,,,,,,,,3.249041880415494,,,90.52337850962111,,,,13.38938596524958,,,,10.061483024594821,,,,145.3313690518517,163.18855753407627,173.1490696365428,170.29409605845146,,100.44902738287081,71.06057070100854,126.99233860187972
160,UP,4.762991878448162,1867.155,b'stride0006',b'stance0008',b'stride0017',b'stance0014',,247.5815049002205,,,,,,,,3.249041880415494,,,90.52337850962111,,,,13.38938596524958,,,,10.061483024594821,,,,142.84753285413262,166.79436409830103,169.40072227084153,166.474628046616,,108.47772470333112,69.25375543539774,128.21757789847234
161,UP,2.0386950968898248,2075.34,b'stride0006',b'stance0008',b'stride0017',b'stance0014',,247.5815049002205,,,,,,,,3.249041880415494,,,90.52337850962111,,,,13.38938596524958,,,,10.061483024594821,,,,162.90302820282292,163.1174560503513,161.08260174648737,158.4096312802045,149.1867339846164,108.45874656191236,69.25916261397286,134.3772035194233
162,UP,1.3535223854635205,2426.24,b'stride0006',b'stance0008',b'stride0017',b'stance0014',,247.5815049002205,,,,,,,,3.249041880415494,,,90.52337850962111,,,,13.38938596524958,,,,10.061483024594821,,,,179.41326957772074,166.71941995324948,161.7917703433196,151.65367141021994,145.20520702803768,111.14923006313052,73.52894380317878,138.23009232947086
163,UP,0.9604469165410308,2138.46,b'stride0006',b'stance0008',b'stride0017',b'stance0014',,247.5815049002205,,,,,,,,3.249041880415494,,,90.52337850962111,,,,13.38938596524958,,,,10.061483024594821,,,,178.34733190405422,161.91270973230962,161.05932151066693,147.92881876113813,147.35697932673577,119.88006500697801,83.78695144508701,147.41876769388213
164,UP,2.4408725117754386,1800.4650000000001,b'stride0006',b'stance0008',b'stride0017',b'stance0014',,247.5815049002205,,,,,,,,3.249041880415494,,,90.52337850962111,,,,13.38938596524958,,,,10.061483024594821,,,,173.87869702145994,164.00225202302474,152.2066540551578,147.91409297989497,144.58664899573682,141.4680452497451,94.83330043626822,153.21834054341906
165,UP,4.892309617545635,2218.41,b'stride0006',b'stance0008',b'stride0017',b'stride0015',,247.5815049002205,,,,,,,,3.249041880415494,,,90.52337850962111,,,,13.38938596524958,,,,10.061483024594821,,,,171.59623009115433,165.70273087046036,153.43139901059314,138.83777039810332,143.23243688759953,151.4469555388339,108.12716461987249,157.77724777327612
166,UP,6.364514389158472,2326.255,b'stride0006',b'stance0008',b'stride0017',b'stride0015',,247.5815049002205,,,,,,,,3.249041880415494,,,90.52337850962111,,,,13.38938596524958,,,,10.061483024594821,,,,166.88613746372434,156.9441730337506,149.5761757500304,145.49191606866407,141.87539431344402,148.9826176775575,111.26549717435982,161.88528478184156
167,UP,8.424397716306544,2195.13,b'stride0006',b'stance0008',b'stride0017',b'stride0015',,247.5815049002205,,,,,,,,3.249041880415494,,,90.52337850962111,,,,13.38938596524958,,,,10.061483024594821,,,,146.92499954289883,170.81784280668796,154.74789856652762,144.40247381365594,143.83502044222158,166.58351379818262,113.9045717964399,162.14837938411364
168,UP,8.602984217351917,2140.46,b'stance0006',b'stance0008',b'stance0017',b'stride0015',,,,,,,,,8.991361726243122,3.249041880415494,,,,,,,,,,,,,,,169.25615821044963,,155.8566192651627,142.92193444051995,134.78205019487524,,112.25401329716185,166.33673062756654
169,UP,9.493854712465577,2306.0,b'stance0006',b'stance0008',b'stance0017',b'stride0015',,,,,,,,,8.991361726243122,3.249041880415494,,,,,,,,,,,,,,,170.1051587176287,,164.32374284334023,142.32453360138686,130.716814185754,,105.76683885678223,162.21412225581415
170,UP,9.766715476137904,2139.3050000000003,b'stance0006',b'stance0008',b'stance0017',b'stride0015',,,,,,,,,8.991361726243122,3.249041880415494,,,,,,,,,,,,,,,177.65355304604984,,166.68305588812987,137.6687589868207,125.60945463499505,,102.48181287516621,160.66282479551825
171,UP,10.001780213385729,2009.6550000000002,b'stance0006',b'stance0008',b'stance0017',b'stride0015',,,,,,,,,8.991361726243122,3.249041880415494,,,,,,,,,,,,,,,167.6391071918194,,170.81552769028227,136.9395252273249,125.1332106630878,,104.36158589898608,154.95954951314354
172,UP,8.518739441208112,2140.33,b'stance0006',b'stance0008',b'stance0017',b'stride0015',,,,,,,,,8.991361726243122,3.249041880415494,,,,,,,,,,,,,,,173.25910628963325,,174.94437540737388,137.99480699237768,124.78956538510829,,105.58940241721214,144.09719607015592
173,UP,7.817326906667461,2012.24,b'stance0006',b'stride0009',b'stance0017',b'stride0015',272.1641008144659,,,,,,,,8.991361726243122,,,,,,,,,,,,,20.388627980935325,,,179.05017384294342,,179.05599763128544,142.02922622850906,117.35236812115423,,109.88001834803123,128.06326859949328
174,UP,5.63953844300508,1876.15,b'stance0006',b'stride0009',b'stance0017',b'stride0015',272.1641008144659,,,,,,,,8.991361726243122,,,,,,,,,,,,,20.388627980935325,,,178.31370017988598,,177.11280900876667,150.5070586253306,120.254803983302,,108.47086304851541,114.48000341772656
175,UP,5.1475831983627245,1881.26,b'stance0006',b'stride0009',b'stance0017',b'stride0015',272.1641008144659,,,,,,,,8.991361726243122,,,,,,,,,,,,,20.388627980935325,,,171.98633313568945,142.45931129571645,176.54058483431882,159.80000893843533,114.47506495415783,,103.1194340994217,97.60693191480118
176,UP,3.7328571793104857,1958.105,b'stance0006',b'stride0009',b'stance0017',b'stride0015',272.1641008144659,,,,,,,,8.991361726243122,,,,,,,,,,,,,20.388627980935325,,,167.9251856404023,150.2592480058121,176.16412296274996,172.67766834743156,112.52795426597075,,109.20335532087829,83.70108969847446
177,UP,2.6652124821906398,1921.5749999999998,b'stance0006',b'stride0009',b'stance0017',b'stride0015',272.1641008144659,,,,,,,,8.991361726243122,,,,,,,,,,,,,20.388627980935325,,,161.01185346385626,163.23271489187084,175.09527666591833,176.74605783462522,104.10407275285992,172.34811442981956,111.73119229035329,74.45017224229596
178,UP,0.7141660528542388,2181.315,b'stance0006',b'stride0009',b'stance0017',b'stride0015',272.1641008144659,,,,,,,,8.991361726243122,,,,,,,,,,,,,20.388627980935325,,,166.48085569139215,168.23599890971641,171.96408622088657,174.72584016806337,104.0257303432595,166.6506612016491,109.1159621477233,67.97990331803382
179,UP,1.0967997998436374,1965.365,b'stance0006',b'stride0009',b'stance0017',b'stride0015',272.1641008144659,,,,,,,,8.991361726243122,,,,,,,,,,,,,20.388627980935325,,,161.33675518114953,167.53093191883144,166.12314752694064,168.92481925506243,110.74586489666443,152.97656376007518,113.21135734179892,75.79740577013118
180,UP,2.4039315492028095,2330.74,b'stance0006',b'stride0009',b'stance0017',b'stride0015',272.1641008144659,,,,,,,,8.991361726243122,,,,,,,,,,,,,20.388627980935325,,,167.1394284144224,170.4036275306347,163.82429431294292,161.19454685691616,127.93760332222567,137.6761518033115,117.12108878752534,80.76290407206149
181,UP,5.927987139359061,2210.3,b'stance0006',b'stride0009',b'stance0017',b'stride0015',272.1641008144659,,,,,,,,8.991361726243122,,,,,,,,,,,,,20.388627980935325,,,159.56912021731023,170.6597007595375,162.15890231673552,158.55382511440712,142.40990394627346,128.29295208179397,118.3813747532862,89.37358797911786
182,UP,7.236919129171781,2794.895,b'stance0006',b'stride0009',b'stance0017',b'stride0015',272.1641008144659,,,,,,,,8.991361726243122,,,,,,,,,,,,,20.388627980935325,,,162.54723996810924,168.13393295322535,153.15326347634897,158.3003257010154,154.4731477505182,124.8949609267443,125.37408845566904,103.27341535382749
183,UP,11.107440673402778,2140.585,b'stance0006',b'stride0009',b'stance0017',b'stride0015',272.1641008144659,,,,,,,,8.991361726243122,,,,,,,,,,,,,20.388627980935325,,,153.18447383044412,171.65096512368987,148.8815184191841,162.69240095122925,146.5048854919783,124.45138596721549,133.48233083077878,113.09005692270397
184,UP,12.784669627543963,1981.205,b'stance0006',b'stride0009',b'stance0017',b'stride0015',272.1641008144659,,,,,,,,8.991361726243122,,,,,,,,,,,,,20.388627980935325,,,149.63497590516204,170.52923848554968,148.95994531239774,161.14772677858969,159.1952810247382,126.81522622872518,137.2199452718691,117.71348421113166
185,UP,15.4699484197983,2398.81,b'stride0007',b'stride0009',b'stride0018',b'stance0015',272.1641008144659,0.0,,,,,,,,,,,,,,,,,,,,20.388627980935325,,,153.32190941580677,179.3597063851181,139.19942108667283,168.782030516553,167.99542569982322,132.93892176277205,143.650248066759,117.07637009845295
186,UP,17.69980765812261,2360.6549999999997,b'stance0007',b'stride0009',b'stride0018',b'stance0015',272.1641008144659,,,,,,,,101.05587465182668,,,,,,,,,,,,,20.388627980935325,,,154.9130254814109,173.93649938380793,141.2601486742844,170.93726021929092,167.67424388345168,141.00264336991017,148.47226729807747,114.66451935261512
187,UP,20.39370964231054,2170.92,b'stance0007',b'stride0009',b'stride0018',b'stance0015',272.1641008144659,,,,,,,,101.05587465182668,,,,,,,,,,,,,20.388627980935325,,,157.59531830230767,171.33053726421394,139.27946096846372,170.9240070601753,175.73330284078287,137.96773776149294,151.6571410908851,120.12983264790279
188,UP,22.194688011077204,2097.7799999999997,b'stance0007',b'stride0009',b'stride0018',b'stance0015',272.1641008144659,,,,,,,,101.05587465182668,,,,,,,,,,,,,20.388627980935325,,,161.0096213502296,168.94915120269195,140.16180124431196,173.63950332566597,,142.09069890679564,151.20047417141782,119.5661093982626
189,UP,23.47786587480806,2097.5699999999997,b'stance0007',b'stance0009',b'stride0018',b'stance0015',,,,,,,,,101.05587465182668,3.888783076630323,,,,,,,,,,,,,,,154.9354274142801,172.3796067925103,130.90342650393927,167.43737661715855,,136.20416333205822,153.61899879074414,118.97709521104852
190,UP,22.990686584729644,2066.535,b'stance0007',b'stance0009',b'stride0018',b'stance0015',,,,,,,,,101.05587465182668,3.888783076630323,,,,,,,,,,,,,,,145.21259055658027,177.74068754971557,135.109818061371,166.46661908801818,,124.82209735857633,147.04607406376158,117.57642594296385
191,UP,21.409739871736292,1907.8600000000001,b'stance0007',b'stance0009',b'stride0018',b'stance0015',,,,,,,,,101.05587465182668,3.888783076630323,,,,,,,,,,,,,,,148.83625557917938,165.69545068997883,142.5433318794288,173.2424687526341,,113.16596578857839,137.94652478548534,120.4136576486834
192,UP,21.153007093737216,2005.1750000000002,b'stride0008',b'stance0009',b'stride0018',b'stance0015',,133.7908835400777,,,,,,,,3.888783076630323,,,,,,,,,,,46.600398789018755,,,,149.53036799373422,160.14727201269602,149.9014187850837,177.52666916304312,,104.69276074288142,,118.51141213930967
193,UP,19.16138173027454,2126.325,b'stride0008',b'stance0009',b'stride0018',b'stance0015',,133.7908835400777,,,,,,,,3.888783076630323,,,,,,,,,,,46.600398789018755,,,,150.72405329235042,158.1704054608849,158.1959936516611,178.39194442081597,,101.88071617245029,111.61501110811363,118.47834634946452
194,UP,17.552746376573054,2043.4850000000001,b'stride0008',b'stance0009',b'stride0018',b'stance0015',,133.7908835400777,,,,,,,,3.888783076630323,,,,,,,,,,,46.600398789018755,,,,158.17966822092797,153.89689934298406,159.38911656578637,179.66335986032502,,94.99320250811337,103.70173175518818,119.08643809257084
195,UP,15.940237470387729,2201.74,b'stride0008',b'stance0009',b'stride0018',b'stance0015',,133.7908835400777,,,,,,,,3.888783076630323,,,,,,,,,,,46.600398789018755,,,,149.06007847540675,158.61306089015568,169.06004899511538,178.080387973854,,97.10319080108056,92.78677598182534,119.41155797987132
196,UP,14.53590092655557,2095.73,b'stride0008',b'stance0009',b'stride0018',b'stance0015',,133.7908835400777,,,,,,,,3.888783076630323,,,,,,,,,,,46.600398789018755,,,,152.21250279724785,166.99849752664866,178.72009843603504,176.1128240732455,,101.0510137247725,82.65614080461766,121.16693480657946
197,UP,12.568624356946202,2123.125,b'stance0008',b'stance0009',b'stride0018',b'stance0015',,,,,,,,,,3.888783076630323,,,,,,,,,,,,,,,135.46900502210895,161.23460614618014,173.9405767271491,173.18199199356548,,104.78174783741758,78.48364218402045,126.21730449717154
198,UP,10.44516066834916,2175.455,b'stride0009',b'stance0009',b'stride0018',b'stance0015',,149.44982359964575,,,,,,,,3.888783076630323,,,45.321125051426364,,,,8.537529409844486,,,,1.6011961953543619,,,,152.9822379029228,163.0575991514376,164.45563233063262,171.47184702649315,,109.87153090964898,77.53523037818692,128.9408141697733
199,UP,8.864890497625993,2358.16,b'stride0009',b'stance0009',b'stride0018',b'stance0015',,149.44982359964575,,,,,,,,3.888783076630323,,,45.321125051426364,,,,8.537529409844486,,,,1.6011961953543619,,,,147.9523150056943,159.1272318186784,167.84988038093562,158.99984752164005,,112.90462158638688,80.59470585372193,136.61066841599995
200,UP,6.7328512961477145,2324.58,b'stride0009',b'stance0009',b'stride0018',b'stance0015',,149.44982359964575,,,,,,,,3.888783076630323,,,45.321125051426364,,,,8.537529409844486,,,,1.6011961953543619,,,,160.97621035499435,163.03468402939396,156.10122903647712,158.05257047215048,134.66576023537132,124.93570239568989,82.99559866223622,141.5425421506643
201,UP,5.0557027399118795,2557.9750000000004,b'stride0009',b'stance0009',b'stride0018',b'stride0016',,149.44982359964575,,,,,,,,3.888783076630323,,,45.321125051426364,,,,8.537529409844486,,,,1.6011961953543619,,,,175.85680736947464,160.72167877640038,154.0219882204085,152.24252899675423,139.7964888588044,138.79998005381282,88.80299666516785,147.33004417168434
202,UP,2.8469203946721677,2270.005,b'stride0009',b'stance0009',b'stride0018',b'stride0016',,149.44982359964575,,,,,,,,3.888783076630323,,,45.321125051426364,,,,8.537529409844486,,,,1.6011961953543619,,,,173.8853983402822,161.68286993135183,157.07979036675508,144.9289611618876,136.59661392087276,157.0045106080788,101.68399112321497,154.03604143884303
203,UP,0.8224533431526879,2676.5950000000003,b'stride0009',b'stance0009',b'stride0018',b'stride0016',,149.44982359964575,,,,,,,,3.888783076630323,,,45.321125051426364,,,,8.537529409844486,,,,1.6011961953543619,,,,178.4201341239568,150.8941565078602,148.85015186551436,147.21846453555807,142.95406795962595,159.3794214290224,104.89971459008247,156.8035220422617
204,UP,0.9237301451422013,2310.67,b'stride0009',b'stance0009',b'stride0018',b'stride0016',,149.44982359964575,,,,,,,,3.888783076630323,,,45.321125051426364,,,,8.537529409844486,,,,1.6011961953543619,,,,170.08793682202563,153.89217265049825,154.84595398071008,144.6612053849684,140.09248747012282,168.94541939324807,114.6186581704118,160.1317531098887
205,UP,3.4935038055729137,2553.44,b'stride0009',b'stride0010',b'stride0018',b'stride0016',,149.44982359964575,,,,,,,,,,,45.321125051426364,,,,8.537529409844486,,,,1.6011961953543619,,,,170.68645491521676,146.44192836360904,147.0111819855835,149.14169576618048,138.08265715513627,,115.51355429410427,162.92360685680472
206,UP,4.901408164242582,2285.36,b'stride0009',b'stance0010',b'stance0018',b'stride0016',,149.44982359964575,,,,,,,,,,,45.321125051426364,,,,8.537529409844486,,,,1.6011961953543619,,,,168.20100151200646,,158.31018861694406,142.77305114450485,142.0719237501869,,115.96873366164874,163.4610331578896
207,UP,5.915421691252192,2004.81,b'stride0009',b'stance0010',b'stride0019',b'stride0016',,149.44982359964575,,,,,,,,,,,45.321125051426364,,,,8.537529409844486,,,,1.6011961953543619,,,,169.75786347234185,,158.48873450467272,140.38709558583906,134.25363653579117,,100.36149642713286,161.0051434231748
208,UP,6.5790479975806875,2234.95,b'stance0009',b'stance0010',b'stride0019',b'stride0016',,,,,,,,,23.509361198111435,,,,,,,,,,,,,,,,175.33116891816766,125.91155313140203,171.45385101860535,139.9094619444968,127.06248547289607,,98.52997205389636,151.25135513470894
209,UP,6.464029485356804,1804.69,b'stance0009',b'stride0011',b'stance0019',b'stride0016',,,,,,,,,23.509361198111435,,,,,,,,,,,,,,,,175.05114981887564,122.6311686991103,175.69852906449498,139.51205637952887,125.77843015032155,,104.61993367976491,143.3134007254934
210,UP,6.37970639709485,2185.84,b'stance0009',b'stance0011',b'stance0019',b'stride0016',,,,,,,,,23.509361198111435,,,,,,,,,,,,,,,,167.51034680863214,,170.4236062637568,145.34236452344373,125.30990833261365,,113.34545943404926,127.48542404583672
211,UP,6.002500061050711,1874.5749999999998,b'stance0009',b'stride0012',b'stance0019',b'stride0016',,,,,,,,,23.509361198111435,,,,,,,,,,,,,,,,178.7116154378321,,176.1339495754792,155.34952410805144,121.33877101130093,,117.09370757223512,111.48711349417583
212,UP,5.460878970382566,1815.665,b'stance0009',b'stride0012',b'stance0019',b'stride0016',,,,,,,,,23.509361198111435,,,,,,,,,,,,,,,,171.98858144463065,131.81018944917824,175.71930984528723,164.90179525231733,119.1393281580242,,111.0994819284892,98.77864244137861
213,UP,3.901725701521258,1930.885,b'stance0009',b'stride0012',b'stance0019',b'stride0016',,,,,,,,,23.509361198111435,,,,,,,,,,,,,,,,174.19029726550008,141.2563426687338,174.58906962210577,173.51509956403902,120.9857205121004,,115.44293553952164,85.48930589384783
214,UP,2.5968526137915546,1825.83,b'stance0009',b'stride0012',b'stance0019',b'stride0016',,,,,,,,,23.509361198111435,,,,,,,,,,,,,,,,170.74467153861463,158.45537185620555,177.18848249993493,178.33445529521592,114.51758961041875,179.03409826679555,113.88099542457562,76.32405003175697
215,UP,0.3160680779247116,2217.885,b'stance0009',b'stride0012',b'stance0019',b'stride0016',,,,,,,,,23.509361198111435,,,,,,,,,,,,,,,,162.50248197306382,166.14850024000057,174.82792150388207,175.09294533235905,116.62627990230965,168.54952961639447,114.1149799770635,71.28627215926313
216,UP,2.2162079588934205,1722.44,b'stance0009',b'stride0012',b'stance0019',b'stride0016',,,,,,,,,23.509361198111435,,,,,,,,,,,,,,,,163.0956224886236,176.13243780314946,164.3643599438952,167.06483474825208,113.55792778788322,179.24451698096183,120.55357189758627,73.03489840297482
217,UP,3.373974745476545,2504.705,b'stance0009',b'stride0012',b'stance0019',b'stride0016',,,,,,,,,23.509361198111435,,,,,,,,,,,,,,,,159.6372473421775,169.8240484541976,162.5312585527339,166.5094938523665,114.73954741461577,161.28500509190658,117.2034713450048,80.76125518972613
218,UP,6.101725529040095,1742.94,b'stance0009',b'stride0012',b'stance0019',b'stride0016',,,,,,,,,23.509361198111435,,,,,,,,,,,,,,,,161.88397046492557,165.18784910746555,162.42167462740895,162.32232135985848,136.61735886577728,146.57845659575779,122.017054993027,95.32186555636285
219,UP,7.708152544312782,2290.605,b'stance0009',b'stride0012',b'stance0019',b'stride0016',,,,,,,,,23.509361198111435,,,,,,,,,,,,,,,,165.0950644037166,161.10369674989104,153.51300831860516,162.90363752145905,155.33174036191753,129.78093989762542,126.15214485250173,104.51006199225591
220,UP,9.701320517148645,2234.99,b'stance0009',b'stride0012',b'stance0019',b'stride0016',,,,,,,,,23.509361198111435,,,,,,,,,,,,,,,,160.865567142865,166.95135780044026,153.9528532255917,158.01031642427665,155.90043864054394,127.65243304456507,129.81932534884152,107.66671571254608
221,UP,11.786655543604752,2365.7799999999997,b'stance0009',b'stride0012',b'stride0020',b'stride0016',,,,,,,,,23.509361198111435,,,,,,,,,,,,,,,,152.0108110004217,173.30507538006034,147.65605893917345,160.8014892167383,160.00662013040335,134.46207863647257,136.23488822296974,113.44456466363518
222,UP,15.440654675430409,2205.19,b'stance0009',b'stride0012',b'stance0020',b'stride0016',,,,,,,,,23.509361198111435,,,,,,,,,,,,,,,,161.81869154987737,179.2092630275952,147.42510197341267,165.09835926876664,174.9551570008264,133.65495367083844,138.55701928777822,116.90218980957168
223,UP,17.48976317559314,1903.375,b'stance0009',b'stride0012',b'stride0021',b'stance0016',,,,,,,,,23.509361198111435,,,,,,,,,,,,,,,,153.10884096707278,177.05309217846593,143.38434045029356,167.76797142114816,169.78948605751881,132.44548721113927,141.6113429869701,112.9698072318693
224,UP,20.024617689372917,2136.8900000000003,b'stance0009',b'stride0012',b'stride0021',b'stance0016',,,,,,,,,23.509361198111435,,,,,,,,,,,,,,,,159.9092995886783,172.27259487978114,142.38916178035458,167.7416701770287,177.92479425079958,141.2423371159369,144.19144127123923,115.95470873698022
225,UP,21.65789423288217,1684.29,b'stance0009',b'stride0012',b'stride0021',b'stance0016',,,,,,,,,23.509361198111435,,,,,,,,,,,,,,,,155.01063712003184,174.22295454127413,138.55546288463157,165.44132180089488,178.63058850842276,137.3870663679339,144.4165731331954,113.05948313560401
226,UP,22.836370428881196,1866.5949999999998,b'stride0010',b'stance0012',b'stride0021',b'stance0016',,,,,,,,,,,,,,,,,,,,,,,,,156.71296905332832,170.7036954386804,137.75137778154775,170.89557172244844,,134.7198740219356,140.27896403312664,116.8454426917959
227,UP,22.909405905708923,,b'stance0010',b'stance0012',b'stride0021',b'stance0016',,,,,,,,,,,,,,,,,,,,,,,,,155.54424528109055,178.31856126898856,150.68373261111128,166.06271733090665,,122.33837206173607,127.84991938792062,116.19920118610315
228,UP,22.3354522793542,,b'stance0010',b'stance0012',b'stride0021',b'stance0016',,,,,,,,,,,,,,,,,,,,,,,,,150.19079920109846,165.7923472666574,157.51958179473823,167.37791943590588,,108.72108618985862,117.23368866299732,112.19580151113297
229,UP,21.09391175526929,,b'stance0010',b'stance0012',b'stride0021',b'stance0016',,,,,,,,,,,,,,,,,,,,,,,,,144.66959828822658,166.22491526868265,161.91320423581112,167.9332072349678,,107.60237222553415,107.40581445729295,113.73025565583782
230,UP,20.810686605938344,,b'stride0011',b'stance0012',b'stride0021',b'stance0016',,,,,,,,,,,,,,,,,,,,,,,,,139.26495429808125,141.5464698907743,174.3616806518817,166.59170325815194,,92.6758192794472,95.38132286664128,110.18273143017177
231,UP,18.163444603710417,,b'stride0011',b'stance0012',b'stride0021',b'stance0016',,,,,,,,,,,,,,,,,,,,,,,,,150.63274258059832,149.36333122691968,179.81077955586417,170.79475212802177,,100.80408080140812,86.18108092493921,115.07305418656583
232,UP,16.686087022065408,,b'stride0011',b'stance0012',b'stride0021',b'stance0016',,,,,,,,,,,,,,,,,,,,,,,,,150.00124327113144,160.6102648824955,169.14323165875297,169.01750061435095,,103.38619769861398,78.28405114547128,113.06195337658303
233,UP,14.197606453160063,,b'stride0011',b'stance0012',b'stride0021',b'stance0016',,,,,,,,,,,,,,,,,,,,,,,,,147.58017607921195,152.69471722767366,161.46107344233437,166.5598456921058,,96.4005998086864,70.2131621481684,112.46355489497853
234,UP,14.223878250873895,,b'stride0011',b'stance0012',b'stride0021',b'stance0016',,,,,,,,,,,,,,,,,,,,,,,,,148.1822438754411,166.10377610547116,168.64844088237402,175.38530593036293,,120.59728709494513,73.69668665584751,114.83417151032134
235,UP,12.105269577130315,,b'stride0011',b'stance0012',b'stride0021',b'stance0016',,,,,,,,,,,,,,,,,,,,,,,,,141.89238171743858,164.2394543613089,165.0017435494617,173.3301889139226,,125.05299020450857,75.26244397095728,118.06315656406873
236,UP,10.539643563432492,,b'stride0011',b'stance0012',b'stride0021',b'stance0016',,,,,,,,,,,,,,,,,,,,,,,,,157.42640615287715,161.90645320568092,161.33382590031192,172.1826830682425,,131.0488864217054,84.60565450547885,119.24846236990753
237,UP,8.768377023939536,,b'stride0011',b'stance0012',b'stride0021',b'stance0016',,,,,,,,,,,,,,,,,,,,,,,,,163.96963069980978,158.1768166494327,156.3890215174794,159.63166481366295,,134.2985704281635,90.42384976827705,130.65893411871215
238,UP,6.6808001610475,,b'stride0011',b'stance0012',b'stride0021',b'stance0016',,,,,,,,,,,,,,,,,,,,,,,,,164.7278161004493,156.3053998942742,147.71848769737778,152.42005572114596,,148.97420717500168,105.96317441448619,136.17643450592237
239,UP,5.0921194892605115,,b'stride0011',b'stance0012',b'stride0021',b'stride0017',,,,,,,,,,,,,,,,,,,,,,,,,175.96023002498583,157.56586869812028,150.42927430080223,152.8429099145408,,158.16193967080798,112.82740331929381,144.82067365930106
240,UP,2.3581221676801647,,b'stride0011',b'stride0013',b'stride0021',b'stride0017',,,,,,,,,,,,,,,,,,,,,,,,,178.15281374622396,149.10602847824498,145.64614673268937,148.89347803714014,,149.90510124570721,114.71615526567788,148.10917278058176
241,UP,0.744941286489933,,b'stride0011',b'stride0013',b'stride0021',b'stride0017',,,,,,,,,,,,,,,,,,,,,,,,,,147.0810360115341,147.63401644535142,144.66913007131672,,,117.60586471521344,154.76896574593664
242,UP,3.6157765623679268,,b'stride0011',b'stride0013',b'stance0021',b'stride0017',,,,,,,,,,,,,,,,,,,,,,,,,,151.16875406619556,148.27730866352653,147.69573140272735,,,120.696986763033,156.91161784242163
243,UP,6.2384892943898365,,b'stride0011',b'stride0013',b'stance0021',b'stride0017',,,,,,,,,,,,,,,,,,,,,,,,,,160.63085513480343,147.59118528432361,149.62362008009814,,,114.67742721843244,159.53850026444186
244,UP,,,b'stride0011',b'stance0013',b'stride0022',b'stride0017',,,,,,,,,,,,,,,,,,,,,,,,,,,160.21976928865504,148.9861494460084,,,104.11131239246207,161.87749513021342
245,UP,8.65174408084573,,b'stride0011',b'stride0014',b'stride0022',b'stride0017',,,,,,,,,,,,,,,,,,,,,,,,,,,160.56970589598558,138.87495154639834,,,94.13737866299371,157.81387613072513
246,UP,,,b'stride0011',b'stride0014',b'stance0022',b'stride0017',,,,,,,,,,,,,,,,,,,,,,,,,,,170.38685041690977,139.61082082166914,,,98.78502353677781,150.01322547243907
247,UP,,,b'stride0011',b'stance0014',b'stance0022',b'stride0017',,,,,,,,,,,,,,,,,,,,,,,,,,,179.40350550600422,139.10036431552894,,,103.79181557975599,138.28059000225147
248,UP,,,b'stride0011',b'stride0015',b'stance0022',b'stride0017',,,,,,,,,,,,,,,,,,,,,,,,,,,176.8710157831692,149.1465996007822,,,105.52180503506668,119.51025941458663
249,UP,,,b'stride0011',b'stride0015',b'stance0022',b'stride0017',,,,,,,,,,,,,,,,,,,,,,,,,,,173.9569951820504,157.33208749129204,,,113.51907091180124,104.79240217278998
250,UP,,,b'stride0011',b'stride0015',b'stance0022',b'stride0017',,,,,,,,,,,,,,,,,,,,,,,,,,,177.58140216550763,156.23198669427958,,,108.52307956015352,97.8384827553079
251,UP,,,b'stride0011',b'stride0015',b'stance0022',b'stride0017',,,,,,,,,,,,,,,,,,,,,,,,,,,177.5254750928616,159.8596777090133,,,105.45928344778997,84.91975441037799
252,UP,,,b'stride0011',b'stride0015',b'stance0022',b'stride0017',,,,,,,,,,,,,,,,,,,,,,,,,,,173.88763134279438,174.53126940492922,,,106.57264419092306,84.94856100314573
253,UP,,,b'stride0011',b'stride0015',b'stance0022',b'stride0017',,,,,,,,,,,,,,,,,,,,,,,,,,,170.21729866382157,,,,112.03011765966839,
254,UP,,,b'stride0011',b'stride0015',b'stance0022',b'stride0017',,,,,,,,,,,,,,,,,,,,,,,,,,,172.3987129862137,,,,112.63882588687328,
255,UP,,,b'stride0011',b'stride0015',b'stance0022',b'stride0017',,,,,,,,,,,,,,,,,,,,,,,,,,,159.29054823612967,,,,118.36350582264384,
256,UP,,,b'stride0011',b'stance0015',b'stance0022',b'stride0017',,,,,,,,,,,,,,,,,,,,,,,,,,,161.22039288432046,,,,117.19864406388942,
257,UP,,,b'stride0011',b'stride0016',b'stance0022',b'stride0017',,,,,,,,,,,,,,,,,,,,,,,,,,,151.83637446757413,,,,121.13131468454125,
258,UP,,,b'stride0011',b'stride0016',b'stride0023',b'stride0017',,,,,,,,,,,,,,,,,,,,,,,,,,,,,,,127.51852082303347,
259,UP,,,b'stride0011',b'stride0016',b'stride0023',b'stride0017',,,,,,,,,,,,,,,,,,,,,,,,,,,,,,,128.26019654064152,
260,UP,,,b'stride0011',b'stride0016',b'stride0023',b'stride0017',,,,,,,,,,,,,,,,,,,,,,,,,,,,,,,,
261,UP,,,b'stride0011',b'stride0016',b'stride0023',b'stride0017',,,,,,,,,,,,,,,,,,,,,,,,,,,,,,,,
262,UP,,,b'stride0011',b'stance0016',b'stride0023',b'stance0017',,,,,,,,,,,,,,,,,,,,,,,,,,,,,,,,
263,UP,,,b'stance0011',b'stance0016',b'stride0023',b'stride0018',,,,,,,,,,,,,,,,,,,,,,,,,,,,,,,,
264,UP,,,b'stride0012',b'stride0017',b'stride0023',b'stride0018',,,,,,,,,,,,,,,,,,,,,,,,,,,,,,,,
265,UP,,,b'stride0012',b'stride0017',b'stride0023',b'stride0018',,,,,,,,,,,,,,,,,,,,,,,,,,,,,,,,
266,UP,,,b'stance0012',b'stance0017',b'stride0023',b'stance0018',,,,,,,,,,,,,,,,,,,,,,,,,,,,,,,,
267,UP,,,b'stance0012',b'stance0017',b'stride0023',b'stance0018',,,,,,,,,,,,,,,,,,,,,,,,,,,,,,,,
268,UP,,,b'stance0012',b'stance0017',b'stride0023',b'stride0019',,,,,,,,,,,,,,,,,,,,,,,,,,,,,,,,
269,UP,,,b'stride0013',b'stance0017',b'stance0023',b'stride0019',,,,,,,,,,,,,,,,,,,,,,,,,,,,,,,,
270,UP,,,b'stride0013',b'stance0017',b'stride0024',b'stance0019',,,,,,,,,,,,,,,,,,,,,,,,,,,,,,,,
271,UP,,,b'stride0013',b'stance0017',b'stride0024',b'stance0019',,,,,,,,,,,,,,,,,,,,,,,,,,,,,,,,
272,UP,,,b'stance0013',b'stride0018',b'stride0024',b'stride0020',,,,,,,,,,,,,,,,,,,,,,,,,,,,,,,,
273,UP,,,b'stride0014',b'stride0018',b'stance0024',b'stride0020',,,,,,,,,,,,,,,,,,,,,,,,,,,,,,,,
274,UP,,,b'stance0014',b'stance0018',b'stride0025',b'stride0020',,,,,,,,,,,,,,,,,,,,,,,,,,,,,,,,
275,UP,,,b'stance0014',b'stance0018',b'stride0025',b'stride0020',,,,,,,,,,,,,,,,,,,,,,,,,,,,,,,,
276,UP,,,b'stride0015',b'stance0018',b'stance0025',b'stride0020',,,,,,,,,,,,,,,,,,,,,,,,,,,,,,,,
277,UP,,,b'stance0015',b'stride0019',b'stance0025',b'stance0020',,,,,,,,,,,,,,,,,,,,,,,,,,,,,,,,
278,UP,,,b'stance0015',b'stride0019',b'stance0025',b'stride0021',,,,,,,,,,,,,,,,,,,,,,,,,,,,,,,,
279,UP,,,b'stride0016',b'stance0019',b'stride0026',b'stance0021',,,,,,,,,,,,,,,,,,,,,,,,,,,,,,,,
280,UP,,,b'stride0016',b'stance0019',b'stride0026',b'stance0021',,,,,,,,,,,,,,,,,,,,,,,,,,,,,,,,
281,UP,,,b'stance0016',b'stride0020',b'stance0026',b'stride0022',,,,,,,,,,,,,,,,,,,,,,,,,,,,,,,,
282,UP,,,b'stance0016',b'stance0020',b'stance0026',b'stance0022',,,,,,,,,,,,,,,,,,,,,,,,,,,,,,,,
283,UP,,,b'stride0017',b'stance0020',b'stride0027',b'stance0022',,,,,,,,,,,,,,,,,,,,,,,,,,,,,,,,
284,UP,,,b'stride0017',b'stride0021',b'stride0027',b'stride0023',,,,,,,,,,,,,,,,,,,,,,,,,,,,,,,,
285,UP,,,b'stance0017',b'stride0021',b'stance0027',b'stance0023',,,,,,,,,,,,,,,,,,,,,,,,,,,,,,,,
286,UP,,,b'stride0018',b'stride0021',b'stride0028',b'stance0023',,,,,,,,,,,,,,,,,,,,,,,,,,,,,,,,
