,direction_of_climbing,body_deflection_angle,speed_PXperS,stepphase_FL,stepphase_FR,stepphase_HR,stepphase_HL,step-length_FR,step-length_FL,step-length_HR,step-length_HL,dynamics_FL,dynamics_FR,dynamics_HR,dynamics_HL,mid_stance_wrist_angles_mean_FL,mid_stance_wrist_angles_mean_FR,mid_stance_wrist_angles_mean_HR,mid_stance_wrist_angles_mean_HL,limbROM_FL,limbROM_FR,limbROM_HR,limbROM_HL,spineROM_FL,spineROM_FR,spineROM_HR,spineROM_HL,CROM_FL,CROM_FR,CROM_HR,CROM_HL,shoulder_angle_FL,shoulder_angle_FR,shoulder_angle_HR,shoulder_angle_HL,knee_angle_FL,knee_angle_FR,knee_angle_HR,knee_angle_HL
0,UP,,23.0,b'stance0000',b'stance0000',b'stride0001',b'stance0000',,,6.718790920266027,,,,,,,,,,,,,,,,,,,,,,,,,,,,,
1,UP,,23.0,b'stance0000',b'stance0000',b'stride0001',b'stance0000',,,6.718790920266027,,,,,,,,,,,,,,,,,,,,,,,,,,,,,
2,UP,,212.36,b'stance0000',b'stance0000',b'stance0001',b'stance0000',,,,,,,,,,,123.75081935520187,,,,,,,,,,,,,,,,,,,,,
3,UP,,159.23,b'stance0000',b'stance0000',b'stance0001',b'stance0000',,,,,,,,,,,123.75081935520187,,,,,,,,,,,,,,,,,,,,,
4,UP,,233.78,b'stance0000',b'stance0000',b'stance0001',b'stance0000',,,,,,,,,,,123.75081935520187,,,,,,,,,,,,,,,,,,,,,
5,UP,,135.24,b'stance0000',b'stance0000',b'stance0001',b'stance0000',,,,,,,,,,,123.75081935520187,,,,,,,,,,,,,,,,,,,,,
6,UP,,202.69,b'stance0000',b'stance0000',b'stance0001',b'stance0000',,,,,,,,,,,123.75081935520187,,,,,,,,,,,,,,,,,,,,,
7,UP,,434.63,b'stance0000',b'stance0000',b'stance0001',b'stance0000',,,,,,,,,,,123.75081935520187,,,,,,,,,,,,,,,,,,,,,
8,UP,,419.66,b'stance0000',b'stance0000',b'stance0001',b'stance0000',,,,,,,,,,,123.75081935520187,,,,,,,,,,,,,,,,,,,,,
9,UP,,237.93,b'stance0000',b'stance0000',b'stride0002',b'stance0000',,,9.357618210018323,,,,,,,,,,,,,,,,,,,,,,,,,,,,,
10,UP,,309.15,b'stance0000',b'stance0000',b'stride0002',b'stance0000',,,9.357618210018323,,,,,,,,,,,,,,,,,,,,,,,,,,,,,
11,UP,,275.1,b'stance0000',b'stance0000',b'stance0002',b'stance0000',,,,,,,,,,,,,,,,,,,,,,,,,,,,,,,,
12,UP,,386.89,b'stance0000',b'stance0000',b'stance0002',b'stance0000',,,,,,,,,,,,,,,,,,,,,,,,,,,,,,,,
13,UP,,262.51,b'stance0000',b'stance0000',b'stride0003',b'stance0000',,,9.27022349866854,,,,,,,,,,,,,,,,,,,,,,,,,,,,,
14,UP,,428.12,b'stance0000',b'stance0000',b'stride0003',b'stance0000',,,9.27022349866854,,,,,,,,,,,,,,,,,,,,,,,,,,,,,
15,UP,,366.79,b'stance0000',b'stance0000',b'stance0003',b'stance0000',,,,,,,,,,,,,,,,,,,,,,,,,,,,,,,,
16,UP,,353.23,b'stance0000',b'stance0000',b'stride0004',b'stance0000',,,10.596069018115852,,,,,,,,,,,,,,,,,,,,,,,,,,,,,
17,UP,,306.09,b'stance0000',b'stance0000',b'stride0004',b'stance0000',,,10.596069018115852,,,,,,,,,,,,,,,,,,,,,,,,,,,,,
18,UP,,275.78,b'stance0000',b'stance0000',b'stance0004',b'stance0000',,,,,,,,,,,97.53077654224575,,,,,,,,,,,,,,,,,,,,,
19,UP,,214.62,b'stance0000',b'stance0000',b'stance0004',b'stance0000',,,,,,,,,,,97.53077654224575,,,,,,,,,,,,,,,,,,,,,
20,UP,,170.0,b'stance0000',b'stance0000',b'stance0004',b'stance0000',,,,,,,,,,,97.53077654224575,,,,,,,,,,,,,,,,,,,,,
21,UP,,414.74,b'stride0001',b'stance0000',b'stance0004',b'stance0000',,1.0135638082006202,,,,,,,,,97.53077654224575,,,,,,,,,,,,,,,,,,,,,
22,UP,,239.36,b'stride0001',b'stance0000',b'stance0004',b'stance0000',,1.0135638082006202,,,,,,,,,97.53077654224575,,,,,,,,,,,,,,,,,,,,,
23,UP,,235.1,b'stride0001',b'stance0000',b'stance0004',b'stance0000',,1.0135638082006202,,,,,,,,,97.53077654224575,,,,,,,,,,,,,,,,,,,,,
24,UP,,319.33,b'stance0001',b'stance0000',b'stance0004',b'stance0000',,,,,,,,,,,97.53077654224575,,,,,,,,,,,,,,,,,,,,,
25,UP,,1061.78,b'stance0001',b'stance0000',b'stance0004',b'stance0000',,,,,,,,,,,97.53077654224575,,,,,,,,,,,,,,,,,,,,,
26,UP,,980.16,b'stance0001',b'stance0000',b'stance0004',b'stance0000',,,,,,,,,,,97.53077654224575,,,,,,,,,,,,,,,,,,,,,
27,UP,,659.83,b'stride0002',b'stance0000',b'stance0004',b'stance0000',,110.3638381369452,,,,,,,,,97.53077654224575,,,,,,,,,,,,,,,,,,,,,
28,UP,,924.06,b'stride0002',b'stance0000',b'stance0004',b'stance0000',,110.3638381369452,,,,,,,,,97.53077654224575,,,,,,,,,,,,,,,,,,,,,
29,UP,,486.19,b'stride0002',b'stance0000',b'stance0004',b'stance0000',,110.3638381369452,,,,,,,,,97.53077654224575,,,,,,,,,,,,,,,,,,,,,
30,UP,,949.79,b'stance0002',b'stance0000',b'stance0004',b'stance0000',,,,,,,,,,,97.53077654224575,,,,,,,,,,,,,,,,,,,,,
31,UP,,1305.36,b'stance0002',b'stance0000',b'stance0004',b'stance0000',,,,,,,,,,,97.53077654224575,,,,,,,,,,,,,,,,,,,,,
32,UP,,398.71,b'stride0003',b'stance0000',b'stance0004',b'stance0000',,8.23916217910772,,,,,,,,,97.53077654224575,,,,,,,,,,,,,,,,,,,,,
33,UP,,277.49,b'stride0003',b'stance0000',b'stance0004',b'stance0000',,8.23916217910772,,,,,,,,,97.53077654224575,,,,,,,,,,,,,,,,,,,,,
34,UP,,363.7,b'stance0003',b'stance0000',b'stance0004',b'stance0000',,,,,,,,,,,97.53077654224575,,,,,,,,,,,,,,,,,,,,,
35,UP,,309.28,b'stance0003',b'stance0000',b'stance0004',b'stance0000',,,,,,,,,,,97.53077654224575,,,,,,,,,,,,,,,,,,,,,
36,UP,,93.26,b'stride0004',b'stance0000',b'stance0004',b'stance0000',,123.12106062425336,,,,,,,,,97.53077654224575,,,,,,,,,,,,,,,,,,,,,
37,UP,,523.53,b'stride0004',b'stance0000',b'stance0004',b'stance0000',,123.12106062425336,,,,,,,,,97.53077654224575,,,,,,,,,,,,,,,,,,,,,
38,UP,,828.6,b'stance0004',b'stance0000',b'stance0004',b'stance0000',,,,,,,,,96.98262969900993,,97.53077654224575,,,,,,,,,,,,,,,,,,,,,
39,UP,,124.87,b'stance0004',b'stance0000',b'stance0004',b'stance0000',,,,,,,,,96.98262969900993,,97.53077654224575,,,,,,,,,,,,,,,,,,,,,
40,UP,,690.73,b'stance0004',b'stance0000',b'stance0004',b'stance0000',,,,,,,,,96.98262969900993,,97.53077654224575,,,,,,,,,,,,,,,,,,,,,
41,UP,,598.04,b'stance0004',b'stance0000',b'stance0004',b'stance0000',,,,,,,,,96.98262969900993,,97.53077654224575,,,,,,,,,,,,,,,,,,,,,
42,UP,,390.24,b'stride0005',b'stance0000',b'stance0004',b'stance0000',,0.0,,,,,,,,,97.53077654224575,,,,,,,,,,,,,,,,,,,,,
43,UP,,593.64,b'stance0005',b'stance0000',b'stance0004',b'stance0000',,,,,,,,,,,97.53077654224575,,,,,,,,,,,,,,,,,,,,,
44,UP,,546.04,b'stride0006',b'stance0000',b'stance0004',b'stance0000',,1.1842036501376756,,,,,,,,,97.53077654224575,,,,,,,,,,,,,,,,,,,,,
45,UP,,1041.88,b'stride0006',b'stance0000',b'stance0004',b'stance0000',,1.1842036501376756,,,,,,,,,97.53077654224575,,,,,,,,,,,,,,,,,,,,,
46,UP,,860.65,b'stride0006',b'stance0000',b'stance0004',b'stance0000',,1.1842036501376756,,,,,,,,,97.53077654224575,,,,,,,,,,,,,,,,,,,,,
47,UP,,686.07,b'stride0006',b'stance0000',b'stance0004',b'stance0000',,1.1842036501376756,,,,,,,,,97.53077654224575,,,,,,,,,,,,,,,,,,,,,
48,UP,,601.43,b'stance0006',b'stance0000',b'stance0004',b'stance0000',,,,,,,,,,,97.53077654224575,,,,,,,,,,,,,,,,,,,,,
49,UP,,850.6,b'stance0006',b'stance0000',b'stance0004',b'stance0000',,,,,,,,,,,97.53077654224575,,,,,,,,,,,,,,,,,,,,,
50,UP,,730.02,b'stance0006',b'stance0000',b'stance0004',b'stance0000',,,,,,,,,,,97.53077654224575,,,,,,,,,,,,,,,,,,,,,
51,UP,,645.67,b'stride0007',b'stance0000',b'stance0004',b'stance0000',,153.40561148146742,,,,,,,,,97.53077654224575,,,,,,,,,,,,,,,,,,,,,
52,UP,,526.07,b'stride0007',b'stance0000',b'stance0004',b'stance0000',,153.40561148146742,,,,,,,,,97.53077654224575,,,,,,,,,,,,,,,,,,,,,
53,UP,,687.45,b'stance0007',b'stance0000',b'stance0004',b'stance0000',,,,,,,,,140.792879556345,,97.53077654224575,,,,,,,,,,,,,,,,,,,,,
54,UP,,1027.12,b'stance0007',b'stance0000',b'stance0004',b'stance0000',,,,,,,,,140.792879556345,,97.53077654224575,,,,,,,,,,,,,,,,,,,,,
55,UP,,943.03,b'stance0007',b'stance0000',b'stance0004',b'stance0000',,,,,,,,,140.792879556345,,97.53077654224575,,,,,,,,,,,,,,,,,,,,,
56,UP,,626.63,b'stance0007',b'stance0000',b'stance0004',b'stance0000',,,,,,,,,140.792879556345,,97.53077654224575,,,,,,,,,,,,,,,,,,,,,
57,UP,,557.93,b'stride0008',b'stance0000',b'stance0004',b'stance0000',,162.7491324023779,,,,,,,,,97.53077654224575,,,,,,,,,,,,,,,,,,,,,
58,UP,,1080.15,b'stride0008',b'stance0000',b'stance0004',b'stance0000',,162.7491324023779,,,,,,,,,97.53077654224575,,,,,,,,,,,,,,,,,,,,,
59,UP,,791.71,b'stance0008',b'stance0000',b'stance0004',b'stance0000',,,,,,,,,135.2066577812757,,97.53077654224575,,,,,,,,,,,,,,,,,,,,,
60,UP,,660.93,b'stance0008',b'stance0000',b'stance0004',b'stance0000',,,,,,,,,135.2066577812757,,97.53077654224575,,,,,,,,,,,,,,,,,,,,,
61,UP,,745.83,b'stance0008',b'stance0000',b'stance0004',b'stance0000',,,,,,,,,135.2066577812757,,97.53077654224575,,,,,,,,,,,,,,,,,,,,,
62,UP,,1321.37,b'stance0008',b'stance0000',b'stance0004',b'stance0000',,,,,,,,,135.2066577812757,,97.53077654224575,,,,,,,,,,,,,,,,,,,,,
63,UP,,1184.67,b'stride0009',b'stance0000',b'stance0004',b'stance0000',,18.83587697906219,,,,,,,,,97.53077654224575,,,,,,,,,,,,,,,,,,,,,
64,UP,,1743.45,b'stride0009',b'stance0000',b'stance0004',b'stance0000',,18.83587697906219,,,,,,,,,97.53077654224575,,,,,,,,,,,,,,,,,,,,,
65,UP,,1799.85,b'stance0009',b'stance0000',b'stance0004',b'stance0000',,,,,,,,,,,97.53077654224575,,,,,,,,,,,,,,,,,,,,,
66,UP,,2139.25,b'stance0009',b'stance0000',b'stance0004',b'stance0000',,,,,,,,,,,97.53077654224575,,,,,,,,,,,,,,,,,,,,,
67,UP,,1719.98,b'stance0009',b'stance0000',b'stance0004',b'stance0000',,,,,,,,,,,97.53077654224575,,,,,,,,,,,,,,,,,,,,,
68,UP,,1442.19,b'stride0010',b'stance0000',b'stride0005',b'stance0000',,,0.0,,,,,,,,,,,,,,,,,,,,,,,,,,,,,
69,UP,,1620.25,b'stride0010',b'stance0000',b'stance0005',b'stance0000',,,,,,,,,,,,,,,,,,,,,,,,,,,,,,,,
70,UP,,1887.16,b'stride0010',b'stance0000',b'stance0005',b'stride0001',,,,57.90867516732042,,,,,,,,,,,,,,,,,,,,,147.31773745008425,,,,,,,
71,UP,,1224.04,b'stride0010',b'stance0000',b'stance0005',b'stride0001',,,,57.90867516732042,,,,,,,,,,,,,,,,,,,,,156.19252643616977,,,,,,,
72,UP,,1768.53,b'stride0010',b'stance0000',b'stride0006',b'stride0001',,,199.5294921111994,57.90867516732042,,,,,,,,,,,,,,,,,,,,,157.3535403786064,126.38074756148887,,,,70.03319462708883,,
73,UP,,1443.61,b'stride0010',b'stance0000',b'stride0006',b'stride0001',,,199.5294921111994,57.90867516732042,,,,,,,,,,,,,,,,,,,,,152.55460827610483,135.41562091938638,,,88.62168044099742,71.74546890259928,,
74,UP,,398.44,b'stride0010',b'stance0000',b'stride0006',b'stride0001',,,199.5294921111994,57.90867516732042,,,,,,,,,,,,,,,,,,,,,162.34815220058607,126.6432623604237,,,88.02415266988154,69.82815027721063,,
75,UP,,1514.63,b'stride0010',b'stance0000',b'stride0006',b'stride0001',,,199.5294921111994,57.90867516732042,,,,,,,,,,,,,,,,,,,,,160.2235536522857,125.63089785799934,,,84.83729112363596,71.09064635491805,,
76,UP,,932.53,b'stride0010',b'stance0000',b'stance0006',b'stride0001',,,,57.90867516732042,,,,,,,67.01216099818282,,,,,,,,,,,,,,165.69801548237766,125.86891885281594,,,89.40194626002277,71.09159313322793,,
77,UP,,696.57,b'stride0010',b'stance0000',b'stance0006',b'stride0001',,,,57.90867516732042,,,,,,,67.01216099818282,,,,,,,,,,,,,,174.01607386858814,126.39172532848458,,,,73.55923667879402,,
78,UP,,604.12,b'stance0010',b'stance0000',b'stance0006',b'stance0001',,,,,,,,,,,67.01216099818282,,,,,,,,,,,,,,175.10449859214708,126.29361217499155,,,,80.38582402799258,,
79,UP,,412.3,b'stance0010',b'stance0000',b'stance0006',b'stride0002',,,,223.29514514930918,,,,,,,67.01216099818282,,,,,,,,,,,,,,173.93334332221232,127.58344286918762,,,111.5747200685778,83.37279953063526,,
80,UP,,982.69,b'stride0011',b'stance0000',b'stance0006',b'stride0002',,,,223.29514514930918,,,,,,,67.01216099818282,,,,,,,,,,,,,,,,,,118.83764809388526,85.54287651468113,,
81,UP,,361.18,b'stance0011',b'stance0000',b'stance0006',b'stance0002',,,,,,,,,,,67.01216099818282,,,,,,,,,,,,,,163.0738981237646,125.8121562985549,,,128.8936645419642,88.82705057733712,,
82,UP,,1097.22,b'stance0011',b'stance0000',b'stride0007',b'stride0003',,,0.0,0.0,,,,,,,,,,,,,,,,,,,,,,,,,128.3996227453948,94.90847286483897,,
83,UP,,655.93,b'stance0011',b'stance0000',b'stance0007',b'stance0003',,,,,,,,,,,,37.4264430351515,,,,,,,,,,,,,,,,,130.31194143581786,99.01339987828202,,
84,UP,,1159.1,b'stance0011',b'stance0000',b'stride0008',b'stance0003',,,0.0,,,,,,,,,37.4264430351515,,,,,,,,,,,,,,,,,127.68898553600368,102.57933733192428,,
85,UP,,1341.34,b'stance0011',b'stance0000',b'stance0008',b'stance0003',,,,,,,,,,,,37.4264430351515,,,,,,,,,,,,,,,,,118.8616265588858,,,
86,UP,,1388.87,b'stance0011',b'stance0000',b'stride0009',b'stance0003',,,0.0,,,,,,,,,37.4264430351515,,,,,,,,,,,,,164.75475192150714,140.18823575232014,,,117.82527979291591,102.16709705585114,,
87,UP,,1474.38,b'stance0011',b'stance0000',b'stance0009',b'stance0003',,,,,,,,,,,,37.4264430351515,,,,,,,,,,,,,,,,,113.00787986999806,,,
88,UP,,1890.29,b'stance0011',b'stance0000',b'stride0010',b'stride0004',,,,209.50936751830196,,,,,,,,,,,,,,,,,,,,,,,,,104.4949266863405,,,
89,UP,,1993.99,b'stance0011',b'stance0000',b'stride0010',b'stride0004',,,,209.50936751830196,,,,,,,,,,,,,,,,,,,,,,,,,91.63114774468356,123.67292847951336,,
90,UP,,2309.67,b'stance0011',b'stride0001',b'stride0010',b'stride0004',0.0,,,209.50936751830196,,,,,,,,,,,,,,,,,,,,,,,,,84.49992512671301,,,
91,UP,,2020.17,b'stance0011',b'stance0001',b'stride0010',b'stride0004',,,,209.50936751830196,,,,,,75.03801804178666,,,,,,,,,,,,,,,,,,,75.89621297004112,,,
92,UP,,2284.86,b'stance0011',b'stance0001',b'stride0010',b'stance0004',,,,,,,,,,75.03801804178666,,,,,,,,,,,,,,,,,,,69.47450644111532,152.01729525477603,,
93,UP,,2271.58,b'stance0011',b'stance0001',b'stance0010',b'stride0005',,,,0.0,,,,,,75.03801804178666,,,,,,,,,,,,,,,,,,,69.26798275821719,156.94166390571823,,
94,UP,,2434.78,b'stance0011',b'stance0001',b'stride0011',b'stance0005',,,,,,,,,,75.03801804178666,,,,,,,,,,,,,,,,,,,65.4578084503005,152.14460419822743,,
95,UP,,2357.93,b'stance0011',b'stride0002',b'stance0011',b'stride0006',0.0,,,0.0,,,,,,,,,,,,,,,,,,,,,,,,,64.54624945387643,,,
96,UP,,1882.21,b'stance0011',b'stance0002',b'stance0011',b'stance0006',,,,,,,,,,,,,,,,,,,,,,,,,,,,,,,,
97,UP,,1407.21,b'stance0011',b'stride0003',b'stride0012',b'stride0007',0.0,,,224.23833562798637,,,,,,,,,,,,,,,,,,,,,,,,,,,,
98,UP,,1873.88,b'stance0011',b'stance0003',b'stride0012',b'stride0007',,,,224.23833562798637,,,,,,,,,,,,,,,,,,,,,,,,,,,,
99,UP,,2116.34,b'stance0011',b'stride0004',b'stance0012',b'stride0007',317.78030277322597,,,224.23833562798637,,,,,,,,,,,,,,3.351450850765655,,,,,,,,,,,,,,
100,UP,,937.5,b'stance0011',b'stride0004',b'stance0012',b'stance0007',317.78030277322597,,,,,,,,,,,122.65460826645146,,,,,,3.351450850765655,,,,,,,,,,,,,,
101,UP,,1598.66,b'stance0011',b'stride0004',b'stride0013',b'stance0007',317.78030277322597,,,,,,,,,,,122.65460826645146,,,,,,3.351450850765655,,,,,,,,,,,54.915138379404155,,,
102,UP,,1933.52,b'stance0011',b'stride0004',b'stance0013',b'stance0007',317.78030277322597,,,,,,,,,,,122.65460826645146,,,,,,3.351450850765655,,,,,,,,,,,,,,
103,UP,,2144.02,b'stance0011',b'stride0004',b'stride0014',b'stance0007',317.78030277322597,,,,,,,,,,,122.65460826645146,,,,,,3.351450850765655,,,,,,,,,,,,,,
104,UP,,916.68,b'stance0011',b'stride0004',b'stride0014',b'stance0007',317.78030277322597,,,,,,,,,,,122.65460826645146,,,,,,3.351450850765655,,,,,,,,,,,,,,
105,UP,,1664.73,b'stance0011',b'stride0004',b'stride0014',b'stance0007',317.78030277322597,,,,,,,,,,,122.65460826645146,,,,,,3.351450850765655,,,,,,,,,,,,,,
106,UP,,1982.31,b'stance0011',b'stride0004',b'stride0014',b'stance0007',317.78030277322597,,,,,,,,,,,122.65460826645146,,,,,,3.351450850765655,,,,,,,,,,,,134.1777652417667,,
107,UP,,1960.8,b'stance0011',b'stride0004',b'stride0014',b'stance0007',317.78030277322597,,,,,,,,,,,122.65460826645146,,,,,,3.351450850765655,,,,,,,,,,,,127.23154226172579,46.513334605287156,
108,UP,,1595.605,b'stance0011',b'stride0004',b'stride0014',b'stride0008',317.78030277322597,,,242.96423954982018,,,,,,,,,,,,,,3.351450850765655,,,,,,,,,151.97564083690702,,,118.68344006815647,51.95785673463388,
109,UP,6.206166180139832,1826.2800000000002,b'stance0011',b'stride0004',b'stride0014',b'stride0008',317.78030277322597,,,242.96423954982018,,,,,,,,,,,,,,3.351450850765655,,,,,,,,144.1883742846369,148.5930281886514,,,105.28589287846583,57.15950497999279,
110,UP,,1206.655,b'stance0011',b'stride0004',b'stride0014',b'stride0008',317.78030277322597,,,242.96423954982018,,,,,,,,,,,,,,3.351450850765655,,,,,,,,,138.13672305631445,,,100.51139274582472,59.98251145787967,
111,UP,,972.21,b'stance0011',b'stride0004',b'stride0014',b'stride0008',317.78030277322597,,,242.96423954982018,,,,,,,,,,,,,,3.351450850765655,,,,,,,,,141.2226576449412,,,98.80617628474758,61.94587892745244,
112,UP,,1693.84,b'stance0011',b'stride0004',b'stance0014',b'stride0008',317.78030277322597,,,242.96423954982018,,,,,,,,,,,,,,3.351450850765655,,,,,,,,,144.1134955179294,,,108.55427718553945,59.5880656573391,
113,UP,,1038.325,b'stance0011',b'stride0004',b'stance0014',b'stance0008',317.78030277322597,,,,,,,,,,,,,,,,,3.351450850765655,,,,,,,,,142.73066236353424,,,123.40708572299755,55.985804323772356,
114,UP,,823.53,b'stance0011',b'stride0004',b'stance0014',b'stance0008',317.78030277322597,,,,,,,,,,,,,,,,,3.351450850765655,,,,,,,,,143.72716510418888,,,127.99892032500816,56.54472494982156,
115,UP,12.608774775997091,1556.665,b'stance0011',b'stance0004',b'stance0014',b'stance0008',,,,,,,,,,,,,,,,,,,,,,,,,,166.60824553505643,148.14227867741315,,,136.54116720405003,56.99834979126334,
116,UP,,969.15,b'stance0011',b'stride0005',b'stance0014',b'stride0009',13.518263755075685,,,80.16543528818084,,,,,,,,,,,,,,,,,,,,,,,152.69087599126445,168.97310119171303,,140.06504583352321,64.30256535223471,
117,UP,,946.9949999999999,b'stance0011',b'stride0005',b'stance0014',b'stride0009',13.518263755075685,,,80.16543528818084,,,,,,,,,,,,,,,,,,,,,,,153.91089758192638,163.71148076485827,,143.12916130624322,69.17598752114664,61.581908833176016
118,UP,,1317.81,b'stance0011',b'stride0005',b'stance0014',b'stride0009',13.518263755075685,,,80.16543528818084,,,,,,,,,,,,,,,,,,,,,,,157.5056310748743,152.99455018025716,168.0985053682363,141.15757924379622,72.74508336376978,60.8249024567106
119,UP,,963.12,b'stance0011',b'stance0005',b'stance0014',b'stride0009',,,,80.16543528818084,,,,,,36.77908566214022,,,,,,,,,,,,,,,,,,,158.01593546815505,141.63163571540397,71.65903820502116,75.23629692764666
120,UP,,938.34,b'stance0011',b'stance0005',b'stance0014',b'stride0009',,,,80.16543528818084,,,,,,36.77908566214022,,,,,,,,,,,,,,,,,,,156.18858489908948,147.0749724171985,73.16378643456306,81.74035819656986
121,UP,,715.14,b'stance0011',b'stance0005',b'stance0014',b'stance0009',,,,,,,,,,36.77908566214022,,82.31708984512105,,,,,,,,,,,,,,,157.71528117147608,153.8469764077923,,149.20921243394693,72.94298073943811,78.44986239324912
122,UP,,736.38,b'stance0011',b'stance0005',b'stance0014',b'stance0009',,,,,,,,,,36.77908566214022,,82.31708984512105,,,,,,,,,,,,,,,160.9717511280117,155.4729755120144,,144.99142936585454,77.67662902256619,79.97931652679608
123,UP,,892.225,b'stance0011',b'stance0005',b'stance0014',b'stance0009',,,,,,,,,,36.77908566214022,,82.31708984512105,,,,,,,,,,,,,,,163.65704467481396,157.16394327559766,,142.01701975408662,76.76888175033889,81.50049446722241
124,UP,,1219.52,b'stance0011',b'stance0005',b'stance0014',b'stance0009',,,,,,,,,,36.77908566214022,,82.31708984512105,,,,,,,,,,,,,,,169.1374988773807,156.03197847102882,,138.84346989160412,81.90419848185924,82.48403693287993
125,UP,,1302.465,b'stance0011',b'stance0005',b'stance0014',b'stance0009',,,,,,,,,,36.77908566214022,,82.31708984512105,,,,,,,,,,,,,,,169.6766356536312,152.974791248355,,134.11790186627894,84.6887979627604,81.58420325996993
126,UP,20.266922764344457,635.92,b'stance0011',b'stance0005',b'stance0014',b'stance0009',,,,,,,,,,36.77908566214022,,82.31708984512105,,,,,,,,,,,,,158.29214402614093,167.01149660941402,170.09468746420163,149.92320206188626,158.0227622544384,127.69548213197739,85.654557830473,77.9210871325943
127,UP,,1685.755,b'stance0011',b'stance0005',b'stance0014',b'stance0009',,,,,,,,,,36.77908566214022,,82.31708984512105,,,,,,,,,,,,,,,,,162.94637724367092,121.81122912952415,89.68867548244334,79.61292134833134
128,UP,21.280043511701848,1628.9850000000001,b'stance0011',b'stance0005',b'stance0014',b'stance0009',,,,,,,,,,36.77908566214022,,82.31708984512105,,,,,,,,,,,,,149.4163179460773,162.4143475856929,170.81345709810097,150.70688210229838,163.55215031247928,116.99506589257324,90.15988801625808,81.54991797914984
129,UP,21.913057547557628,1938.165,b'stride0012',b'stance0005',b'stance0014',b'stance0009',,,,,,,,,,36.77908566214022,,82.31708984512105,,,,,,,,,,,,,,155.57135352618639,176.17046470581164,150.4951548541659,,110.19983288974018,90.65264364218308,83.39371718945074
130,UP,22.22300110047925,2034.685,b'stance0012',b'stance0005',b'stance0014',b'stance0009',,,,,,,,,,36.77908566214022,,82.31708984512105,,,,,,,,,,,,,,156.88979428953743,172.79994145829346,156.0492172321263,,107.25287739011549,95.19510873661132,87.65651044911046
131,UP,22.89802288621641,2020.08,b'stride0013',b'stance0005',b'stance0014',b'stance0009',,,,,,,,,,36.77908566214022,,82.31708984512105,,,,,,,,,,,,,143.99918505222666,152.05429566397788,179.01911252079805,161.674951333626,,104.54311197718003,94.67221716648628,92.03085880629865
132,UP,21.668982835091498,2428.145,b'stride0013',b'stance0005',b'stance0014',b'stance0009',,,,,,,,,,36.77908566214022,,82.31708984512105,,,,,,,,,,,,,,149.0787024969785,167.32730039325688,167.46477952687883,,98.89528467605433,99.57995995963135,87.31609674071592
133,UP,21.583748651521972,2683.605,b'stride0013',b'stance0005',b'stance0014',b'stance0009',,,,,,,,,,36.77908566214022,,82.31708984512105,,,,,,,,,,,,,147.73749249529624,151.64942157618478,167.73826249266241,164.35278796348342,,100.67118930198326,101.0324245950065,82.9436644549249
134,UP,19.868094207299464,2403.465,b'stride0013',b'stance0005',b'stance0014',b'stance0009',,,,,,,,,,36.77908566214022,,82.31708984512105,,,,,,,,,,,,,149.92430833978108,147.7020252458163,159.25452684035815,175.26011566717207,,99.8859335340604,104.00817785280556,80.38076370352364
135,UP,19.4174467196992,2686.115,b'stance0013',b'stance0005',b'stance0014',b'stance0009',,,,,,,,,,36.77908566214022,,82.31708984512105,,,,,,,,,,,,,142.80702122110776,152.42259312444574,160.07269302070904,179.27509493495606,,99.90745214385196,106.11441779461057,86.59185584801644
136,UP,17.416455199712942,2970.4300000000003,b'stance0013',b'stance0005',b'stride0015',b'stance0009',,,,,,,,,,36.77908566214022,,82.31708984512105,,,,,,,,,,,,,145.44609977087939,148.96929711795048,158.71384915967764,175.9129925017155,,100.73553084725721,106.80766251601244,86.9810658624091
137,UP,15.589469808696236,2543.835,b'stance0013',b'stance0005',b'stride0015',b'stance0009',,,,,,,,,,36.77908566214022,,82.31708984512105,,,,,,,,,,,,,139.39676859002572,148.89804886639484,157.05239878366112,179.40768850759645,,104.15583275672921,107.51308210508884,90.89446116343287
138,UP,14.137603151053696,3176.275,b'stance0013',b'stance0005',b'stride0015',b'stance0009',,,,,,,,,,36.77908566214022,,82.31708984512105,,,,,,,,,,,,,142.82980293670738,154.96286857390035,165.26309701236787,175.52231667770485,,107.99630000847539,92.68509289854751,95.63022749396141
139,UP,13.416880236080374,2777.3,b'stride0014',b'stance0005',b'stride0015',b'stance0009',,,,,,,,,,36.77908566214022,,82.31708984512105,,,,,,,,,,,,,149.09122250202714,152.8080658580229,171.14636775582858,178.45771676926924,,107.75633908012925,85.97574643095764,97.7423171482825
140,UP,,3049.0,b'stride0014',b'stance0005',b'stride0015',b'stance0009',,,,,,,,,,36.77908566214022,,82.31708984512105,,,,,,,,,,,,,,,177.8175182871874,175.45897734548217,,116.712255637651,76.4579173845475,103.92663127396308
141,UP,,3313.995,b'stride0014',b'stance0005',b'stride0015',b'stance0009',,,,,,,,,,36.77908566214022,,82.31708984512105,,,,,,,,,,,,,,,179.59642668477852,171.44537389525348,,124.46393157076955,71.65952585144531,107.2418960202106
142,UP,,2955.06,b'stride0014',b'stance0005',b'stride0015',b'stance0009',,,,,,,,,,36.77908566214022,,82.31708984512105,,,,,,,,,,,,,,,162.1568366818987,168.1710439422988,121.61946532084147,134.49318330273735,62.207189279418174,113.42608630959356
143,UP,,3121.015,b'stride0014',b'stance0005',b'stride0015',b'stance0009',,,,,,,,,,36.77908566214022,,82.31708984512105,,,,,,,,,,,,,,,154.08468065877534,162.86615787449546,119.85140036496136,138.45047000577836,63.15851054049827,123.49264548457026
144,UP,,3924.105,b'stride0014',b'stance0005',b'stride0015',b'stance0009',,,,,,,,,,36.77908566214022,,82.31708984512105,,,,,,,,,,,,,,,148.6534916926531,162.98526100651537,119.27606015411692,142.1160062517887,66.18746789209828,129.8671767780942
145,UP,,3686.855,b'stride0014',b'stride0006',b'stride0015',b'stride0010',0.0,,,,,,,,,,,,,,,,,,,,,,,,,,149.87358951704823,160.5157375427848,123.7462569595071,143.25563606379566,76.16226822787418,139.82739940678417
146,UP,3.7678722942789307,3640.13,b'stride0014',b'stance0006',b'stride0015',b'stance0010',,,,,,,,,,,,,,,,,,,,,,,,,165.65405845222318,150.27336850994791,146.5055550877513,159.53855986719515,128.08996663015466,150.2926856884805,84.61152297508056,146.75666817208446
147,UP,,4596.735000000001,b'stride0014',b'stride0007',b'stride0015',b'stride0011',7.921861754120432,,,,,,,,,,,,,,,,,,,,,,,,,,143.22231242111752,168.36033114935717,131.99757776017177,161.10693193385438,97.04041868403692,153.101232240595
148,UP,1.6588431147173992,3331.49,b'stride0014',b'stride0007',b'stride0015',b'stride0011',7.921861754120432,,,,,,,,,,,,,,,,,,,,,,,,160.74899749732498,148.60937118321846,136.7606338035363,162.16630997043998,143.32955086631756,162.55284123857814,102.99130128840442,164.34873446550782
149,UP,2.0697334627713815,3019.235,b'stride0014',b'stance0007',b'stride0015',b'stride0011',,,,,,,,,,,,,,,,,,,,,,,,,162.81542378774074,151.7824016843477,143.43175400467948,156.5290951684419,138.0478340253202,166.3810489755968,104.32462950860726,168.6581684441071
150,UP,,4008.2200000000003,b'stride0014',b'stride0008',b'stance0015',b'stride0011',444.1207712970127,,,,,,,,,,,,,,,,,7.916455164048166,,,,,,,,,151.07812421104947,150.15065140895615,129.63891594881284,159.74910437313997,101.99106235463393,170.38785238785334
151,UP,2.1569582396841724,3295.4300000000003,b'stance0014',b'stride0008',b'stride0016',b'stride0011',444.1207712970127,,,,,,,,,,,,,,,,,7.916455164048166,,,,,,,171.76149406338013,146.2077404530905,158.6171917683739,147.40792967646496,117.62715637676207,168.60028573876073,96.38058639039546,173.15212975323215
152,UP,,2855.91,b'stance0014',b'stride0008',b'stride0016',b'stride0011',444.1207712970127,,,,,,,,,,,,,,,,,7.916455164048166,,,,,,,,,175.01553861220486,151.83612920988395,110.34385129786746,,102.11921233163052,168.39301631175263
153,UP,3.5796232304736577,2659.115,b'stance0014',b'stride0008',b'stance0016',b'stride0011',444.1207712970127,,,,,,,,,,,,,,,,,7.916455164048166,,,,,,,179.12348332530513,131.55297510587752,175.00820249987123,157.1604253959131,105.89107671154143,,101.97973973220319,160.5453097912728
154,UP,4.134493416939478,2585.62,b'stance0014',b'stride0008',b'stance0016',b'stride0011',444.1207712970127,,,,,,,,,,,,,,,,,7.916455164048166,,,,,,,172.06156107178106,132.98950544952208,177.49233448194175,152.27618399418833,94.99589381927557,,102.49970823006649,150.67443346405005
155,UP,5.459975136887238,3163.77,b'stance0014',b'stride0008',b'stance0016',b'stride0011',444.1207712970127,,,,,,,,,,,,,,,,,7.916455164048166,,,,,,,171.96729423257892,136.02049202130212,177.6226546071316,158.68859150920258,91.99577536147157,,108.8928932492255,135.21305442483916
156,UP,7.36589356685414,1762.6599999999999,b'stance0014',b'stride0008',b'stance0016',b'stride0011',444.1207712970127,,,,,,,,,,,,,,,,,7.916455164048166,,,,,,,170.44358100665147,146.24658098403302,173.87950816231896,157.22252227853267,83.95680211345581,,110.89704938363049,124.15694546126579
157,UP,8.63408992989713,2552.675,b'stance0014',b'stride0008',b'stance0016',b'stride0011',444.1207712970127,,,,,,,,,,,,,,,,,7.916455164048166,,,,,,,174.67217914477993,138.94766839621363,164.96180702398766,167.32431986854954,82.76133911786512,,113.5182203468024,104.59164641184591
158,UP,9.855564108310432,2440.755,b'stance0014',b'stride0008',b'stance0016',b'stride0011',444.1207712970127,,,,,,,,,,,,,,,,,7.916455164048166,,,,,,,174.54659559153208,138.65519484174,162.56265273277253,176.89822185727337,88.7658300535428,151.65175612504936,112.22980623262157,89.1222060509552
159,UP,9.962216688733037,2553.3050000000003,b'stance0014',b'stride0008',b'stance0016',b'stride0011',444.1207712970127,,,,,,,,,,,,,,,,,7.916455164048166,,,,,,,167.97669052349823,159.11349925065232,164.8575467558384,179.8934425589923,91.0379244022994,151.6872215368316,114.77485843271256,80.1855135302172
160,UP,11.842394661352245,3099.35,b'stance0014',b'stride0008',b'stance0016',b'stride0011',444.1207712970127,,,,,,,,,,,,,,,,,7.916455164048166,,,,,,,175.95375846813565,141.9885153895826,160.1669327851764,174.61025414154258,106.8503693468008,,121.62732284077236,71.99567184552286
161,UP,12.171295562669826,2921.02,b'stance0014',b'stride0008',b'stance0016',b'stride0011',444.1207712970127,,,,,,,,,,,,,,,,,7.916455164048166,,,,,,,169.6295949829017,151.24157893201158,169.77572232622552,162.21585563180142,99.02996536472936,,117.98741630076543,70.34405156808629
162,UP,14.055420680649092,2445.68,b'stance0014',b'stride0008',b'stance0016',b'stride0011',444.1207712970127,,,,,,,,,,,,,,,,,7.916455164048166,,,,,,,174.99115958108595,,161.02729966572508,160.7184506104701,124.03825690224006,,123.59803680170013,73.62565093739362
163,UP,,2029.755,b'stance0014',b'stride0008',b'stance0016',b'stride0011',444.1207712970127,,,,,,,,,,,,,,,,,7.916455164048166,,,,,,,171.49146449882284,160.28153104197676,,,132.62383307653784,,124.8151160410022,81.43262999727719
164,UP,16.48694941139351,2880.85,b'stance0014',b'stride0008',b'stance0016',b'stride0011',444.1207712970127,,,,,,,,,,,,,,,,,7.916455164048166,,,,,,,176.93239544212184,161.81341099280795,156.5834834927325,161.69782780215368,161.11827802862962,120.48996243918256,125.8380307798808,86.24707864249767
165,UP,,2773.115,b'stance0014',b'stride0008',b'stance0016',b'stride0011',444.1207712970127,,,,,,,,,,,,,,,,,7.916455164048166,,,,,,,171.80565131912607,174.11118861298687,,,179.2275365406319,123.58264122368097,130.6969257995895,92.8240420413477
166,UP,18.782388752186876,2441.435,b'stance0014',b'stride0008',b'stance0016',b'stride0011',444.1207712970127,,,,,,,,,,,,,,,,,7.916455164048166,,,,,,,156.6401368443582,173.25600755391798,158.88843759365258,163.20785219049878,174.71565958506358,128.4043890555402,130.10041281477248,95.16905246507086
167,UP,20.193122540534034,2642.745,b'stance0014',b'stride0008',b'stride0017',b'stance0011',444.1207712970127,,,,,,,,,,,,,,,,,7.916455164048166,,,,,,,158.50499938587794,174.40409458326516,151.77572184488494,164.46269144837663,,128.94892433366977,133.5286541336597,94.51079231952646
168,UP,23.503280766775873,2383.245,b'stance0014',b'stride0008',b'stance0017',b'stance0011',444.1207712970127,,,,,,,,,,,,,,,,,7.916455164048166,,,,,,,146.41789168750938,175.243194769222,145.72575648784874,164.80753010558172,,139.58350440464028,138.57168503892973,95.20001085844014
169,UP,25.122171177018515,2853.33,b'stance0014',b'stride0008',b'stride0018',b'stance0011',444.1207712970127,,,,,,,,,,,,,,,,,7.916455164048166,,,,,,,150.32820637746534,176.18152157111808,151.9188522569662,161.49995320641258,,135.06926680299546,139.10239359923517,95.49966981340678
170,UP,,2641.49,b'stance0014',b'stride0008',b'stride0018',b'stance0011',444.1207712970127,,,,,,,,,,,,,,,,,7.916455164048166,,,,,,,,,,,,,147.37229148122097,92.4502263546548
171,UP,,2948.48,b'stance0014',b'stride0008',b'stride0018',b'stance0011',444.1207712970127,,,,,,,,,,,,,,,,,7.916455164048166,,,,,,,,,,,178.04407858724633,134.2219846220346,144.56961384683424,93.29859917399236
172,UP,,1309.62,b'stance0014',b'stance0008',b'stride0018',b'stance0011',,,,,,,,,,38.7442058662703,,,,,,,,,,,,,,,,,,,,134.92715213902213,146.37144376875494,97.66618525247631
173,UP,,2329.93,b'stance0014',b'stance0008',b'stride0018',b'stance0011',,,,,,,,,,38.7442058662703,,,,,,,,,,,,,,,,,136.18738701102615,173.05307482509048,,128.03770756164195,147.10022098004103,100.97071258082309
174,UP,28.195305252314313,1654.79,b'stance0014',b'stance0008',b'stride0018',b'stance0011',,,,,,,,,,38.7442058662703,,,,,,,,,,,,,,,,171.32077091800585,140.7253942923088,173.61237548518974,,121.38044657469797,143.47325547446974,109.5800924037613
175,UP,27.203472405441573,3255.56,b'stride0015',b'stance0008',b'stride0018',b'stance0011',,,,,,,,,,38.7442058662703,,,,,,,,,,,,,,,,170.9288093706864,139.67128201023058,172.77785718711453,,117.57320543148106,141.2533940101869,110.14325253568154
176,UP,27.939993790141955,2237.505,b'stance0015',b'stance0008',b'stride0018',b'stance0011',,,,,,,,,,38.7442058662703,,,,,,,,,,,,,,,138.96226468252524,172.8887970287527,145.3689805024357,177.7254113531985,,115.62208963431908,138.8593653859768,105.91207199092099
177,UP,27.586466881136573,2490.95,b'stance0015',b'stance0008',b'stride0018',b'stance0011',,,,,,,,,,38.7442058662703,,,,,,,,,,,,,,,138.32570073581354,170.4289766405204,149.27612773964398,178.9101587882689,,112.42736625646394,130.67155774179074,103.62678681887616
178,UP,26.13752488445789,2460.615,b'stance0015',b'stance0008',b'stride0018',b'stance0011',,,,,,,,,,38.7442058662703,,,,,,,,,,,,,,,135.14352370096037,161.2452752868876,148.54478790531766,178.08355684383122,,106.94226590096756,124.95422223761668,102.98027790509879
179,UP,25.71956183636101,2696.42,b'stance0015',b'stance0008',b'stride0018',b'stance0011',,,,,,,,,,38.7442058662703,,,,,,,,,,,,,,,,158.1869634043986,159.706496116113,178.16449946423617,,101.64492836502332,113.07214691122326,102.23483237835205
180,UP,24.124110168119586,2923.875,b'stride0016',b'stance0008',b'stride0018',b'stance0011',,,,,,,,,,38.7442058662703,,,,,,,,,,,,,,,,167.24092829501998,153.436385765743,175.77014321800667,,102.56929679791074,107.5411618843107,102.30020735727916
181,UP,22.19689600128143,2729.74,b'stride0016',b'stance0008',b'stride0018',b'stance0011',,,,,,,,,,38.7442058662703,,,,,,,,,,,,,,,144.95387983439426,159.00296466636055,164.6461413817442,173.75331513735225,160.02578658301667,98.77605143151773,98.7634399584109,106.84245788764648
182,UP,20.530591890088346,3214.17,b'stride0016',b'stance0008',b'stride0018',b'stance0011',,,,,,,,,,38.7442058662703,,,,,,,,,,,,,,,154.3401573330155,158.18857416238248,168.87075526072886,172.4657969142954,,100.77865827541584,90.98942413868569,106.80517439969077
183,UP,19.46233931415415,2890.0200000000004,b'stride0016',b'stance0008',b'stride0018',b'stance0011',,,,,,,,,,38.7442058662703,,,,,,,,,,,,,,,,153.69612472911186,175.93328329305473,169.5907879948936,,108.8653494099831,88.10263115621501,111.39615304285766
184,UP,18.3017939545486,3147.975,b'stride0016',b'stance0008',b'stride0018',b'stance0011',,,,,,,,,,38.7442058662703,,,,,,,,,,,,,,,,161.14489484767057,169.3048347922251,165.94177164156238,,122.58156892847782,74.60852004527432,114.746046935471
185,UP,17.332317999922452,3239.535,b'stride0016',b'stance0008',b'stride0018',b'stance0011',,,,,,,,,,38.7442058662703,,,,,,,,,,,,,,,,160.87348787671584,155.7663635587191,162.05600157966737,,123.42453307732393,75.88079709200179,122.30728079993659
186,UP,16.328791590335783,3372.66,b'stride0016',b'stance0008',b'stride0018',b'stance0011',,,,,,,,,,38.7442058662703,,,,,,,,,,,,,,,,150.1177583946846,145.38670569390717,152.23915482526445,,127.97418452642603,85.75260149641045,131.30096330424402
187,UP,14.26825002981235,3331.865,b'stride0016',b'stance0008',b'stride0018',b'stance0011',,,,,,,,,,38.7442058662703,,,,,,,,,,,,,,,,141.53184721960776,145.8916592056582,160.1357356752307,,136.647522912359,95.94586990350096,133.55340170320716
188,UP,,3792.83,b'stride0016',b'stance0008',b'stride0018',b'stance0011',,,,,,,,,,38.7442058662703,,,,,,,,,,,,,,,,,,155.15962723138622,,144.22651538355234,,139.67011533097275
189,UP,11.834157402375013,2983.73,b'stride0016',b'stance0008',b'stride0018',b'stance0011',,,,,,,,,,38.7442058662703,,,,,,,,,,,,,,,,146.6303709445655,140.2222405816906,147.19889069130556,,138.66253593978624,105.67512645274375,147.59465387347694
190,UP,,4080.3100000000004,b'stride0016',b'stride0009',b'stride0018',b'stride0012',0.0,,,,,,,,,,,,,,,,,,,,,,,,,,141.42024372613275,150.1370288536807,,142.9665216694048,109.71652518562,152.0159908274347
191,UP,,3699.7200000000003,b'stride0016',b'stance0009',b'stride0018',b'stride0012',,,,,,,,,,,,,,,,,,,,,,,,,,,141.60895392935413,146.46043605566695,,149.33540017901228,112.89526350900107,159.64048145369694
192,UP,,3749.24,b'stride0016',b'stride0010',b'stride0018',b'stride0012',,,,,,,,,,,,,,,,,,,,,,,,,,,151.11571157003843,149.7527137273544,,161.13440671610195,120.3349111593642,161.76785757089755
193,UP,,3393.02,b'stride0016',b'stride0010',b'stance0018',b'stride0012',,,,,,,,,,,,,,,,,,,,,,,,,,,142.16219920214007,144.44384019960492,,155.7797270805465,115.88089504199976,167.77291875392666
194,UP,,2882.51,b'stance0016',b'stance0010',b'stance0018',b'stride0012',,,,,,,,,,,,,,,,,,,,,,,,,,,148.83105718280262,144.7226461440613,,166.9939588707857,109.56885702098376,169.92347498575563
195,UP,,4359.495,b'stance0016',b'stride0011',b'stance0018',b'stride0012',,,,,,,,,,,,,,,,,,,,,,,,,,,149.66865791607387,147.0701642285616,,163.93815943570786,106.34026254494911,164.13226225015686
196,UP,,4359.495,b'stride0017',b'stride0011',b'stance0018',b'stride0012',,,,,,,,,,,,,,,,,,,,,,,,,,,145.48064191341098,145.14767911273248,,161.0654060757957,103.98478114822518,170.76513304290518
