,direction_of_climbing,body_deflection_angle,speed_PXperS,stepphase_FL,stepphase_FR,stepphase_HR,stepphase_HL,step-length_FR,step-length_FL,step-length_HR,step-length_HL,dynamics_FL,dynamics_FR,dynamics_HR,dynamics_HL,mid_stance_wrist_angles_mean_FL,mid_stance_wrist_angles_mean_FR,mid_stance_wrist_angles_mean_HR,mid_stance_wrist_angles_mean_HL,limbROM_FL,limbROM_FR,limbROM_HR,limbROM_HL,spineROM_FL,spineROM_FR,spineROM_HR,spineROM_HL,CROM_FL,CROM_FR,CROM_HR,CROM_HL,shoulder_angle_FL,shoulder_angle_FR,shoulder_angle_HR,shoulder_angle_HL,knee_angle_FL,knee_angle_FR,knee_angle_HR,knee_angle_HL
0,UP,,132.52,b'stance0000',b'stance0000',b'stance0000',b'stance0000',,,,,,,,,,,,,,,,,,,,,,,,,,,,,,,,
1,UP,,132.52,b'stance0000',b'stance0000',b'stance0000',b'stance0000',,,,,,,,,,,,,,,,,,,,,,,,,,,,,,,,
2,UP,,508.8,b'stance0000',b'stance0000',b'stance0000',b'stance0000',,,,,,,,,,,,,,,,,,,,,,,,,,,,,,,,
3,UP,,76.45,b'stance0000',b'stance0000',b'stance0000',b'stance0000',,,,,,,,,,,,,,,,,,,,,,,,,,,,,,,,
4,UP,,102.99,b'stance0000',b'stance0000',b'stance0000',b'stance0000',,,,,,,,,,,,,,,,,,,,,,,,,,,,,,,,
5,UP,,108.99,b'stance0000',b'stance0000',b'stance0000',b'stance0000',,,,,,,,,,,,,,,,,,,,,,,,,,,,,,,,
6,UP,,268.31,b'stance0000',b'stance0000',b'stance0000',b'stance0000',,,,,,,,,,,,,,,,,,,,,,,,,,,,,,,,
7,UP,,188.45,b'stance0000',b'stance0000',b'stance0000',b'stance0000',,,,,,,,,,,,,,,,,,,,,,,,,,,,,,,,
8,UP,,399.59,b'stance0000',b'stance0000',b'stance0000',b'stance0000',,,,,,,,,,,,,,,,,,,,,,,,,,,,,,,,
9,UP,,278.3,b'stance0000',b'stance0000',b'stance0000',b'stance0000',,,,,,,,,,,,,,,,,,,,,,,,,,,,,,,,
10,UP,,211.82,b'stance0000',b'stance0000',b'stance0000',b'stance0000',,,,,,,,,,,,,,,,,,,,,,,,,,,,,,,,
11,UP,,229.64,b'stance0000',b'stance0000',b'stance0000',b'stance0000',,,,,,,,,,,,,,,,,,,,,,,,,,,,,,,,
12,UP,,112.69,b'stance0000',b'stance0000',b'stance0000',b'stance0000',,,,,,,,,,,,,,,,,,,,,,,,,,,,,,,,
13,UP,,188.86,b'stance0000',b'stance0000',b'stance0000',b'stance0000',,,,,,,,,,,,,,,,,,,,,,,,,,,,,,,,
14,UP,,381.63,b'stance0000',b'stance0000',b'stance0000',b'stance0000',,,,,,,,,,,,,,,,,,,,,,,,,,,,,,,,
15,UP,,220.08,b'stance0000',b'stance0000',b'stance0000',b'stance0000',,,,,,,,,,,,,,,,,,,,,,,,,,,,,,,,
16,UP,,241.78,b'stance0000',b'stance0000',b'stance0000',b'stance0000',,,,,,,,,,,,,,,,,,,,,,,,,,,,,,,,
17,UP,,329.71,b'stance0000',b'stance0000',b'stance0000',b'stance0000',,,,,,,,,,,,,,,,,,,,,,,,,,,,,,,,
18,UP,,360.79,b'stance0000',b'stance0000',b'stance0000',b'stance0000',,,,,,,,,,,,,,,,,,,,,,,,,,,,,,,,
19,UP,,236.08,b'stance0000',b'stance0000',b'stance0000',b'stance0000',,,,,,,,,,,,,,,,,,,,,,,,,,,,,,,,
20,UP,,217.37,b'stance0000',b'stance0000',b'stride0001',b'stance0000',,,0.0,,,,,,,,,,,,,,,,,,,,,,,,,,,,,
21,UP,,415.21,b'stance0000',b'stance0000',b'stance0001',b'stance0000',,,,,,,,,,,118.59844187062335,,,,,,,,,,,,,,,,,,,,,
22,UP,,238.63,b'stance0000',b'stance0000',b'stance0001',b'stance0000',,,,,,,,,,,118.59844187062335,,,,,,,,,,,,,,,,,,,,,
23,UP,,639.59,b'stance0000',b'stance0000',b'stance0001',b'stance0000',,,,,,,,,,,118.59844187062335,,,,,,,,,,,,,,,,,,,,,
24,UP,,847.39,b'stance0000',b'stance0000',b'stance0001',b'stance0000',,,,,,,,,,,118.59844187062335,,,,,,,,,,,,,,,,,,,,,
25,UP,,353.28,b'stance0000',b'stance0000',b'stance0001',b'stance0000',,,,,,,,,,,118.59844187062335,,,,,,,,,,,,,,,,,,,,,
26,UP,,848.11,b'stance0000',b'stance0000',b'stride0002',b'stance0000',,,69.73443842607098,,,,,,,,,,,,,,,,,,,,,,,,,,,,,
27,UP,,675.59,b'stance0000',b'stance0000',b'stride0002',b'stance0000',,,69.73443842607098,,,,,,,,,,,,,,,,,,,,,,,,,,,,,
28,UP,,1199.36,b'stance0000',b'stance0000',b'stance0002',b'stance0000',,,,,,,,,,,,,,,,,,,,,,,,,,,,,,,,
29,UP,,587.31,b'stance0000',b'stance0000',b'stride0003',b'stance0000',,,5.46054797802576,,,,,,,,,,,,,,,,,,,,,,,,,,,,,
30,UP,,672.82,b'stance0000',b'stance0000',b'stride0003',b'stance0000',,,5.46054797802576,,,,,,,,,,,,,,,,,,,,,,,,,,,,,
31,UP,,602.3,b'stance0000',b'stance0000',b'stride0003',b'stance0000',,,5.46054797802576,,,,,,,,,,,,,,,,,,,,,,,,,,,,,
32,UP,,670.03,b'stance0000',b'stance0000',b'stride0003',b'stance0000',,,5.46054797802576,,,,,,,,,,,,,,,,,,,,,,,,,,,,,
33,UP,,310.91,b'stance0000',b'stance0000',b'stride0003',b'stance0000',,,5.46054797802576,,,,,,,,,,,,,,,,,,,,,,,,,,,,,
34,UP,,426.59,b'stance0000',b'stance0000',b'stride0003',b'stance0000',,,5.46054797802576,,,,,,,,,,,,,,,,,,,,,,,,,,,,,
35,UP,,328.3,b'stance0000',b'stance0000',b'stance0003',b'stance0000',,,,,,,,,,,56.69115854433927,,,,,,,,,,,,,,,,,,,,,
36,UP,,705.12,b'stance0000',b'stance0000',b'stance0003',b'stance0000',,,,,,,,,,,56.69115854433927,,,,,,,,,,,,,,,,,,,,,
37,UP,,380.4,b'stance0000',b'stance0000',b'stance0003',b'stride0001',,,,0.0,,,,,,,56.69115854433927,,,,,,,,,,,,,,,,,,,,,
38,UP,,510.59,b'stance0000',b'stance0000',b'stance0003',b'stance0001',,,,,,,,,,,56.69115854433927,58.63676360527463,,,,,,,,,,,,,,,,,,,,
39,UP,,157.56,b'stance0000',b'stance0000',b'stance0003',b'stance0001',,,,,,,,,,,56.69115854433927,58.63676360527463,,,,,,,,,,,,,,,,,,,,
40,UP,,476.09,b'stance0000',b'stance0000',b'stance0003',b'stance0001',,,,,,,,,,,56.69115854433927,58.63676360527463,,,,,,,,,,,,,,,,,,,,
41,UP,,371.31,b'stance0000',b'stance0000',b'stance0003',b'stance0001',,,,,,,,,,,56.69115854433927,58.63676360527463,,,,,,,,,,,,,,,,,,,,
42,UP,,425.86,b'stance0000',b'stance0000',b'stride0004',b'stance0001',,,0.0,,,,,,,,,58.63676360527463,,,,,,,,,,,,,,,,,,,,
43,UP,,749.4,b'stance0000',b'stance0000',b'stance0004',b'stance0001',,,,,,,,,,,66.9088874199807,58.63676360527463,,,,,,,,,,,,,,,,,,,,
44,UP,,394.18,b'stance0000',b'stance0000',b'stance0004',b'stance0001',,,,,,,,,,,66.9088874199807,58.63676360527463,,,,,,,,,,,,,,,,,,,,
45,UP,,919.46,b'stance0000',b'stance0000',b'stance0004',b'stance0001',,,,,,,,,,,66.9088874199807,58.63676360527463,,,,,,,,,,,,,,,,,,,,
46,UP,,716.43,b'stance0000',b'stance0000',b'stance0004',b'stance0001',,,,,,,,,,,66.9088874199807,58.63676360527463,,,,,,,,,,,,,,,,,,,,
47,UP,,880.06,b'stance0000',b'stance0000',b'stance0004',b'stance0001',,,,,,,,,,,66.9088874199807,58.63676360527463,,,,,,,,,,,,,,,,,,,,
48,UP,,531.31,b'stance0000',b'stance0000',b'stance0004',b'stance0001',,,,,,,,,,,66.9088874199807,58.63676360527463,,,,,,,,,,,,,,,,,,,,
49,UP,,713.28,b'stance0000',b'stance0000',b'stance0004',b'stance0001',,,,,,,,,,,66.9088874199807,58.63676360527463,,,,,,,,,,,,,,,,,,,,
50,UP,,592.64,b'stance0000',b'stance0000',b'stance0004',b'stance0001',,,,,,,,,,,66.9088874199807,58.63676360527463,,,,,,,,,,,,,,,,,,,,
51,UP,,700.51,b'stance0000',b'stance0000',b'stance0004',b'stance0001',,,,,,,,,,,66.9088874199807,58.63676360527463,,,,,,,,,,,,,,,,,,,,
52,UP,,527.81,b'stance0000',b'stance0000',b'stance0004',b'stance0001',,,,,,,,,,,66.9088874199807,58.63676360527463,,,,,,,,,,,,,,,,,,,,
53,UP,,876.84,b'stance0000',b'stance0000',b'stance0004',b'stance0001',,,,,,,,,,,66.9088874199807,58.63676360527463,,,,,,,,,,,,,,,,,,,,
54,UP,,1107.72,b'stance0000',b'stance0000',b'stance0004',b'stance0001',,,,,,,,,,,66.9088874199807,58.63676360527463,,,,,,,,,,,,,,,,,,,,
55,UP,,656.42,b'stance0000',b'stance0000',b'stance0004',b'stance0001',,,,,,,,,,,66.9088874199807,58.63676360527463,,,,,,,,,,,,,,,,,,,,
56,UP,,1005.41,b'stance0000',b'stance0000',b'stride0005',b'stance0001',,,0.0,,,,,,,,,58.63676360527463,,,,,,,,,,,,,,,,,,,,
57,UP,,574.16,b'stance0000',b'stance0000',b'stance0005',b'stance0001',,,,,,,,,,,,58.63676360527463,,,,,,,,,,,,,,,,,,,,
58,UP,,880.66,b'stance0000',b'stance0000',b'stance0005',b'stance0001',,,,,,,,,,,,58.63676360527463,,,,,,,,,,,,,,,,,,,,
59,UP,,676.66,b'stance0000',b'stance0000',b'stride0006',b'stance0001',,,0.0,,,,,,,,,58.63676360527463,,,,,,,,,,,,,,,,,,,,
60,UP,,485.65,b'stance0000',b'stance0000',b'stance0006',b'stance0001',,,,,,,,,,,,58.63676360527463,,,,,,,,,,,,,,,,,,,,
61,UP,,783.1,b'stance0000',b'stance0000',b'stride0007',b'stance0001',,,9.58497405029437,,,,,,,,,58.63676360527463,,,,,,,,,,,,,,,,,,,,
62,UP,,1362.34,b'stance0000',b'stance0000',b'stride0007',b'stance0001',,,9.58497405029437,,,,,,,,,58.63676360527463,,,,,,,,,,,,,,,,,,,,
63,UP,,1188.75,b'stride0001',b'stance0000',b'stance0007',b'stance0001',,0.0,,,,,,,,,,58.63676360527463,,,,,,,,,,,,,,,,,,,,
64,UP,,2301.99,b'stance0001',b'stance0000',b'stride0008',b'stance0001',,,2.386230050358566,,,,,,,,,58.63676360527463,,,,,,,,,,,,,,,,,,,,
65,UP,,1472.68,b'stride0002',b'stance0000',b'stride0008',b'stance0001',,154.7624741552698,2.386230050358566,,,,,,,,,58.63676360527463,,,,,,,,,,,,,,,,,,,,
66,UP,,1809.39,b'stride0002',b'stance0000',b'stride0008',b'stance0001',,154.7624741552698,2.386230050358566,,,,,,,,,58.63676360527463,,,,,,,,,,,,,,,,,,,,
67,UP,,1643.34,b'stride0002',b'stance0000',b'stride0008',b'stance0001',,154.7624741552698,2.386230050358566,,,,,,,,,58.63676360527463,,,,,,,,,,,,,,,,,,,,
68,UP,,1341.72,b'stride0002',b'stance0000',b'stance0008',b'stance0001',,154.7624741552698,,,,,,,,,,58.63676360527463,,,,,,,,,,,,,138.05572163690377,,,,,,,
69,UP,,1946.9,b'stride0002',b'stance0000',b'stride0009',b'stance0001',,154.7624741552698,0.0,,,,,,,,,58.63676360527463,,,,,,,,,,,,,142.00634323546038,136.29361659852106,,,,59.56330838521917,,
70,UP,,1856.71,b'stance0002',b'stance0000',b'stance0009',b'stride0002',,,,15.499395993696634,,,,,,,,,,,,,,,,,,,,,143.22207875253665,141.5108469628161,,,,65.91005406994157,,
71,UP,,991.07,b'stride0003',b'stance0000',b'stance0009',b'stride0002',,117.25413036139157,,15.499395993696634,,,,,,,,,,,,,,,,,,,,,150.86034101609815,135.49866520699828,,,,71.87959031630427,,
72,UP,,1908.17,b'stride0003',b'stance0000',b'stride0010',b'stride0002',,117.25413036139157,,15.499395993696634,,,,,,,,,,,,,,,,,,,,,152.54803098865935,131.19971752957633,,,,69.56033958023639,,
73,UP,,1456.48,b'stride0003',b'stance0000',b'stride0010',b'stride0002',,117.25413036139157,,15.499395993696634,,,,,,,,,,,,,,,,,,,,,156.36568345575773,136.38717697481843,,,91.49649992276365,71.95815196990786,,
74,UP,,474.83,b'stride0003',b'stance0000',b'stride0010',b'stride0002',,117.25413036139157,,15.499395993696634,,,,,,,,,,,,,,,,,,,,,157.73531419090435,131.01574152579832,,,89.31524736519616,71.47176084065887,,
75,UP,,1399.05,b'stride0003',b'stance0000',b'stance0010',b'stride0002',,117.25413036139157,,15.499395993696634,,,,,,,,,,,,,,,,,,,,,160.8027808246176,133.52202078181955,,,82.43226224232723,72.07337558985034,,
76,UP,,1072.36,b'stride0003',b'stance0000',b'stance0010',b'stride0002',,117.25413036139157,,15.499395993696634,,,,,,,,,,,,,,,,,,,,,166.3252037512666,133.25904565015344,,,86.04607530314196,73.63894474607243,,
77,UP,,498.91,b'stride0003',b'stance0000',b'stance0010',b'stride0002',,117.25413036139157,,15.499395993696634,,,,,,,,,,,,,,,,,,,,,170.6883616152959,132.19399540256177,,,92.43465093132797,76.0182583665305,,
78,UP,,859.47,b'stride0003',b'stance0000',b'stance0010',b'stride0002',,117.25413036139157,,15.499395993696634,,,,,,,,,,,,,,,,,,,,,179.3218184872872,129.62333398289965,,,100.53148806093733,77.62251677524435,,
79,UP,,565.96,b'stride0003',b'stance0000',b'stance0010',b'stance0002',,117.25413036139157,,,,,,,,,,9.11003851914147,,,,,,,,,,,,,173.33980719773024,127.97178968966193,,,112.15911925404731,78.38806596245651,,
80,UP,,1148.92,b'stride0003',b'stance0000',b'stance0010',b'stance0002',,117.25413036139157,,,,,,,,,,9.11003851914147,,,,,,,,,,,,,175.55946007077608,129.30508063551568,,,115.78683172476121,81.00657164568571,,
81,UP,,363.4,b'stride0003',b'stance0000',b'stance0010',b'stance0002',,117.25413036139157,,,,,,,,,,9.11003851914147,,,,,,,,,,,,,167.53132726809733,126.35015036771304,,,124.92727994856547,84.66998940908952,,
82,UP,,492.66,b'stance0003',b'stance0000',b'stride0011',b'stance0002',,,,,,,,,42.11401285863618,,,9.11003851914147,,,,,,,,,,,,,160.71828297733268,129.19996725170517,,,131.78261134018192,91.17162438480068,,
83,UP,,595.68,b'stance0003',b'stance0000',b'stance0011',b'stance0002',,,,,,,,,42.11401285863618,,,9.11003851914147,,,,,,,,,,,,,160.4737211976239,132.1465608541356,,,128.07830105865332,97.7667586574331,,
84,UP,,1088.56,b'stance0003',b'stance0000',b'stance0011',b'stance0002',,,,,,,,,42.11401285863618,,,9.11003851914147,,,,,,,,,,,,,166.01830006583015,131.15609182350516,,,125.04309819342419,99.17064977764036,,
85,UP,,1201.79,b'stance0003',b'stance0000',b'stance0011',b'stance0002',,,,,,,,,42.11401285863618,,,9.11003851914147,,,,,,,,,,,,,169.7882887109679,135.75492203618433,,,114.8689435112557,99.27419727192176,,
86,UP,,1491.24,b'stance0003',b'stance0000',b'stance0011',b'stride0003',,,,0.0,,,,,42.11401285863618,,,,,,,,,,,,,,,,171.73239658985048,141.7823197724232,,,108.83453400885992,104.4750421992397,,
87,UP,,1870.22,b'stance0003',b'stance0000',b'stride0012',b'stance0003',,,,,,,,,42.11401285863618,,,,,,,,,,,,,,,,170.99269702329013,141.02125757551175,,,102.22969163273626,115.89542948177548,,
88,UP,,1545.06,b'stance0003',b'stance0000',b'stance0012',b'stance0003',,,,,,,,,42.11401285863618,,,,,,,,,,,,,,,,166.11981216247165,148.9776874000002,,,97.45885432044538,117.80336692766713,,
89,UP,,1943.66,b'stance0003',b'stance0000',b'stance0012',b'stance0003',,,,,,,,,42.11401285863618,,,,,,,,,,,,,,,,169.76387545090915,151.65431055477805,,,87.17285996473854,123.83157335689809,,
90,UP,,2243.62,b'stance0003',b'stance0000',b'stance0012',b'stride0004',,,,0.0,,,,,42.11401285863618,,,,,,,,,,,,,,,,176.24249146437288,153.18027417181034,,,80.33414430291961,131.2515412355254,,
91,UP,,2382.23,b'stance0003',b'stance0000',b'stride0013',b'stance0004',,,,,,,,,42.11401285863618,,,,,,,,,,,,,,,,176.85273372249233,157.66641276778984,,,72.82059189195986,143.1879425891695,,
92,UP,,1955.88,b'stance0003',b'stance0000',b'stance0013',b'stance0004',,,,,,,,,42.11401285863618,,,,,,,,,,,,,,,,175.92505992610566,154.22863417561996,,,68.68163075272034,153.02524763369348,,
93,UP,,2753.85,b'stance0003',b'stance0000',b'stance0013',b'stride0005',,,,0.0,,,,,42.11401285863618,,,,,,,,,,,,,,,,179.34704208284137,154.23170683047442,,,63.44196930616138,160.0127646840428,,
94,UP,,1876.64,b'stance0003',b'stance0000',b'stride0014',b'stance0005',,,,,,,,,42.11401285863618,,,,,,,,,,,,,,,,179.90916718831465,151.11572061540403,,,60.314246094989926,154.886187610288,,
95,UP,,2349.79,b'stance0003',b'stance0000',b'stride0014',b'stride0006',,,,224.19989175457889,,,,,42.11401285863618,,,,,,,,,,,,,,,,175.12335143176503,149.74626057987714,,,60.28607059307035,159.77358930372156,,
96,UP,,2357.49,b'stance0003',b'stance0000',b'stance0014',b'stride0006',,,,224.19989175457889,,,,,42.11401285863618,,,,,,,,,,,,,,,,172.46477708594387,144.7985861690086,,,57.407919543497485,165.48954662561232,,
97,UP,,1305.18,b'stance0003',b'stride0001',b'stride0015',b'stance0006',0.0,,,,,,,,42.11401285863618,,,,,,,,,,,,,,,,176.0653255299672,140.12942838387988,,,58.534148694441996,,,
98,UP,,1768.84,b'stance0003',b'stance0001',b'stride0015',b'stride0007',,,,0.0,,,,,42.11401285863618,,,,,,,,,,,,,,,,170.47974897841829,142.2534467627388,,,58.43671750706062,,,
99,UP,,1998.87,b'stance0003',b'stance0001',b'stance0015',b'stance0007',,,,,,,,,42.11401285863618,,,114.63372999422586,,,,,,,,,,,,,160.30455388022304,142.75641828993045,,,56.632702571789906,,,
100,UP,,1025.53,b'stance0003',b'stride0002',b'stance0015',b'stance0007',335.26747385919754,,,,,,,,42.11401285863618,,,114.63372999422586,,,,,,6.395971962359834,,,,,,,165.22678827546096,138.17021307504962,,,60.501474197867324,,,
101,UP,,1573.08,b'stance0003',b'stride0002',b'stride0016',b'stance0007',335.26747385919754,,,,,,,,42.11401285863618,,,114.63372999422586,,,,,,6.395971962359834,,,,,,,168.70386998886443,139.22882915454335,,,60.11930717073315,,,
102,UP,,2221.9300000000003,b'stance0003',b'stride0002',b'stride0016',b'stance0007',335.26747385919754,,,,,,,,42.11401285863618,,,114.63372999422586,,,,,,6.395971962359834,,,,,,,161.38031824598303,142.4757197105334,,,58.805950531542564,,,
103,UP,5.997632636985259,1163.31,b'stance0003',b'stride0002',b'stride0016',b'stance0007',335.26747385919754,,,,,,,,42.11401285863618,,,114.63372999422586,,,,,,6.395971962359834,,,,,,,168.44906800081898,,138.5735731052441,,69.4067070409607,,,
104,UP,6.02319392718843,1628.3049999999998,b'stance0003',b'stride0002',b'stride0016',b'stance0007',335.26747385919754,,,,,,,,42.11401285863618,,,114.63372999422586,,,,,,6.395971962359834,,,,,,,167.54705960283067,141.2918037064544,143.68928046558315,,73.85779780920626,,,
105,UP,5.674415714669948,1946.33,b'stance0003',b'stride0002',b'stride0016',b'stance0007',335.26747385919754,,,,,,,,42.11401285863618,,,114.63372999422586,,,,,,6.395971962359834,,,,,,,163.09709219353203,133.25514027538497,,,80.41929357784004,,,
106,UP,5.001219523851319,1777.975,b'stance0003',b'stride0002',b'stride0016',b'stance0007',335.26747385919754,,,,,,,,42.11401285863618,,,114.63372999422586,,,,,,6.395971962359834,,,,,,,158.8820286158037,137.32185645783832,155.34188554576465,,87.87472522265254,127.49210892036191,36.54225526754945,
107,UP,4.766809063597151,1930.865,b'stance0003',b'stride0002',b'stride0016',b'stance0007',335.26747385919754,,,,,,,,42.11401285863618,,,114.63372999422586,,,,,,6.395971962359834,,,,,,,150.60102250914272,138.82050595243447,157.0254803412107,,104.54736946542414,122.96401103326855,44.78294977322486,
108,UP,5.632459987414762,1692.6799999999998,b'stance0003',b'stride0002',b'stride0016',b'stride0008',335.26747385919754,,,125.31869300597332,,,,,42.11401285863618,,,,,,,,,6.395971962359834,,,,,,21.077286295609497,152.84853481273973,142.3681760569327,148.36941722619062,,103.66340347831822,119.96954802777546,50.816205600088466,
109,UP,6.486045994825787,1756.425,b'stance0003',b'stride0002',b'stride0016',b'stride0008',335.26747385919754,,,125.31869300597332,,,,,42.11401285863618,,,,,,,,,6.395971962359834,,,,,,21.077286295609497,153.0659972952614,147.32842353670185,145.1632239089628,,144.68492399764045,,54.14244479993427,
110,UP,8.317512595257483,1277.3600000000001,b'stance0003',b'stride0002',b'stride0016',b'stride0008',335.26747385919754,,,125.31869300597332,,,,,42.11401285863618,,,,,,,,,6.395971962359834,,,,,,21.077286295609497,155.05681454439505,150.8335361294407,137.96265312930174,,173.9464722255304,96.84588180425811,57.095544199870616,
111,UP,9.312825414427778,958.5899999999999,b'stance0003',b'stride0002',b'stride0016',b'stride0008',335.26747385919754,,,125.31869300597332,,,,,42.11401285863618,,,,,,,,,6.395971962359834,,,,,,21.077286295609497,158.3868629365591,159.61995629275125,137.04255138212508,,179.96360302197914,96.46371521461467,57.18260288416829,
112,UP,10.063185395204641,1258.82,b'stance0003',b'stride0002',b'stance0016',b'stride0008',335.26747385919754,,,125.31869300597332,,,,,42.11401285863618,,,,,,,,,6.395971962359834,,,,,,21.077286295609497,153.98205498155215,170.48496751310003,141.25670080253064,154.70929540654123,,104.80874876790655,54.72157189804828,
113,UP,10.772632866271636,944.6099999999999,b'stance0003',b'stride0002',b'stance0016',b'stride0008',335.26747385919754,,,125.31869300597332,,,,,42.11401285863618,,,,,,,,,6.395971962359834,,,,,,21.077286295609497,151.31204953241217,176.25849308861837,141.70270628987524,172.22416599046952,,119.33038049187049,53.35580750581558,
114,UP,11.72144338265872,1052.475,b'stance0003',b'stride0002',b'stance0016',b'stride0008',335.26747385919754,,,125.31869300597332,,,,,42.11401285863618,,,,,,,,,6.395971962359834,,,,,,21.077286295609497,151.59797541785352,168.35230761138823,143.2686723000723,178.66174332884302,,131.4213603536296,53.56529621257617,
115,UP,12.675645541574,1111.31,b'stance0003',b'stride0002',b'stance0016',b'stance0008',335.26747385919754,,,,,,,,42.11401285863618,,,,,,,,,6.395971962359834,,,,,,,154.7756234871332,164.68650618792876,143.6606485580761,168.99211273513552,,134.58186309447626,54.89927789213293,
116,UP,13.71278259019033,1160.49,b'stance0003',b'stride0002',b'stance0016',b'stride0009',335.26747385919754,,,83.61939628107486,,,,,42.11401285863618,,,,,,,,,6.395971962359834,,,,,,-40.50447968177539,154.13363975847057,163.872582219183,149.72856238384298,169.8347302487563,,139.96172577725616,60.990741899369425,60.7404824604742
117,UP,14.491424579274366,937.55,b'stance0003',b'stride0002',b'stance0016',b'stride0009',335.26747385919754,,,83.61939628107486,,,,,42.11401285863618,,,,,,,,,6.395971962359834,,,,,,-40.50447968177539,153.7411694173904,166.61713051806035,156.06748374234547,162.17422994932824,169.45032926007073,142.8641746124801,66.49495162342713,60.10496211889229
118,UP,14.863637605266803,832.3299999999999,b'stance0003',b'stride0002',b'stance0016',b'stride0009',335.26747385919754,,,83.61939628107486,,,,,42.11401285863618,,,,,,,,,6.395971962359834,,,,,,-40.50447968177539,154.5789972046252,164.91403082992372,157.06367577231995,158.50831023034758,166.96709850675788,142.80139787072332,67.40886196307726,62.96116176845152
119,UP,15.130859781733363,786.12,b'stance0003',b'stance0002',b'stance0016',b'stride0009',,,,83.61939628107486,,,,,42.11401285863618,35.08150764965749,,,,,,,,,,,,,,-40.50447968177539,157.58899204573717,169.1716250423987,157.11127941142837,158.57284119203743,159.15788447218972,144.00781457080336,66.46910715214997,74.66047487928424
120,UP,15.674094807852669,1081.36,b'stance0003',b'stance0002',b'stance0016',b'stride0009',,,,83.61939628107486,,,,,42.11401285863618,35.08150764965749,,,,,,,,,,,,,,-40.50447968177539,156.2200177153794,171.023060118857,156.44949843075955,157.8242791350246,,146.57036785270822,65.89919642278251,77.96938410277446
121,UP,15.846444380458337,806.31,b'stance0003',b'stance0002',b'stance0016',b'stance0009',,,,,,,,,42.11401285863618,35.08150764965749,,81.06855587716241,,,,,,,,,,,,,158.19503704312527,174.4372255158775,157.67523161523056,157.78983946307383,,145.7489348297405,66.40355336726812,77.84692748339742
122,UP,16.60380673372805,578.4300000000001,b'stance0003',b'stance0002',b'stance0016',b'stance0009',,,,,,,,,42.11401285863618,35.08150764965749,,81.06855587716241,,,,,,,,,,,,,160.13870158196676,178.10973077014668,161.53127791799636,160.56394550223797,,144.04473226095982,68.94291347122235,79.91815631121251
123,UP,17.247696620505508,1071.5349999999999,b'stance0003',b'stance0002',b'stance0016',b'stance0009',,,,,,,,,42.11401285863618,35.08150764965749,,81.06855587716241,,,,,,,,,,,,,156.67996266417103,178.8082628959062,162.54383284873126,160.449078350898,,142.80470990699487,69.85507218772581,77.07163282773212
124,UP,17.992201224394393,1070.4850000000001,b'stance0003',b'stance0002',b'stance0016',b'stance0009',,,,,,,,,42.11401285863618,35.08150764965749,,81.06855587716241,,,,,,,,,,,,,154.03509027500658,176.9340221409022,163.0825443348918,155.9886792342208,159.97309560752524,140.4854959096844,71.39619855452203,76.64013033835938
125,UP,18.596116271319545,1346.74,b'stance0003',b'stance0002',b'stance0016',b'stance0009',,,,,,,,,42.11401285863618,35.08150764965749,,81.06855587716241,,,,,,,,,,,,,158.93418768729617,169.72866454444954,166.93894130362995,154.88592161151718,157.9152890956625,133.22310631510362,73.0138682002342,76.79428014718324
126,UP,19.556134780884577,1540.85,b'stance0003',b'stance0002',b'stance0016',b'stance0009',,,,,,,,,42.11401285863618,35.08150764965749,,81.06855587716241,,,,,,,,,,,,,157.16318946197578,161.48084371552775,169.80542852193892,154.1881988529587,159.81983665078633,126.7116940718926,75.68664039757903,77.38456531280593
127,UP,20.615279554216073,1601.115,b'stance0003',b'stance0002',b'stance0016',b'stance0009',,,,,,,,,42.11401285863618,35.08150764965749,,81.06855587716241,,,,,,,,,,,,,155.3218763502903,156.48570047703004,168.2303590286705,147.6046451471808,163.0220861740622,121.29420724724419,78.35626413367241,77.6914422422127
128,UP,21.51703693480826,1841.6100000000001,b'stance0003',b'stance0002',b'stance0016',b'stance0009',,,,,,,,,42.11401285863618,35.08150764965749,,81.06855587716241,,,,,,,,,,,,,158.48570157550978,155.9533831474893,170.22052409178343,151.39157796455777,163.4961774244848,115.95722923425559,80.65306235100111,80.5973565667684
129,UP,22.319276526978257,1801.655,b'stride0004',b'stance0002',b'stance0016',b'stance0009',,80.84964621967296,,,,,,,,35.08150764965749,,81.06855587716241,,,,,,,,,,,,,156.58987340895402,155.30065064986363,173.51273537584444,150.39705596167337,168.54410520605865,109.76755916128756,83.34861698479794,84.39182889859107
130,UP,23.003298843912745,2026.91,b'stride0004',b'stance0002',b'stance0016',b'stance0009',,80.84964621967296,,,,,,,,35.08150764965749,,81.06855587716241,,,,,,,,,,,,,154.2459850959712,155.40228819267645,177.43850069546082,153.34576269043953,,104.34631274404268,85.36521938487333,86.68559477312357
131,UP,22.41876994962368,2080.91,b'stride0004',b'stance0002',b'stance0016',b'stance0009',,80.84964621967296,,,,,,,,35.08150764965749,,81.06855587716241,,,,,,,,,,,,,149.6346947210216,151.8939107779015,178.91650398929704,160.16707945736104,,103.26170135060931,88.9586501446225,88.9806739530925
132,UP,22.439619058676158,2550.85,b'stance0004',b'stance0002',b'stance0016',b'stance0009',,,,,,,,,,35.08150764965749,,81.06855587716241,,,,,,,,,,,,,155.45958766418943,150.09327769264704,176.57019342762132,162.36757000998688,,96.89276745144153,91.36511145125252,87.15608666339416
133,UP,21.586016016224733,2326.29,b'stride0005',b'stance0002',b'stance0016',b'stance0009',,307.14687217196246,,,,,,,,35.08150764965749,,81.06855587716241,68.05867193420065,,,,8.377361963705734,,,,19.186744992991734,,,,157.1894620230018,153.95233047463756,175.4377053972809,165.15924150651756,,96.79293367440992,94.44251590143465,86.39544979769127
134,UP,20.535242277251598,2772.555,b'stride0005',b'stance0002',b'stance0016',b'stance0009',,307.14687217196246,,,,,,,,35.08150764965749,,81.06855587716241,68.05867193420065,,,,8.377361963705734,,,,19.186744992991734,,,,159.02790834286077,149.2269934403287,169.21383288055503,167.74600836351175,,94.01913839368343,96.62169675263378,83.92810823491175
135,UP,19.066990871299595,2488.415,b'stride0005',b'stance0002',b'stride0017',b'stance0009',,307.14687217196246,,,,,,,,35.08150764965749,,81.06855587716241,68.05867193420065,,,,8.377361963705734,,,,19.186744992991734,,,,149.00660678045784,150.1837007869957,167.00453987530014,171.14819280242628,,93.3688815742687,101.06663632847017,87.25140073767929
136,UP,18.13332505955094,2524.9700000000003,b'stride0005',b'stance0002',b'stride0017',b'stance0009',,307.14687217196246,,,,,,,,35.08150764965749,,81.06855587716241,68.05867193420065,,,,8.377361963705734,,,,19.186744992991734,,,,149.97385460266878,152.9435792805625,166.75515558236287,171.89209735910657,,97.50829706590073,102.4265301434839,89.72115098002048
137,UP,16.569943797988373,2814.165,b'stride0005',b'stance0002',b'stride0017',b'stance0009',,307.14687217196246,,,,,,,,35.08150764965749,,81.06855587716241,68.05867193420065,,,,8.377361963705734,,,,19.186744992991734,,,,144.70725531735857,152.44231679063998,164.67978592129896,178.05590227545449,,98.19801594142413,99.68398576895544,91.53872141211937
138,UP,15.115741369965178,3016.085,b'stride0005',b'stance0002',b'stride0017',b'stance0009',,307.14687217196246,,,,,,,,35.08150764965749,,81.06855587716241,68.05867193420065,,,,8.377361963705734,,,,19.186744992991734,,,,146.09003570159462,159.79675981078796,169.27772268448246,177.7278586906017,,101.92443525157101,90.1633204016415,94.1270718542472
139,UP,14.199743226280702,2887.565,b'stride0005',b'stance0002',b'stride0017',b'stance0009',,307.14687217196246,,,,,,,,35.08150764965749,,81.06855587716241,68.05867193420065,,,,8.377361963705734,,,,19.186744992991734,,,,150.13965999483108,157.19406708165718,174.81197610196378,175.3814400144294,,102.87361728156824,82.70373265223644,99.43098686216018
140,UP,12.592192064756688,2856.27,b'stride0005',b'stance0002',b'stride0017',b'stance0009',,307.14687217196246,,,,,,,,35.08150764965749,,81.06855587716241,68.05867193420065,,,,8.377361963705734,,,,19.186744992991734,,,,156.9536356652435,161.01127379133823,177.82341531073786,174.87513543921366,,109.12960223265601,77.91180348785606,101.45870161603806
141,UP,11.972552947019864,3119.92,b'stride0005',b'stance0002',b'stride0017',b'stance0009',,307.14687217196246,,,,,,,,35.08150764965749,,81.06855587716241,68.05867193420065,,,,8.377361963705734,,,,19.186744992991734,,,,173.30812793256396,162.24416783296937,172.52924122101632,167.75809645723726,,112.77137226968513,70.1880224406433,105.4338534246805
142,UP,10.391924776360838,2985.045,b'stride0005',b'stance0002',b'stride0017',b'stance0009',,307.14687217196246,,,,,,,,35.08150764965749,,81.06855587716241,68.05867193420065,,,,8.377361963705734,,,,19.186744992991734,,,,177.29159463365124,165.9369021963948,165.0029553522416,162.63867021473772,118.83075477951809,125.36425746930567,64.2902398107158,111.85723763145995
143,UP,9.367600013513993,3260.545,b'stride0005',b'stance0002',b'stride0017',b'stance0009',,307.14687217196246,,,,,,,,35.08150764965749,,81.06855587716241,68.05867193420065,,,,8.377361963705734,,,,19.186744992991734,,,,174.59452560552816,163.02483389412492,158.23825681704088,154.5916597624707,118.98397775053704,127.08200871306053,62.007377878724355,121.92710676950486
144,UP,7.46249475736434,3849.7749999999996,b'stride0005',b'stance0002',b'stride0017',b'stance0009',,307.14687217196246,,,,,,,,35.08150764965749,,81.06855587716241,68.05867193420065,,,,8.377361963705734,,,,19.186744992991734,,,,170.26071240624404,164.45002932876744,156.92362902937217,146.26174516851623,121.61006594667484,131.90670247311917,67.96179663580209,132.07402435307154
145,UP,6.486081216416267,4158.635,b'stride0005',b'stride0003',b'stride0017',b'stance0009',19.526176394946788,307.14687217196246,,,,,,,,,,81.06855587716241,68.05867193420065,,,,8.377361963705734,,,,19.186744992991734,,,,167.3770998971213,155.23049981002157,154.04097320357997,145.34507312803834,124.88237145239441,144.53464806503098,75.94064069635371,141.25675815825443
146,UP,5.129115011338001,3158.0699999999997,b'stride0005',b'stride0003',b'stride0017',b'stance0009',19.526176394946788,307.14687217196246,,,,,,,,,,81.06855587716241,68.05867193420065,,,,8.377361963705734,,,,19.186744992991734,,,,160.6915364620083,157.26382646802506,142.49906557541948,150.86740677190394,129.05259616981033,153.8985864623206,87.01052212404382,146.97350291118119
147,UP,3.90653933619231,4580.77,b'stride0005',b'stride0003',b'stride0017',b'stride0010',19.526176394946788,307.14687217196246,,,,,,,,,,,68.05867193420065,,,,8.377361963705734,,,,19.186744992991734,,,,156.90578130362664,154.9443112276609,136.50787478097703,149.94078565833516,134.8457054392284,159.7198562068774,95.97708293503383,153.90458628387117
148,UP,2.9827930331057644,3386.19,b'stride0005',b'stride0003',b'stride0017',b'stride0010',19.526176394946788,307.14687217196246,,,,,,,,,,,68.05867193420065,,,,8.377361963705734,,,,19.186744992991734,,,,158.82706849718673,150.6274314188376,134.92557361842705,150.43977256749596,141.30864952756022,163.9115096781949,102.04716173827964,163.78139227812972
149,UP,2.6391796038275004,3678.035,b'stride0005',b'stance0003',b'stride0017',b'stride0010',,307.14687217196246,,,,,,,,,,,68.05867193420065,,,,8.377361963705734,,,,19.186744992991734,,,,168.5827115681194,148.23567996201024,139.08353704880105,147.79497578080932,134.24492186116805,163.91407409593504,103.1613322819163,168.9235581525885
150,UP,2.25121056134347,3685.25,b'stride0005',b'stride0004',b'stance0017',b'stride0010',446.319979207267,307.14687217196246,,,,,,,,,,,68.05867193420065,78.9447049863166,,,8.377361963705734,9.840771192189276,,,19.186744992991734,14.330896468992492,,,175.6087523824151,147.31768196627164,141.31732031688907,147.56192385906718,127.17043191038495,164.19755488330554,100.83987858648224,171.16113425389716
151,UP,2.642386897652443,3394.8,b'stance0005',b'stride0004',b'stride0018',b'stride0010',446.319979207267,,,,,,,,33.722946512699785,,,,,78.9447049863166,,,,9.840771192189276,,,,14.330896468992492,,,173.6651405033164,147.40242158028286,146.0699888161291,144.48393872266087,118.16093079779249,171.09495382654197,92.5145121486738,172.87712455575584
152,UP,3.0660065049161176,2861.8050000000003,b'stance0005',b'stride0004',b'stance0018',b'stride0010',446.319979207267,,,,,,,,33.722946512699785,,,,,78.9447049863166,,,,9.840771192189276,,,,14.330896468992492,,,179.35537101860027,143.76088406750318,157.11516986313345,148.16118272357767,106.10468842360731,,98.13147319197303,167.77123693727063
153,UP,3.9951868883530324,2774.535,b'stance0005',b'stride0004',b'stance0018',b'stride0010',446.319979207267,,,,,,,,33.722946512699785,,,,,78.9447049863166,,,,9.840771192189276,,,,14.330896468992492,,,172.87284642803135,142.70883041833554,168.2337527589769,152.13837682889942,109.10592121865622,,99.10305846801639,158.32467840804455
154,UP,5.261765338425761,2319.965,b'stance0005',b'stride0004',b'stance0018',b'stride0010',446.319979207267,,,,,,,,33.722946512699785,,,,,78.9447049863166,,,,9.840771192189276,,,,14.330896468992492,,,177.95346571956551,142.70033884152238,170.17741496788574,148.6665779940572,104.93784549275719,,96.6457287932864,148.68809891992237
155,UP,6.590742284831748,3391.4,b'stance0005',b'stride0004',b'stance0018',b'stride0010',446.319979207267,,,,,,,,33.722946512699785,,,,,78.9447049863166,,,,9.840771192189276,,,,14.330896468992492,,,177.30281857894045,144.77241755802243,173.74230686878641,144.5977873773544,93.54540864564487,,96.49005181816516,136.1445509292559
156,UP,7.50206122663667,1701.17,b'stance0005',b'stride0004',b'stance0018',b'stride0010',446.319979207267,,,,,,,,33.722946512699785,,,,,78.9447049863166,,,,9.840771192189276,,,,14.330896468992492,,,178.24864213379834,147.07090144640932,178.96047552243542,150.82810271551506,90.89491851792212,,99.29429973732667,124.10181679074378
157,UP,8.457394815808016,2255.23,b'stance0005',b'stride0004',b'stance0018',b'stride0010',446.319979207267,,,,,,,,33.722946512699785,,,,,78.9447049863166,,,,9.840771192189276,,,,14.330896468992492,,,179.17626024304272,146.95138432859514,173.29406193385037,166.25125300255823,87.85518751354182,,103.5349091022792,105.11180003647614
158,UP,10.046879707104182,2574.085,b'stance0005',b'stride0004',b'stance0018',b'stride0010',446.319979207267,,,,,,,,33.722946512699785,,,,,78.9447049863166,,,,9.840771192189276,,,,14.330896468992492,,,178.88635015030852,144.57865584495937,172.72520469489328,171.48885434127828,87.25046039713237,149.26285935246773,104.03327052234822,89.47222735768148
159,UP,10.920963899230685,2744.315,b'stance0005',b'stride0004',b'stance0018',b'stride0010',446.319979207267,,,,,,,,33.722946512699785,,,,,78.9447049863166,,,,9.840771192189276,,,,14.330896468992492,,,176.09528668220605,151.93811217209773,169.85517899555322,177.33383016274806,83.92254790266918,151.38634283963557,106.00374117338202,80.9205419584451
160,UP,12.109820131111377,2933.105,b'stance0005',b'stride0004',b'stance0018',b'stride0010',446.319979207267,,,,,,,,33.722946512699785,,,,,78.9447049863166,,,,9.840771192189276,,,,14.330896468992492,,,174.14554366894848,150.44689661635454,171.5632600378196,175.742570037758,85.09046333339673,,108.71502563098863,71.84972470462954
161,UP,12.78224986697984,2653.99,b'stance0005',b'stride0004',b'stance0018',b'stride0010',446.319979207267,,,,,,,,33.722946512699785,,,,,78.9447049863166,,,,9.840771192189276,,,,14.330896468992492,,,174.68159588088017,151.67179320740402,169.75146928348755,167.00969494771164,87.32667860645934,,112.5920015172299,71.18945390015213
162,UP,14.359378065499072,2452.86,b'stance0005',b'stride0004',b'stance0018',b'stride0010',446.319979207267,,,,,,,,33.722946512699785,,,,,78.9447049863166,,,,9.840771192189276,,,,14.330896468992492,,,171.1164232676667,161.70373875407944,167.44805259609757,169.30839548208624,88.1608455793143,127.90977702292932,115.2094845101757,74.33767343113561
163,UP,15.634281141690536,2208.3050000000003,b'stance0005',b'stride0004',b'stance0018',b'stride0010',446.319979207267,,,,,,,,33.722946512699785,,,,,78.9447049863166,,,,9.840771192189276,,,,14.330896468992492,,,174.88985965582444,163.3775702167203,166.91055888453252,164.3637221323417,129.8417985414544,123.73413446964719,119.502728072546,80.13052101343963
164,UP,16.971563949393158,2873.9049999999997,b'stance0005',b'stride0004',b'stance0018',b'stride0010',446.319979207267,,,,,,,,33.722946512699785,,,,,78.9447049863166,,,,9.840771192189276,,,,14.330896468992492,,,176.93351627021522,170.7989566154365,161.18305757647184,167.47565070086551,167.12195162687527,119.37395775268283,121.72234400749113,84.11687988348169
165,UP,18.323159098693793,2572.5950000000003,b'stance0005',b'stride0004',b'stance0018',b'stride0010',446.319979207267,,,,,,,,33.722946512699785,,,,,78.9447049863166,,,,9.840771192189276,,,,14.330896468992492,,,174.34914135062508,173.96956561290978,162.50828454976147,165.53064994338825,179.09423789019175,122.5443979671766,123.34691692241516,91.92061224669426
166,UP,19.39685205244038,2586.4700000000003,b'stance0005',b'stride0004',b'stance0018',b'stride0010',446.319979207267,,,,,,,,33.722946512699785,,,,,78.9447049863166,,,,9.840771192189276,,,,14.330896468992492,,,158.3426165867114,178.84626395341508,158.1430036095723,165.46632527167043,178.60864372627103,128.67669629778268,127.9893567481976,95.62178758367004
167,UP,20.995077740869363,2403.05,b'stance0005',b'stride0004',b'stride0019',b'stance0010',446.319979207267,,,,,,,,33.722946512699785,,,,,78.9447049863166,,,,9.840771192189276,,,,14.330896468992492,,,157.4908776512181,176.39956286222443,154.59709894796993,169.72851001827786,,126.4080932713392,130.19261659605564,96.75124571658561
168,UP,23.42233717685363,2867.915,b'stride0006',b'stride0004',b'stance0019',b'stance0010',446.319979207267,0.0,,,,,,,,,,,,78.9447049863166,,,,9.840771192189276,,,,14.330896468992492,,,157.00763159517837,173.67199234994612,151.70569537055536,171.42861470858253,,135.05407651471654,132.6966950159279,95.41658448383744
169,UP,25.637738517010547,2651.67,b'stance0006',b'stride0004',b'stride0020',b'stance0010',446.319979207267,,,,,,,,,,,,,78.9447049863166,,,,9.840771192189276,,,,14.330896468992492,,,162.0871894572932,174.27508731214482,153.17090107309318,162.19307775152015,,132.35923798016915,138.260577293146,95.26496903520777
170,UP,26.824142069044,3004.9350000000004,b'stride0007',b'stride0004',b'stride0020',b'stance0010',446.319979207267,0.0,,,,,,,,,,,,78.9447049863166,,,,9.840771192189276,,,,14.330896468992492,,,162.15414581484143,164.58324552830996,151.94293801405334,159.3326557764139,,136.90401390318155,142.01372228092532,92.42811554203607
171,UP,28.372016889860788,1981.855,b'stance0007',b'stride0004',b'stride0020',b'stance0010',446.319979207267,,,,,,,,,,,,,78.9447049863166,,,,9.840771192189276,,,,14.330896468992492,,,161.71889639552592,168.96209829170382,152.80946144968428,155.9803304215452,,133.12741498247763,144.85338133572,92.12259397184309
172,UP,28.52599438477435,1809.0750000000003,b'stance0007',b'stance0004',b'stride0020',b'stance0010',,,,,,,,,,42.69983919195703,,,,,,,,,,,,,,,157.62644706592386,172.3115205639018,150.26072364984213,161.95317826090508,,129.56854428313426,146.19188808489525,93.56988654727837
173,UP,29.104853031240225,2141.6549999999997,b'stride0008',b'stance0004',b'stride0020',b'stance0010',,0.0,,,,,,,,42.69983919195703,,,,,,,,,,,,,,,150.7357852023603,177.474593328381,146.82635444848492,163.27433961944803,,124.10308978652358,144.6994690432949,96.31700310347684
174,UP,29.414735822869915,2084.835,b'stance0008',b'stance0004',b'stride0020',b'stance0010',,,,,,,,,,42.69983919195703,,,,,,,,,,,,,,,138.98585278108752,179.3779173087851,150.71593002202027,164.2518243426389,,119.61881154508379,142.67207949009622,103.39468302173275
175,UP,28.71178852865353,2558.49,b'stance0008',b'stance0004',b'stride0020',b'stance0010',,,,,,,,,,42.69983919195703,,,,,,,,,,,,,,,143.15459706003682,178.1535996842511,151.73183929020706,174.9685175983537,,114.46346429554853,138.20882212168152,106.1550480876708
176,UP,28.532077930937447,2030.84,b'stance0008',b'stance0004',b'stride0020',b'stance0010',,,,,,,,,,42.69983919195703,,,,,,,,,,,,,,,151.5434834105389,176.70502265381472,155.11898662426339,176.41853827140133,,112.30106684773499,134.85331651014036,103.0285796045793
177,UP,27.970971215220942,3332.385,b'stride0009',b'stance0004',b'stride0020',b'stance0010',,338.5293546807376,,,,,,,,42.69983919195703,,,,,,,,,,,,,,,156.46632872887042,175.7420262476307,152.86650939292753,176.04602236069968,,107.05714915962174,129.64988059677552,102.40286010826021
178,UP,27.002445772388853,2467.9300000000003,b'stride0009',b'stance0004',b'stride0020',b'stance0010',,338.5293546807376,,,,,,,,42.69983919195703,,,,,,,,,,,,,,,147.64007097991686,170.20550060855334,159.97353846797049,175.8796125250871,,104.53321217648369,122.32861210246487,102.12934784230889
179,UP,26.14686605490226,2469.415,b'stance0009',b'stance0004',b'stride0020',b'stance0010',,,,,,,,,,42.69983919195703,,,,,,,,,,,,,,,146.48155053248712,163.8469524078944,162.77986709319188,177.58766425871633,,100.603689231165,111.89850895558112,102.16069141932797
180,UP,24.552366494694724,3028.005,b'stride0010',b'stance0004',b'stride0020',b'stance0010',,,,,,,,,,42.69983919195703,,,,,,,,,,,,,,,147.58573376463116,163.8522985399588,162.53076247826738,176.9434245239431,,98.58531121810283,105.58406828047286,101.93231514787263
181,UP,22.933367748162652,2729.35,b'stride0010',b'stance0004',b'stride0020',b'stance0010',,,,,,,,,,42.69983919195703,,,,,,,,,,,,,,,150.0845449448531,163.054352056617,168.69723298206205,175.53187188055432,,96.68701321071448,96.00140122504429,104.14513855504485
182,UP,21.46220761513345,2757.475,b'stride0010',b'stance0004',b'stride0020',b'stance0010',,,,,,,,,,42.69983919195703,,,,,,,,,,,,,,,157.30921828744707,162.80584089723345,177.56254860312288,167.93135836470591,,97.701078160802,85.04715011163569,107.86376100673522
183,UP,20.24340554393177,2903.835,b'stride0010',b'stance0004',b'stride0020',b'stance0010',,,,,,,,,,42.69983919195703,,,,,,,,,,,,,,,158.57726274821485,161.43239574891095,171.6612890823984,167.31213789400073,,104.16914689721506,80.8616680494098,111.89200773706905
184,UP,18.98504820181489,2782.465,b'stride0010',b'stance0004',b'stride0020',b'stance0010',,,,,,,,,,42.69983919195703,,,,,,,,,,,,,,,154.90721360632577,160.9426326466318,159.2094958138669,160.2316331612324,,115.39735888436863,74.80453842559741,117.55479041716876
185,UP,18.00588628949842,3320.255,b'stride0010',b'stance0004',b'stride0020',b'stance0010',,,,,,,,,,42.69983919195703,,,,,,,,,,,,,,,,156.86180535116185,152.65650829891527,158.85997032743416,,120.01719453964976,74.99290332622988,123.10732627269508
186,UP,16.748223025697,3454.84,b'stride0010',b'stance0004',b'stride0020',b'stance0010',,,,,,,,,,42.69983919195703,,,,,,,,,,,,,,,,157.01020926210265,147.31147135367598,148.99361722604166,,129.34624403711388,82.75357319053334,130.71757669896448
187,UP,15.316839131715824,3192.3450000000003,b'stride0010',b'stance0004',b'stride0020',b'stance0010',,,,,,,,,,42.69983919195703,,,,,,,,,,,,,,,,151.40321820450342,144.5920478542475,151.9478353986025,,132.7100825166442,93.26399293081687,133.4950501500847
188,UP,13.411304231182697,3906.315,b'stride0010',b'stance0004',b'stride0020',b'stance0010',,,,,,,,,,42.69983919195703,,,,,,,,,,,,,,,,147.6004274265265,146.02785609224046,143.95006404692757,,137.99783223080482,101.96094520582017,139.63302592442767
189,UP,12.124371961048013,3109.62,b'stride0010',b'stance0004',b'stride0020',b'stance0010',,,,,,,,,,42.69983919195703,,,,,,,,,,,,,,,,145.5757946176161,144.56626940981934,140.22778992610705,,136.66318579117151,109.64788564424795,146.79793036582697
190,UP,11.300904686998251,3732.245,b'stride0010',b'stride0005',b'stride0020',b'stride0011',14.064231614417418,,,,,,,,,,,,,,,,,,,,,,,,,142.43553063765887,148.05041957596248,140.34178642370114,,138.04528758773563,113.62280398763153,151.48995454264403
191,UP,9.611186594028482,3832.235,b'stance0010',b'stride0005',b'stride0020',b'stride0011',14.064231614417418,,,,,,,,,,,,,,,,,,,,,,,,,144.31262615685594,144.98712315660995,142.01102997280051,,149.67438911550843,116.74742376228795,158.80468285414233
192,UP,8.225270394877128,3994.4800000000005,b'stance0010',b'stride0005',b'stride0020',b'stride0011',14.064231614417418,,,,,,,,,,,,,,,,,,,,,,,,,141.6332615767568,146.27628000603278,143.03882775095607,,156.73076737336112,121.45705867804563,161.7946793465925
193,UP,6.451073829315476,2925.39,b'stance0010',b'stride0005',b'stance0020',b'stride0011',14.064231614417418,,,,,,,,,,,,,,,,,,,,,,,,,145.52630146980292,139.62176769912458,143.53841210155122,,161.70874544935188,118.03573364190541,166.13898889152983
194,UP,5.3063991856585915,3531.675,b'stance0010',b'stance0005',b'stride0021',b'stride0011',,,,,,,,,,,,,,,,,,,,,,,,,,142.1273666842613,147.2800820583836,138.48711425633357,,167.65506484669598,111.9808051787058,168.8830320987117
195,UP,4.123516619800171,3961.4,b'stance0010',b'stride0006',b'stance0021',b'stride0011',6.77527008020884,,,,,,,,,,,,,,,,,,,,,,,,,147.21417615977236,146.32591287762762,139.9882535238413,,168.06547602006702,109.78318614695692,169.58108159635327
196,UP,3.561738177706559,3961.4,b'stance0010',b'stride0006',b'stance0021',b'stride0011',6.77527008020884,,,,,,,,,,,,,,,,,,,,,,,,,142.16833440304583,144.2093777476758,139.69466306741236,,165.72228275764826,106.60775684957605,172.69005592474196
