,direction_of_climbing,body_deflection_angle,speed_PXperS,stepphase_FL,stepphase_FR,stepphase_HR,stepphase_HL,step-length_FR,step-length_FL,step-length_HR,step-length_HL,dynamics_FL,dynamics_FR,dynamics_HR,dynamics_HL,mid_stance_wrist_angles_mean_FL,mid_stance_wrist_angles_mean_FR,mid_stance_wrist_angles_mean_HR,mid_stance_wrist_angles_mean_HL,limbROM_FL,limbROM_FR,limbROM_HR,limbROM_HL,spineROM_FL,spineROM_FR,spineROM_HR,spineROM_HL,CROM_FL,CROM_FR,CROM_HR,CROM_HL,shoulder_angle_FL,shoulder_angle_FR,shoulder_angle_HR,shoulder_angle_HL,knee_angle_FL,knee_angle_FR,knee_angle_HR,knee_angle_HL
0,UP,,,b'stance0000',b'stance0000',b'stance0000',b'stance0000',,,,,,,,,,,,,,,,,,,,,,,,,,,,,,,,
1,UP,,,b'stance0000',b'stance0000',b'stance0000',b'stance0000',,,,,,,,,,,,,,,,,,,,,,,,,,,,,,,,
2,UP,,,b'stance0000',b'stance0000',b'stance0000',b'stance0000',,,,,,,,,,,,,,,,,,,,,,,,,,,,,,,,
3,UP,,,b'stance0000',b'stance0000',b'stance0000',b'stance0000',,,,,,,,,,,,,,,,,,,,,,,,,,,,,,,,
4,UP,,,b'stance0000',b'stance0000',b'stance0000',b'stance0000',,,,,,,,,,,,,,,,,,,,,,,,,,,,,,,,
5,UP,,,b'stance0000',b'stance0000',b'stance0000',b'stance0000',,,,,,,,,,,,,,,,,,,,,,,,,,,,,,,,
6,UP,,,b'stance0000',b'stance0000',b'stance0000',b'stance0000',,,,,,,,,,,,,,,,,,,,,,,,,,,,,,,,
7,UP,,,b'stance0000',b'stance0000',b'stance0000',b'stance0000',,,,,,,,,,,,,,,,,,,,,,,,,,,,,,,,
8,UP,,,b'stance0000',b'stance0000',b'stance0000',b'stance0000',,,,,,,,,,,,,,,,,,,,,,,,,,,,,,,,
9,UP,,,b'stance0000',b'stance0000',b'stance0000',b'stance0000',,,,,,,,,,,,,,,,,,,,,,,,,,,,,,,,
10,UP,,,b'stance0000',b'stance0000',b'stance0000',b'stance0000',,,,,,,,,,,,,,,,,,,,,,,,,,,,,,,,
11,UP,,,b'stance0000',b'stance0000',b'stance0000',b'stance0000',,,,,,,,,,,,,,,,,,,,,,,,,,,,,,,,
12,UP,,,b'stance0000',b'stance0000',b'stance0000',b'stance0000',,,,,,,,,,,,,,,,,,,,,,,,,,,,,,,,
13,UP,,,b'stance0000',b'stance0000',b'stance0000',b'stance0000',,,,,,,,,,,,,,,,,,,,,,,,,,,,,,,,
14,UP,,,b'stance0000',b'stance0000',b'stance0000',b'stance0000',,,,,,,,,,,,,,,,,,,,,,,,,,,,,,,,
15,UP,,,b'stance0000',b'stance0000',b'stance0000',b'stance0000',,,,,,,,,,,,,,,,,,,,,,,,,,,,,,,,
16,UP,,,b'stride0001',b'stance0000',b'stance0000',b'stance0000',,0.0,,,,,,,,,,,,,,,,,,,,,,,,,,,,,,
17,UP,,,b'stance0001',b'stance0000',b'stance0000',b'stance0000',,,,,,,,,,,,,,,,,,,,,,,,,,,,,,,,
18,UP,,,b'stride0002',b'stance0000',b'stance0000',b'stance0000',,0.2936177900363111,,,,,,,,,,,,,,,,,,,,,,,,,,,,,,
19,UP,,,b'stride0002',b'stance0000',b'stance0000',b'stance0000',,0.2936177900363111,,,,,,,,,,,,,,,,,,,,,,,,,,,,,,
20,UP,,,b'stride0002',b'stance0000',b'stance0000',b'stance0000',,0.2936177900363111,,,,,,,,,,,,,,,,,,,,,,,,,,,,,,
21,UP,,,b'stance0002',b'stance0000',b'stance0000',b'stance0000',,,,,,,,,,,,,,,,,,,,,,,,,,,,,,,,
22,UP,,,b'stance0002',b'stance0000',b'stance0000',b'stance0000',,,,,,,,,,,,,,,,,,,,,,,,,,,,,,,,
23,UP,,,b'stride0003',b'stance0000',b'stance0000',b'stance0000',,0.0,,,,,,,,,,,,,,,,,,,,,,,,,,,,,,
24,UP,,,b'stance0003',b'stance0000',b'stance0000',b'stance0000',,,,,,,,,,,,,,,,,,,,,,,,,,,,,,,,
25,UP,,,b'stride0004',b'stance0000',b'stance0000',b'stance0000',,1160.297101638324,,,,,,,,,,,,,,,,,,,,,,,,,,,,,,
26,UP,,,b'stride0004',b'stance0000',b'stance0000',b'stance0000',,1160.297101638324,,,,,,,,,,,,,,,,,,,,,,,,,,,,,,
27,UP,,,b'stance0004',b'stance0000',b'stance0000',b'stance0000',,,,,,,,,,,,,,,,,,,,,,,,,,,,,,,,
28,UP,,,b'stride0005',b'stance0000',b'stance0000',b'stance0000',,1158.888011632528,,,,,,,,,,,,,,,,,,,,,,,,,,,,,,
29,UP,,,b'stride0005',b'stance0000',b'stance0000',b'stance0000',,1158.888011632528,,,,,,,,,,,,,,,,,,,,,,,,,,,,,,
30,UP,,,b'stride0005',b'stance0000',b'stance0000',b'stance0000',,1158.888011632528,,,,,,,,,,,,,,,,,,,,,,,,,,,,,,
31,UP,,,b'stride0005',b'stance0000',b'stance0000',b'stance0000',,1158.888011632528,,,,,,,,,,,,,,,,,,,,,,,,,,,,,,
32,UP,,,b'stance0005',b'stance0000',b'stance0000',b'stance0000',,,,,,,,,174.48672478559186,,,,,,,,,,,,,,,,,,,,,,,
33,UP,,,b'stance0005',b'stance0000',b'stance0000',b'stance0000',,,,,,,,,174.48672478559186,,,,,,,,,,,,,,,,,,,,,,,
34,UP,,,b'stance0005',b'stance0000',b'stance0000',b'stance0000',,,,,,,,,174.48672478559186,,,,,,,,,,,,,,,,,,,,,,,
35,UP,,,b'stance0005',b'stance0000',b'stance0000',b'stance0000',,,,,,,,,174.48672478559186,,,,,,,,,,,,,,,,,,,,,,,
36,UP,,,b'stance0005',b'stance0000',b'stance0000',b'stance0000',,,,,,,,,174.48672478559186,,,,,,,,,,,,,,,,,,,,,,,
37,UP,,,b'stance0005',b'stance0000',b'stance0000',b'stance0000',,,,,,,,,174.48672478559186,,,,,,,,,,,,,,,,,,,,,,,
38,UP,,,b'stance0005',b'stance0000',b'stance0000',b'stance0000',,,,,,,,,174.48672478559186,,,,,,,,,,,,,,,,,,,,,,,
39,UP,,,b'stance0005',b'stance0000',b'stance0000',b'stance0000',,,,,,,,,174.48672478559186,,,,,,,,,,,,,,,,,,,,,,,
40,UP,,,b'stride0006',b'stance0000',b'stance0000',b'stance0000',,1159.317510539369,,,,,,,,,,,,,,,,,,,,,,,,,,,,,,
41,UP,,,b'stride0006',b'stance0000',b'stance0000',b'stance0000',,1159.317510539369,,,,,,,,,,,,,,,,,,,,,,,,,,,,,,
42,UP,,,b'stride0006',b'stance0000',b'stance0000',b'stance0000',,1159.317510539369,,,,,,,,,,,,,,,,,,,,,,,,,,,,,,
43,UP,,,b'stride0006',b'stance0000',b'stance0000',b'stance0000',,1159.317510539369,,,,,,,,,,,,,,,,,,,,,,,,,,,,,,
44,UP,,,b'stride0006',b'stance0000',b'stance0000',b'stance0000',,1159.317510539369,,,,,,,,,,,,,,,,,,,,,,,,,,,,,,
45,UP,,,b'stride0006',b'stance0000',b'stance0000',b'stance0000',,1159.317510539369,,,,,,,,,,,,,,,,,,,,,,,,,,,,,,
46,UP,,,b'stride0006',b'stance0000',b'stance0000',b'stance0000',,1159.317510539369,,,,,,,,,,,,,,,,,,,,,,,,,,,,,,
47,UP,,,b'stride0006',b'stance0000',b'stance0000',b'stance0000',,1159.317510539369,,,,,,,,,,,,,,,,,,,,,,,,,,,,,,
48,UP,,,b'stride0006',b'stance0000',b'stance0000',b'stance0000',,1159.317510539369,,,,,,,,,,,,,,,,,,,,,,,,,,,,,,
49,UP,,,b'stride0006',b'stance0000',b'stance0000',b'stance0000',,1159.317510539369,,,,,,,,,,,,,,,,,,,,,,,,,,,,,,
50,UP,,,b'stride0006',b'stance0000',b'stance0000',b'stance0000',,1159.317510539369,,,,,,,,,,,,,,,,,,,,,,,,,,,,,,
51,UP,,,b'stance0006',b'stance0000',b'stance0000',b'stance0000',,,,,,,,,,,,,,,,,,,,,,,,,,,,,,,,
52,UP,,,b'stride0007',b'stance0000',b'stance0000',b'stance0000',,6.316311976054238,,,,,,,,,,,,,,,,,,,,,,,,,,,,,,
53,UP,,,b'stride0007',b'stance0000',b'stance0000',b'stance0000',,6.316311976054238,,,,,,,,,,,,,,,,,,,,,,,,,,,,,,
54,UP,,,b'stride0007',b'stance0000',b'stance0000',b'stance0000',,6.316311976054238,,,,,,,,,,,,,,,,,,,,,,,,,,,,,,
55,UP,,,b'stance0007',b'stance0000',b'stance0000',b'stance0000',,,,,,,,,,,,,,,,,,,,,,,,,,,,,,,,
56,UP,,,b'stride0008',b'stance0000',b'stance0000',b'stance0000',,12.311752060696204,,,,,,,,,,,,,,,,,,,,,,,,,,,,,,
57,UP,,,b'stride0008',b'stance0000',b'stance0000',b'stance0000',,12.311752060696204,,,,,,,,,,,,,,,,,,,,,,,,,,,,,,
58,UP,,,b'stance0008',b'stance0000',b'stance0000',b'stance0000',,,,,,,,,,,,,,,,,,,,,,,,,,,,,,,,
59,UP,,,b'stride0009',b'stance0000',b'stance0000',b'stance0000',,101.38295285429494,,,,,,,,,,,,,,,,,,,,,,,,,,,,,,
60,UP,,,b'stride0009',b'stance0000',b'stance0000',b'stance0000',,101.38295285429494,,,,,,,,,,,,,,,,,,,,,,,,,,,,,,
61,UP,,,b'stride0009',b'stance0000',b'stride0001',b'stance0000',,101.38295285429494,0.9006838267153994,,,,,,,,,,,,,,,,,,,,,,,,,,,,,
62,UP,,,b'stride0009',b'stance0000',b'stride0001',b'stance0000',,101.38295285429494,0.9006838267153994,,,,,,,,,,,,,,,,,,,,,,,,,,,,,
63,UP,,,b'stride0009',b'stance0000',b'stride0001',b'stance0000',,101.38295285429494,0.9006838267153994,,,,,,,,,,,,,,,,,,,,,,,,,,,,,
64,UP,,,b'stride0009',b'stance0000',b'stance0001',b'stance0000',,101.38295285429494,,,,,,,,,,,,,,,,,,,,,,,,,,,,,,
65,UP,,,b'stride0009',b'stance0000',b'stride0002',b'stance0000',,101.38295285429494,1162.729781328047,,,,,,,,,,,,,,,,,,,,,,,,,,,,,
66,UP,,,b'stride0009',b'stance0000',b'stride0002',b'stance0000',,101.38295285429494,1162.729781328047,,,,,,,,,,,,,,,,,,,,,,,,,,,,,
67,UP,,,b'stride0009',b'stance0000',b'stride0002',b'stance0000',,101.38295285429494,1162.729781328047,,,,,,,,,,,,,,,,,,,,,,,,,,,,,
68,UP,,,b'stride0009',b'stance0000',b'stride0002',b'stance0000',,101.38295285429494,1162.729781328047,,,,,,,,,,,,,,,,,,,,,,,,,,,,,
69,UP,,,b'stride0009',b'stance0000',b'stance0002',b'stance0000',,101.38295285429494,,,,,,,,,,,,,,,,,,,,,,,,,,,,,,
70,UP,,,b'stride0009',b'stance0000',b'stride0003',b'stance0000',,101.38295285429494,0.0,,,,,,,,,,,,,,,,,,,,,,,,,,,,,
71,UP,,,b'stance0009',b'stance0000',b'stance0003',b'stance0000',,,,,,,,,,,,,,,,,,,,,,,,,,,,,,,,
72,UP,,,b'stride0010',b'stance0000',b'stance0003',b'stance0000',,,,,,,,,,,,,,,,,,,,,,,,,,,,,,,,
73,UP,,,b'stride0010',b'stance0000',b'stride0004',b'stance0000',,,0.0,,,,,,,,,,,,,,,,,,,,,,,,,,,,,
74,UP,,,b'stance0010',b'stance0000',b'stance0004',b'stance0000',,,,,,,,,,,,,,,,,,,,,,,,,,,,,,,,
75,UP,,,b'stride0011',b'stance0000',b'stride0005',b'stance0000',,,1162.6449394135614,,,,,,,,,,,,,,,,,,,,,,,,,,,,,
76,UP,,,b'stride0011',b'stance0000',b'stride0005',b'stance0000',,,1162.6449394135614,,,,,,,,,,,,,,,,,,,,,,,,,,,,,
77,UP,,,b'stride0011',b'stance0000',b'stance0005',b'stance0000',,,,,,,,,,,,,,,,,,,,,,,,,,,,,,,,
78,UP,,,b'stride0011',b'stance0000',b'stance0005',b'stance0000',,,,,,,,,,,,,,,,,,,,,,,,,,,,,,,,
79,UP,,,b'stance0011',b'stance0000',b'stance0005',b'stance0000',,,,,,,,,,,,,,,,,,,,,,,,,,,,,,,,
80,UP,,,b'stance0011',b'stance0000',b'stride0006',b'stance0000',,,1162.5659450100316,,,,,,,,,,,,,,,,,,,,,,,,,,,,,
81,UP,,,b'stride0012',b'stance0000',b'stride0006',b'stance0000',,,1162.5659450100316,,,,,,,,,,,,,,,,,,,,,,,,,,,,,
82,UP,,,b'stride0012',b'stance0000',b'stride0006',b'stance0000',,,1162.5659450100316,,,,,,,,,,,,,,,,,,,,,,,,,,,,,
83,UP,,,b'stance0012',b'stance0000',b'stride0006',b'stance0000',,,1162.5659450100316,,,,,,,,,,,,,,,,,,,,,,,,,,,,,
84,UP,,,b'stride0013',b'stance0000',b'stance0006',b'stance0000',,,,,,,,,,,,,,,,,,,,,,,,,,,,,,,,
85,UP,,,b'stride0013',b'stance0000',b'stride0007',b'stance0000',,,1161.8620549811262,,,,,,,,,,,,,,,,,,,,,,,,,,,,,
86,UP,,,b'stance0013',b'stance0000',b'stride0007',b'stance0000',,,1161.8620549811262,,,,,,,,,,,,,,,,,,,,,,,,,,,,,
87,UP,,,b'stance0013',b'stance0000',b'stride0007',b'stance0000',,,1161.8620549811262,,,,,,,,,,,,,,,,,,,,,,,,,,,,,
88,UP,,,b'stance0013',b'stance0000',b'stride0007',b'stance0000',,,1161.8620549811262,,,,,,,,,,,,,,,,,,,,,,,,,,,,,
89,UP,,,b'stride0014',b'stance0000',b'stance0007',b'stance0000',,,,,,,,,,,,,,,,,,,,,,,,,,,,,,,,
90,UP,,,b'stride0014',b'stance0000',b'stride0008',b'stance0000',,,1162.9729961523835,,,,,,,,,,,,,,,,,,,,,,,,,,,,,
91,UP,,,b'stride0014',b'stance0000',b'stride0008',b'stance0000',,,1162.9729961523835,,,,,,,,,,,,,,,,,,,,,,,,,,,,,
92,UP,,,b'stride0014',b'stance0000',b'stride0008',b'stance0000',,,1162.9729961523835,,,,,,,,,,,,,,,,,,,,,,,,,,,,,
93,UP,,,b'stride0014',b'stance0000',b'stride0008',b'stance0000',,,1162.9729961523835,,,,,,,,,,,,,,,,,,,,,,,,,,,,,
94,UP,,,b'stance0014',b'stance0000',b'stance0008',b'stance0000',,,,,,,,,,,,,,,,,,,,,,,,,,,,,,,,
95,UP,,,b'stride0015',b'stance0000',b'stride0009',b'stance0000',,,1162.0717311697954,,,,,,,,,,,,,,,,,,,,,,,,,,,,,
96,UP,,,b'stance0015',b'stance0000',b'stride0009',b'stance0000',,,1162.0717311697954,,,,,,,,,,,,,,,,,,,,,,,,,,,,,
97,UP,,,b'stance0015',b'stance0000',b'stride0009',b'stance0000',,,1162.0717311697954,,,,,,,,,,,,,,,,,,,,,,,,,,,,,
98,UP,,,b'stance0015',b'stance0000',b'stride0009',b'stance0000',,,1162.0717311697954,,,,,,,,,,,,,,,,,,,,,,,,,,,,,
99,UP,,,b'stance0015',b'stance0000',b'stance0009',b'stride0001',,,,0.6313768679357946,,,,,,,,,,,,,,,,,,,,,,,,,,,,
100,UP,,,b'stance0015',b'stance0000',b'stride0010',b'stride0001',,,,0.6313768679357946,,,,,,,,,,,,,,,,,,,,,,,,,,,,
101,UP,,,b'stance0015',b'stance0000',b'stride0010',b'stride0001',,,,0.6313768679357946,,,,,,,,,,,,,,,,,,,,,,,,,,,,
102,UP,,,b'stance0015',b'stance0000',b'stance0010',b'stance0001',,,,,,,,,,,,,,,,,,,,,,,,,,,,,,,,
103,UP,,,b'stance0015',b'stance0000',b'stance0010',b'stride0002',,,,0.6551101412879538,,,,,,,,,,,,,,,,,,,,,,,,,,,,
104,UP,,,b'stance0015',b'stance0000',b'stance0010',b'stride0002',,,,0.6551101412879538,,,,,,,,,,,,,,,,,,,,,,,,,,,,
105,UP,,,b'stride0016',b'stance0000',b'stance0010',b'stride0002',,,,0.6551101412879538,,,,,,,,,,,,,,,,,,,,,,,,,,,,
106,UP,,,b'stance0016',b'stance0000',b'stance0010',b'stride0002',,,,0.6551101412879538,,,,,,,,,,,,,,,,,,,,,,,,,,,,
107,UP,,,b'stride0017',b'stance0000',b'stance0010',b'stride0002',,,,0.6551101412879538,,,,,,,,,,,,,,,,,,,,,,,,,,,,
108,UP,,,b'stride0017',b'stance0000',b'stance0010',b'stance0002',,,,,,,,,,,,,,,,,,,,,,,,,,,,,,,,
109,UP,,,b'stance0017',b'stance0000',b'stance0010',b'stance0002',,,,,,,,,,,,,,,,,,,,,,,,,,,,,,,,
110,UP,,,b'stance0017',b'stance0000',b'stance0010',b'stride0003',,,,1207.423660658508,,,,,,,,,,,,,,,,,,,,,,,,,,,,
111,UP,,,b'stance0017',b'stance0000',b'stance0010',b'stride0003',,,,1207.423660658508,,,,,,,,,,,,,,,,,,,,,,,,,,,,
112,UP,,,b'stance0017',b'stance0000',b'stride0011',b'stance0003',,,,,,,,,,,,,,,,,,,,,,,,,,,,,,,,
113,UP,,,b'stance0017',b'stance0000',b'stride0011',b'stride0004',,,,0.0,,,,,,,,,,,,,,,,,,,,,,,,,,,,
114,UP,,,b'stance0017',b'stance0000',b'stance0011',b'stance0004',,,,,,,,,,,,146.54892556147433,,,,,,,,,,,,,,,,,,,,
115,UP,,,b'stance0017',b'stance0000',b'stance0011',b'stance0004',,,,,,,,,,,,146.54892556147433,,,,,,,,,,,,,,,,,,,,
116,UP,,,b'stance0017',b'stance0000',b'stance0011',b'stance0004',,,,,,,,,,,,146.54892556147433,,,,,,,,,,,,,,,,,,,,
117,UP,,,b'stride0018',b'stance0000',b'stance0011',b'stance0004',,,,,,,,,,,,146.54892556147433,,,,,,,,,,,,,,,,,,,,
118,UP,,,b'stance0018',b'stance0000',b'stance0011',b'stance0004',,,,,,,,,,,,146.54892556147433,,,,,,,,,,,,,,,,,,,,
119,UP,,,b'stance0018',b'stance0000',b'stance0011',b'stride0005',,,,0.0,,,,,,,,,,,,,,,,,,,,,,,,,,,,
120,UP,,,b'stride0019',b'stance0000',b'stance0011',b'stance0005',,,,,,,,,,,,,,,,,,,,,,,,,,,,,,,,
121,UP,,,b'stride0019',b'stance0000',b'stance0011',b'stride0006',,,,0.0,,,,,,,,,,,,,,,,,,,,,,,,,,,,
122,UP,,,b'stride0019',b'stance0000',b'stance0011',b'stance0006',,,,,,,,,,,,,,,,,,,,,,,,,,,,,,,,
123,UP,,,b'stance0019',b'stance0000',b'stance0011',b'stance0006',,,,,,,,,,,,,,,,,,,,,,,,,,,,,,,,
124,UP,,,b'stride0020',b'stance0000',b'stance0011',b'stride0007',,,,1207.2204752020216,,,,,,,,,,,,,,,,,,,,,,,,,,,,
125,UP,,,b'stride0020',b'stance0000',b'stance0011',b'stride0007',,,,1207.2204752020216,,,,,,,,,,,,,,,,,,,,,,,,,,,,
126,UP,,,b'stride0020',b'stride0001',b'stance0011',b'stance0007',1155.750176001516,,,,,,,,,,,,,,,,,,,,,,,,,,,,,,,
127,UP,,,b'stride0020',b'stride0001',b'stance0011',b'stance0007',1155.750176001516,,,,,,,,,,,,,,,,,,,,,,,,,,,,,,,
128,UP,,,b'stride0020',b'stride0001',b'stance0011',b'stance0007',1155.750176001516,,,,,,,,,,,,,,,,,,,,,,,,,,,,,,,
129,UP,,,b'stride0020',b'stride0001',b'stance0011',b'stride0008',1155.750176001516,,,23.83097033434879,,,,,,,,,,,,,,,,,,,,,,,,,,,,
130,UP,,,b'stride0020',b'stride0001',b'stride0012',b'stride0008',1155.750176001516,,,23.83097033434879,,,,,,,,,,,,,,,,,,,,,,,,,,,,
131,UP,,,b'stride0020',b'stance0001',b'stride0012',b'stride0008',,,,23.83097033434879,,,,,,64.62686489634831,,,,,,,,,,,,,,,,,,,,,,
132,UP,,,b'stride0020',b'stance0001',b'stance0012',b'stance0008',,,,,,,,,,64.62686489634831,,68.70916411017042,,,,,,,,,,,,,,,,,,,,
133,UP,,,b'stride0020',b'stance0001',b'stance0012',b'stance0008',,,,,,,,,,64.62686489634831,,68.70916411017042,,,,,,,,,,,,,,,,,,,,
134,UP,,,b'stride0020',b'stance0001',b'stance0012',b'stance0008',,,,,,,,,,64.62686489634831,,68.70916411017042,,,,,,,,,,,,,,,,,,,,
135,UP,,,b'stride0020',b'stance0001',b'stance0012',b'stance0008',,,,,,,,,,64.62686489634831,,68.70916411017042,,,,,,,,,,,,,,,,,,,,
136,UP,,,b'stride0020',b'stance0001',b'stance0012',b'stance0008',,,,,,,,,,64.62686489634831,,68.70916411017042,,,,,,,,,,,,,,,,,,,,
137,UP,,,b'stride0020',b'stance0001',b'stance0012',b'stance0008',,,,,,,,,,64.62686489634831,,68.70916411017042,,,,,,,,,,,,,,,,,,,,
138,UP,,,b'stride0020',b'stance0001',b'stance0012',b'stance0008',,,,,,,,,,64.62686489634831,,68.70916411017042,,,,,,,,,,,,,,,,,,,,
139,UP,,,b'stride0020',b'stance0001',b'stance0012',b'stance0008',,,,,,,,,,64.62686489634831,,68.70916411017042,,,,,,,,,,,,,,,,,,,,
140,UP,,,b'stride0020',b'stance0001',b'stance0012',b'stance0008',,,,,,,,,,64.62686489634831,,68.70916411017042,,,,,,,,,,,,,,,,,,,,
141,UP,,,b'stride0020',b'stance0001',b'stance0012',b'stance0008',,,,,,,,,,64.62686489634831,,68.70916411017042,,,,,,,,,,,,,,,,,,,,
142,UP,,,b'stride0020',b'stance0001',b'stance0012',b'stance0008',,,,,,,,,,64.62686489634831,,68.70916411017042,,,,,,,,,,,,,,,,,,,,
143,UP,,,b'stride0020',b'stance0001',b'stance0012',b'stance0008',,,,,,,,,,64.62686489634831,,68.70916411017042,,,,,,,,,,,,,,,,,,,,
144,UP,,,b'stance0020',b'stance0001',b'stance0012',b'stance0008',,,,,,,,,,64.62686489634831,,68.70916411017042,,,,,,,,,,,,,,,,,,,,
145,UP,,,b'stride0021',b'stance0001',b'stance0012',b'stance0008',,,,,,,,,,64.62686489634831,,68.70916411017042,,,,,,,,,,,,,,,,,,,,
146,UP,,,b'stride0021',b'stance0001',b'stance0012',b'stance0008',,,,,,,,,,64.62686489634831,,68.70916411017042,,,,,,,,,,,,,,,,,,,,
147,UP,,,b'stride0021',b'stance0001',b'stance0012',b'stance0008',,,,,,,,,,64.62686489634831,,68.70916411017042,,,,,,,,,,,,,,,,,,,,
148,UP,,,b'stride0021',b'stance0001',b'stance0012',b'stance0008',,,,,,,,,,64.62686489634831,,68.70916411017042,,,,,,,,,,,,,,,,,,,,
149,UP,,,b'stance0021',b'stance0001',b'stance0012',b'stance0008',,,,,,,,,,64.62686489634831,,68.70916411017042,,,,,,,,,,,,,,,,,,,,
150,UP,,,b'stance0021',b'stance0001',b'stance0012',b'stance0008',,,,,,,,,,64.62686489634831,,68.70916411017042,,,,,,,,,,,,,,,,,,,,
151,UP,,,b'stance0021',b'stance0001',b'stance0012',b'stance0008',,,,,,,,,,64.62686489634831,,68.70916411017042,,,,,,,,,,,,,,,,,,,,
152,UP,,,b'stance0021',b'stance0001',b'stance0012',b'stance0008',,,,,,,,,,64.62686489634831,,68.70916411017042,,,,,,,,,,,,,,,,,,,,
153,UP,,,b'stance0021',b'stride0002',b'stance0012',b'stance0008',1155.2004291126755,,,,,,,,,,,68.70916411017042,,,,,,,,,,,,,,,,,,,,
154,UP,,,b'stance0021',b'stride0002',b'stance0012',b'stance0008',1155.2004291126755,,,,,,,,,,,68.70916411017042,,,,,,,,,,,,,,,,,,,,
155,UP,,,b'stance0021',b'stance0002',b'stance0012',b'stance0008',,,,,,,,,,124.28781473669845,,68.70916411017042,,,,,,,,,,,,,,,,,,,,
156,UP,,,b'stance0021',b'stance0002',b'stance0012',b'stance0008',,,,,,,,,,124.28781473669845,,68.70916411017042,,,,,,,,,,,,,,,,,,,,
157,UP,,,b'stance0021',b'stance0002',b'stance0012',b'stance0008',,,,,,,,,,124.28781473669845,,68.70916411017042,,,,,,,,,,,,,,,,,,,,
158,UP,,,b'stance0021',b'stance0002',b'stance0012',b'stance0008',,,,,,,,,,124.28781473669845,,68.70916411017042,,,,,,,,,,,,,,,,,,,,
159,UP,,,b'stance0021',b'stance0002',b'stance0012',b'stance0008',,,,,,,,,,124.28781473669845,,68.70916411017042,,,,,,,,,,,,,,,,,,,,
160,UP,,,b'stance0021',b'stride0003',b'stance0012',b'stance0008',1155.2466049966897,,,,,,,,,,,68.70916411017042,,,,,,,,,,,,,,,,,,,,
161,UP,,,b'stride0022',b'stride0003',b'stance0012',b'stance0008',1155.2466049966897,,,,,,,,,,,68.70916411017042,,,,,,,,,,,,,,,,,,,,
162,UP,,,b'stride0022',b'stance0003',b'stance0012',b'stance0008',,,,,,,,,,74.95299701139375,,68.70916411017042,,,,,,,,,,,,,,,,,,,,
163,UP,,,b'stride0022',b'stance0003',b'stance0012',b'stance0008',,,,,,,,,,74.95299701139375,,68.70916411017042,,,,,,,,,,,,,,,,,,,,
164,UP,,,b'stride0022',b'stance0003',b'stance0012',b'stance0008',,,,,,,,,,74.95299701139375,,68.70916411017042,,,,,,,,,,,,,,,,,,,,
165,UP,,,b'stride0022',b'stance0003',b'stance0012',b'stance0008',,,,,,,,,,74.95299701139375,,68.70916411017042,,,,,,,,,,,,,,,,,,,,
166,UP,,,b'stride0022',b'stance0003',b'stance0012',b'stance0008',,,,,,,,,,74.95299701139375,,68.70916411017042,,,,,,,,,,,,,,,,,,,,
167,UP,,,b'stride0022',b'stance0003',b'stance0012',b'stance0008',,,,,,,,,,74.95299701139375,,68.70916411017042,,,,,,,,,,,,,,,,,,,,
168,UP,,,b'stride0022',b'stance0003',b'stance0012',b'stance0008',,,,,,,,,,74.95299701139375,,68.70916411017042,,,,,,,,,,,,,,,,,,,,
169,UP,,,b'stance0022',b'stance0003',b'stance0012',b'stance0008',,,,,,,,,,74.95299701139375,,68.70916411017042,,,,,,,,,,,,,,,,,,,,
170,UP,,,b'stance0022',b'stance0003',b'stance0012',b'stance0008',,,,,,,,,,74.95299701139375,,68.70916411017042,,,,,,,,,,,,,,,,,,,,
171,UP,,,b'stride0023',b'stance0003',b'stance0012',b'stance0008',,,,,,,,,,74.95299701139375,,68.70916411017042,,,,,,,,,,,,,,,,,,,,
172,UP,,,b'stride0023',b'stance0003',b'stance0012',b'stance0008',,,,,,,,,,74.95299701139375,,68.70916411017042,,,,,,,,,,,,,,,,,,,,
173,UP,,,b'stance0023',b'stance0003',b'stance0012',b'stance0008',,,,,,,,,,74.95299701139375,,68.70916411017042,,,,,,,,,,,,,,,,,,,,
174,UP,,,b'stance0023',b'stance0003',b'stance0012',b'stance0008',,,,,,,,,,74.95299701139375,,68.70916411017042,,,,,,,,,,,,,,,,,,,,
175,UP,,,b'stride0024',b'stance0003',b'stance0012',b'stance0008',,,,,,,,,,74.95299701139375,,68.70916411017042,,,,,,,,,,,,,,,,,,,,
176,UP,,,b'stride0024',b'stance0003',b'stance0012',b'stance0008',,,,,,,,,,74.95299701139375,,68.70916411017042,,,,,,,,,,,,,,,,,,,,
177,UP,,,b'stride0024',b'stance0003',b'stance0012',b'stance0008',,,,,,,,,,74.95299701139375,,68.70916411017042,,,,,,,,,,,,,,,,,,,,
178,UP,,,b'stride0024',b'stance0003',b'stance0012',b'stance0008',,,,,,,,,,74.95299701139375,,68.70916411017042,,,,,,,,,,,,,,,,,,,,
179,UP,,,b'stance0024',b'stance0003',b'stance0012',b'stance0008',,,,,,,,,,74.95299701139375,,68.70916411017042,,,,,,,,,,,,,,,,,,,,
180,UP,,,b'stride0025',b'stance0003',b'stance0012',b'stance0008',,,,,,,,,,74.95299701139375,,68.70916411017042,,,,,,,,,,,,,,,,,,,,
181,UP,,,b'stride0025',b'stride0004',b'stance0012',b'stance0008',1155.3944102670437,,,,,,,,,,,68.70916411017042,,,,,,,,,,,,,,,,,,,,
182,UP,,,b'stride0025',b'stride0004',b'stance0012',b'stance0008',1155.3944102670437,,,,,,,,,,,68.70916411017042,,,,,,,,,,,,,,,,,,,,
183,UP,,,b'stride0025',b'stance0004',b'stance0012',b'stance0008',,,,,,,,,,166.27781433015693,,68.70916411017042,,,,,,,,,,,,,,,,,,,,
184,UP,,,b'stance0025',b'stance0004',b'stance0012',b'stance0008',,,,,,,,,,166.27781433015693,,68.70916411017042,,,,,,,,,,,,,,,,,,,,
185,UP,,,b'stance0025',b'stance0004',b'stance0012',b'stance0008',,,,,,,,,,166.27781433015693,,68.70916411017042,,,,,,,,,,,,,,,,,,,,
186,UP,,,b'stance0025',b'stance0004',b'stance0012',b'stance0008',,,,,,,,,,166.27781433015693,,68.70916411017042,,,,,,,,,,,,,,,,,,,,
187,UP,,,b'stride0026',b'stance0004',b'stance0012',b'stance0008',,,,,,,,,,166.27781433015693,,68.70916411017042,,,,,,,,,,,,,,,,,,,,
188,UP,,,b'stride0026',b'stance0004',b'stance0012',b'stance0008',,,,,,,,,,166.27781433015693,,68.70916411017042,,,,,,,,,,,,,,,,,,,,
189,UP,,,b'stance0026',b'stance0004',b'stance0012',b'stance0008',,,,,,,,,,166.27781433015693,,68.70916411017042,,,,,,,,,,,,,,,,,,,,
190,UP,,,b'stride0027',b'stance0004',b'stance0012',b'stance0008',,,,,,,,,,166.27781433015693,,68.70916411017042,,,,,,,,,,,,,,,,,,,,
191,UP,,,b'stride0027',b'stance0004',b'stance0012',b'stance0008',,,,,,,,,,166.27781433015693,,68.70916411017042,,,,,,,,,,,,,,,,,,,,
192,UP,,,b'stride0027',b'stance0004',b'stance0012',b'stance0008',,,,,,,,,,166.27781433015693,,68.70916411017042,,,,,,,,,,,,,,,,,,,,
193,UP,,,b'stance0027',b'stance0004',b'stance0012',b'stance0008',,,,,,,,,,166.27781433015693,,68.70916411017042,,,,,,,,,,,,,,,,,,,,
194,UP,,,b'stance0027',b'stance0004',b'stance0012',b'stance0008',,,,,,,,,,166.27781433015693,,68.70916411017042,,,,,,,,,,,,,,,,,,,,
195,UP,,,b'stance0027',b'stance0004',b'stance0012',b'stance0008',,,,,,,,,,166.27781433015693,,68.70916411017042,,,,,,,,,,,,,,,,,,,,
196,UP,,,b'stance0027',b'stance0004',b'stance0012',b'stance0008',,,,,,,,,,166.27781433015693,,68.70916411017042,,,,,,,,,,,,,,,,,,,,
197,UP,,,b'stance0027',b'stance0004',b'stance0012',b'stride0009',,,,1207.5560209085857,,,,,,166.27781433015693,,,,,,,,,,,,,,,,,,,,,,
198,UP,,,b'stance0027',b'stance0004',b'stance0012',b'stride0009',,,,1207.5560209085857,,,,,,166.27781433015693,,,,,,,,,,,,,,,,,,,,,,
199,UP,,,b'stance0027',b'stance0004',b'stance0012',b'stance0009',,,,,,,,,,166.27781433015693,,144.22728899683167,,,,,,,,,,,,,,,,,,,,
200,UP,,,b'stride0028',b'stance0004',b'stance0012',b'stance0009',,,,,,,,,,166.27781433015693,,144.22728899683167,,,,,,,,,,,,,,,,,,,,
201,UP,,,b'stance0028',b'stance0004',b'stance0012',b'stance0009',,,,,,,,,,166.27781433015693,,144.22728899683167,,,,,,,,,,,,,,,,,,,,
202,UP,,,b'stance0028',b'stance0004',b'stance0012',b'stance0009',,,,,,,,,,166.27781433015693,,144.22728899683167,,,,,,,,,,,,,,,,,,,,
203,UP,,,b'stride0029',b'stride0005',b'stance0012',b'stance0009',1155.3558619266744,,,,,,,,,,,144.22728899683167,,,,,,,,,,,,,,,,,,,,
204,UP,,,b'stance0029',b'stride0005',b'stance0012',b'stance0009',1155.3558619266744,,,,,,,,,,,144.22728899683167,,,,,,,,,,,,,,,,,,,,
205,UP,,,b'stance0029',b'stance0005',b'stance0012',b'stance0009',,,,,,,,,,111.57097967762456,,144.22728899683167,,,,,,,,,,,,,,,,,,,,
206,UP,,,b'stance0029',b'stance0005',b'stance0012',b'stance0009',,,,,,,,,,111.57097967762456,,144.22728899683167,,,,,,,,,,,,,,,,,,,,
207,UP,,,b'stance0029',b'stance0005',b'stance0012',b'stance0009',,,,,,,,,,111.57097967762456,,144.22728899683167,,,,,,,,,,,,,,,,,,,,
208,UP,,,b'stance0029',b'stance0005',b'stance0012',b'stance0009',,,,,,,,,,111.57097967762456,,144.22728899683167,,,,,,,,,,,,,,,,,,,,
209,UP,,,b'stance0029',b'stance0005',b'stance0012',b'stance0009',,,,,,,,,,111.57097967762456,,144.22728899683167,,,,,,,,,,,,,,,,,,,,
210,UP,,,b'stance0029',b'stance0005',b'stance0012',b'stance0009',,,,,,,,,,111.57097967762456,,144.22728899683167,,,,,,,,,,,,,,,,,,,,
211,UP,,,b'stance0029',b'stance0005',b'stance0012',b'stride0010',,,,,,,,,,111.57097967762456,,,,,,,,,,,,,,,,,,,,,,
212,UP,,,b'stance0029',b'stance0005',b'stance0012',b'stride0010',,,,,,,,,,111.57097967762456,,,,,,,,,,,,,,,,,,,,,,
213,UP,,,b'stance0029',b'stance0005',b'stance0012',b'stance0010',,,,,,,,,,111.57097967762456,,,,,,,,,,,,,,,,,,,,,,
214,UP,,,b'stance0029',b'stance0005',b'stance0012',b'stance0010',,,,,,,,,,111.57097967762456,,,,,,,,,,,,,,,,,,,,,,
215,UP,,,b'stance0029',b'stance0005',b'stance0012',b'stance0010',,,,,,,,,,111.57097967762456,,,,,,,,,,,,,,,,,,,,,,
216,UP,,,b'stance0029',b'stance0005',b'stance0012',b'stance0010',,,,,,,,,,111.57097967762456,,,,,,,,,,,,,,,,,,,,,,
217,UP,,,b'stance0029',b'stance0005',b'stance0012',b'stance0010',,,,,,,,,,111.57097967762456,,,,,,,,,,,,,,,,,,,,,,
218,UP,,,b'stance0029',b'stance0005',b'stance0012',b'stance0010',,,,,,,,,,111.57097967762456,,,,,,,,,,,,,,,,,,,,,,
219,UP,,,b'stance0029',b'stance0005',b'stance0012',b'stance0010',,,,,,,,,,111.57097967762456,,,,,,,,,,,,,,,,,,,,,,
220,UP,,,b'stance0029',b'stance0005',b'stance0012',b'stance0010',,,,,,,,,,111.57097967762456,,,,,,,,,,,,,,,,,,,,,,
221,UP,,,b'stance0029',b'stance0005',b'stance0012',b'stance0010',,,,,,,,,,111.57097967762456,,,,,,,,,,,,,,,,,,,,,,
222,UP,,,b'stance0029',b'stance0005',b'stance0012',b'stance0010',,,,,,,,,,111.57097967762456,,,,,,,,,,,,,,,,,,,,,,
223,UP,,,b'stance0029',b'stride0006',b'stance0012',b'stance0010',1155.6508143639985,,,,,,,,,,,,,,,,,,,,,,,,,,,,,,,
224,UP,,,b'stance0029',b'stride0006',b'stance0012',b'stance0010',1155.6508143639985,,,,,,,,,,,,,,,,,,,,,,,,,,,,,,,
225,UP,,,b'stance0029',b'stance0006',b'stance0012',b'stance0010',,,,,,,,,,3.046701915794927,,,,,,,,,,,,,,,,,,,,,,
226,UP,,,b'stance0029',b'stance0006',b'stance0012',b'stance0010',,,,,,,,,,3.046701915794927,,,,,,,,,,,,,,,,,,,,,,
227,UP,,,b'stance0029',b'stance0006',b'stance0012',b'stance0010',,,,,,,,,,3.046701915794927,,,,,,,,,,,,,,,,,,,,,,
228,UP,,,b'stance0029',b'stance0006',b'stance0012',b'stance0010',,,,,,,,,,3.046701915794927,,,,,,,,,,,,,,,,,,,,,,
229,UP,,,b'stance0029',b'stance0006',b'stance0012',b'stance0010',,,,,,,,,,3.046701915794927,,,,,,,,,,,,,,,,,,,,,,
230,UP,,,b'stance0029',b'stride0007',b'stance0012',b'stance0010',1155.3964121985223,,,,,,,,,,,,,,,,,,,,,,,,,,,,,,,
231,UP,,,b'stance0029',b'stride0007',b'stance0012',b'stance0010',1155.3964121985223,,,,,,,,,,,,,,,,,,,,,,,,,,,,,,,
232,UP,,,b'stride0030',b'stance0007',b'stance0012',b'stance0010',,,,,,,,,,10.615287181184893,,,,,,,,,,,,,,,,,,,,,,
233,UP,,,b'stride0030',b'stance0007',b'stance0012',b'stance0010',,,,,,,,,,10.615287181184893,,,,,,,,,,,,,,,,,,,,,,
234,UP,,,b'stance0030',b'stance0007',b'stance0012',b'stance0010',,,,,,,,,,10.615287181184893,,,,,,,,,,,,,,,,,,,,,,
235,UP,,,b'stance0030',b'stance0007',b'stance0012',b'stance0010',,,,,,,,,,10.615287181184893,,,,,,,,,,,,,,,,,,,,,,
236,UP,,,b'stance0030',b'stance0007',b'stance0012',b'stance0010',,,,,,,,,,10.615287181184893,,,,,,,,,,,,,,,,,,,,,,
237,UP,,,b'stance0030',b'stance0007',b'stance0012',b'stance0010',,,,,,,,,,10.615287181184893,,,,,,,,,,,,,,,,,,,,,,
238,UP,,,b'stance0030',b'stance0007',b'stance0012',b'stance0010',,,,,,,,,,10.615287181184893,,,,,,,,,,,,,,,,,,,,,,
239,UP,,,b'stride0031',b'stance0007',b'stance0012',b'stance0010',,,,,,,,,,10.615287181184893,,,,,,,,,,,,,,,,,,,,,,
240,UP,,,b'stride0031',b'stance0007',b'stance0012',b'stance0010',,,,,,,,,,10.615287181184893,,,,,,,,,,,,,,,,,,,,,,
241,UP,,,b'stance0031',b'stance0007',b'stance0012',b'stance0010',,,,,,,,,,10.615287181184893,,,,,,,,,,,,,,,,,,,,,,
