,direction_of_climbing,body_deflection_angle,speed_PXperS,stepphase_FL,stepphase_FR,stepphase_HR,stepphase_HL,step-length_FR,step-length_FL,step-length_HR,step-length_HL,dynamics_FL,dynamics_FR,dynamics_HR,dynamics_HL,mid_stance_wrist_angles_mean_FL,mid_stance_wrist_angles_mean_FR,mid_stance_wrist_angles_mean_HR,mid_stance_wrist_angles_mean_HL,limbROM_FL,limbROM_FR,limbROM_HR,limbROM_HL,spineROM_FL,spineROM_FR,spineROM_HR,spineROM_HL,CROM_FL,CROM_FR,CROM_HR,CROM_HL,shoulder_angle_FL,shoulder_angle_FR,shoulder_angle_HR,shoulder_angle_HL,knee_angle_FL,knee_angle_FR,knee_angle_HR,knee_angle_HL
0,UP,,,b'stance0000',b'stance0000',b'stance0000',b'stance0000',,,,,,,,,,,,,,,,,,,,,,,,,,,,,,,,
1,UP,,,b'stance0000',b'stance0000',b'stance0000',b'stance0000',,,,,,,,,,,,,,,,,,,,,,,,,,,,,,,,
2,UP,,,b'stance0000',b'stance0000',b'stance0000',b'stance0000',,,,,,,,,,,,,,,,,,,,,,,,,,,,,,,,
3,UP,,,b'stance0000',b'stance0000',b'stance0000',b'stance0000',,,,,,,,,,,,,,,,,,,,,,,,,,,,,,,,
4,UP,,,b'stance0000',b'stance0000',b'stance0000',b'stance0000',,,,,,,,,,,,,,,,,,,,,,,,,,,,,,,,
5,UP,,,b'stance0000',b'stance0000',b'stance0000',b'stance0000',,,,,,,,,,,,,,,,,,,,,,,,,,,,,,,,
6,UP,,,b'stance0000',b'stance0000',b'stance0000',b'stance0000',,,,,,,,,,,,,,,,,,,,,,,,,,,,,,,,
7,UP,,647.28,b'stance0000',b'stance0000',b'stance0000',b'stance0000',,,,,,,,,,,,,,,,,,,,,,,,,,,,,,,,
8,UP,,436.99,b'stance0000',b'stance0000',b'stance0000',b'stance0000',,,,,,,,,,,,,,,,,,,,,,,,,,,,,,,,
9,UP,,509.05,b'stance0000',b'stance0000',b'stance0000',b'stance0000',,,,,,,,,,,,,,,,,,,,,,,,,,,,,,,,
10,UP,,1267.48,b'stance0000',b'stance0000',b'stance0000',b'stance0000',,,,,,,,,,,,,,,,,,,,,,,,,,,,,,,,
11,UP,,215.59,b'stance0000',b'stance0000',b'stance0000',b'stance0000',,,,,,,,,,,,,,,,,,,,,,,,,,,,,,,,
12,UP,,512.34,b'stance0000',b'stance0000',b'stance0000',b'stance0000',,,,,,,,,,,,,,,,,,,,,,,,,,,,,,,,
13,UP,,516.72,b'stance0000',b'stance0000',b'stance0000',b'stance0000',,,,,,,,,,,,,,,,,,,,,,,,,,,,,,,,
14,UP,,370.51,b'stance0000',b'stance0000',b'stance0000',b'stance0000',,,,,,,,,,,,,,,,,,,,,,,,,,,,,,,,
15,UP,,481.2,b'stance0000',b'stride0001',b'stance0000',b'stance0000',0.0,,,,,,,,,,,,,,,,,,,,,,,,,,,,,,,
16,UP,,416.49,b'stance0000',b'stance0001',b'stance0000',b'stance0000',,,,,,,,,,96.4295550272755,,,,,,,,,,,,,,,,,,,,,,
17,UP,,991.46,b'stance0000',b'stance0001',b'stance0000',b'stance0000',,,,,,,,,,96.4295550272755,,,,,,,,,,,,,,,,,,,,,,
18,UP,,338.03,b'stance0000',b'stance0001',b'stance0000',b'stance0000',,,,,,,,,,96.4295550272755,,,,,,,,,,,,,,,,,,,,,,
19,UP,,783.98,b'stance0000',b'stance0001',b'stance0000',b'stance0000',,,,,,,,,,96.4295550272755,,,,,,,,,,,,,,,,,,,,,,
20,UP,,555.2,b'stance0000',b'stance0001',b'stance0000',b'stance0000',,,,,,,,,,96.4295550272755,,,,,,,,,,,,,,,,,,,,,,
21,UP,,236.7,b'stance0000',b'stance0001',b'stance0000',b'stance0000',,,,,,,,,,96.4295550272755,,,,,,,,,,,,,,,,,,,,,,
22,UP,,233.78,b'stance0000',b'stance0001',b'stance0000',b'stance0000',,,,,,,,,,96.4295550272755,,,,,,,,,,,,,,,,,,,,,,
23,UP,,226.51,b'stance0000',b'stance0001',b'stance0000',b'stance0000',,,,,,,,,,96.4295550272755,,,,,,,,,,,,,,,,,,,,,,
24,UP,,484.08,b'stance0000',b'stance0001',b'stance0000',b'stance0000',,,,,,,,,,96.4295550272755,,,,,,,,,,,,,,,,,,,,,,
25,UP,,226.43,b'stance0000',b'stance0001',b'stance0000',b'stance0000',,,,,,,,,,96.4295550272755,,,,,,,,,,,,,,,,,,,,,,
26,UP,,343.83,b'stance0000',b'stance0001',b'stance0000',b'stance0000',,,,,,,,,,96.4295550272755,,,,,,,,,,,,,,,,,,,,,,
27,UP,,102.85,b'stance0000',b'stance0001',b'stance0000',b'stance0000',,,,,,,,,,96.4295550272755,,,,,,,,,,,,,,,,,,,,,,
28,UP,,262.92,b'stance0000',b'stance0001',b'stance0000',b'stance0000',,,,,,,,,,96.4295550272755,,,,,,,,,,,,,,,,,,,,,,
29,UP,,,b'stance0000',b'stance0001',b'stance0000',b'stance0000',,,,,,,,,,96.4295550272755,,,,,,,,,,,,,,,,,,,,,,
30,UP,,250.7,b'stance0000',b'stance0001',b'stance0000',b'stance0000',,,,,,,,,,96.4295550272755,,,,,,,,,,,,,,,,,,,,,,
31,UP,,,b'stance0000',b'stance0001',b'stance0000',b'stance0000',,,,,,,,,,96.4295550272755,,,,,,,,,,,,,,,,,,,,,,
32,UP,,,b'stance0000',b'stance0001',b'stance0000',b'stance0000',,,,,,,,,,96.4295550272755,,,,,,,,,,,,,,,,,,,,,,
33,UP,,323.05,b'stance0000',b'stance0001',b'stance0000',b'stride0001',,,,122.74931020140215,,,,,,96.4295550272755,,,,,,,,,,,,,,,,,,,,,,
34,UP,,310.97,b'stance0000',b'stance0001',b'stance0000',b'stride0001',,,,122.74931020140215,,,,,,96.4295550272755,,,,,,,,,,,,,,,,,,,,,,
35,UP,,251.54,b'stance0000',b'stance0001',b'stance0000',b'stride0001',,,,122.74931020140215,,,,,,96.4295550272755,,,,,,,,,,,,,,,,,,,,,,
36,UP,,140.56,b'stance0000',b'stance0001',b'stance0000',b'stride0001',,,,122.74931020140215,,,,,,96.4295550272755,,,,,,,,,,,,,,,,,,,,,,
37,UP,,445.49,b'stance0000',b'stance0001',b'stride0001',b'stride0001',,,117.44100023901207,122.74931020140215,,,,,,96.4295550272755,,,,,,,,,,,,,,,,,,,,,,
38,UP,,236.66,b'stance0000',b'stance0001',b'stride0001',b'stride0001',,,117.44100023901207,122.74931020140215,,,,,,96.4295550272755,,,,,,,,,,,,,,,,,,,,,,
39,UP,,452.84,b'stance0000',b'stance0001',b'stance0001',b'stride0001',,,,122.74931020140215,,,,,,96.4295550272755,141.62647960099764,,,,,,,,,,,,,,,4.846637729074445,,,,1.0990928650807348,,
40,UP,,,b'stance0000',b'stride0002',b'stance0001',b'stance0001',11.02564021031612,,,,,,,,,,141.62647960099764,147.04903412092906,,,,,,,,,,,,,,144.5381468894971,,,,125.85577780821748,,
41,UP,,,b'stance0000',b'stride0002',b'stance0001',b'stance0001',11.02564021031612,,,,,,,,,,141.62647960099764,147.04903412092906,,,,,,,,,,,,,,,,,,,,
42,UP,,,b'stance0000',b'stride0002',b'stance0001',b'stance0001',11.02564021031612,,,,,,,,,,141.62647960099764,147.04903412092906,,,,,,,,,,,,,,,,,,,,
43,UP,,,b'stance0000',b'stance0002',b'stance0001',b'stance0001',,,,,,,,,,,141.62647960099764,147.04903412092906,,,,,,,,,,,,,,,,,,,,
44,UP,,,b'stance0000',b'stride0003',b'stance0001',b'stance0001',0.0,,,,,,,,,,141.62647960099764,147.04903412092906,,,,,,,,,,,,,,,,,,,,
45,UP,,,b'stance0000',b'stance0003',b'stance0001',b'stance0001',,,,,,,,,,,141.62647960099764,147.04903412092906,,,,,,,,,,,,,,,,,,,,
46,UP,,,b'stance0000',b'stride0004',b'stance0001',b'stance0001',0.0,,,,,,,,,,141.62647960099764,147.04903412092906,,,,,,,,,,,,,,,,,,,,
47,UP,,,b'stance0000',b'stance0004',b'stance0001',b'stance0001',,,,,,,,,,,141.62647960099764,147.04903412092906,,,,,,,,,,,,,,,,,,,,
48,UP,,,b'stance0000',b'stance0004',b'stance0001',b'stance0001',,,,,,,,,,,141.62647960099764,147.04903412092906,,,,,,,,,,,,,,,,,,,,
49,UP,,,b'stance0000',b'stride0005',b'stance0001',b'stance0001',0.0,,,,,,,,,,141.62647960099764,147.04903412092906,,,,,,,,,,,,,,,,,,,,
50,UP,,,b'stance0000',b'stance0005',b'stance0001',b'stride0002',,,,0.0,,,,,,,141.62647960099764,,,,,,,,,,,,,,,,,,,,,
51,UP,,,b'stance0000',b'stance0005',b'stance0001',b'stance0002',,,,,,,,,,,141.62647960099764,,,,,,,,,,,,,,,,,,,,,
52,UP,,,b'stance0000',b'stride0006',b'stance0001',b'stride0003',0.0,,,5.545219895169913,,,,,,,141.62647960099764,,,,,,,,,,,,,,,,,,,,,
53,UP,,,b'stance0000',b'stance0006',b'stance0001',b'stride0003',,,,5.545219895169913,,,,,,100.3415005485483,141.62647960099764,,,,,,,,,,,,,,,,,,,,,
54,UP,,,b'stance0000',b'stance0006',b'stance0001',b'stance0003',,,,,,,,,,100.3415005485483,141.62647960099764,79.29083683405149,,,,,,,,,,,,,,,,,,,,
55,UP,,,b'stance0000',b'stance0006',b'stance0001',b'stance0003',,,,,,,,,,100.3415005485483,141.62647960099764,79.29083683405149,,,,,,,,,,,,,,149.9160608136064,,,,138.77056540927902,,
56,UP,,731.85,b'stance0000',b'stance0006',b'stance0001',b'stance0003',,,,,,,,,,100.3415005485483,141.62647960099764,79.29083683405149,,,,,,,,,,,,,160.32413962988537,154.08700380625055,,,135.32587669592846,131.8737939818547,,
57,UP,,1332.98,b'stance0000',b'stance0006',b'stance0001',b'stance0003',,,,,,,,,,100.3415005485483,141.62647960099764,79.29083683405149,,,,,,,,,,,,,154.81683018334678,151.50613469442516,,,129.29570611941563,128.5425480094121,,
58,UP,,1115.32,b'stance0000',b'stance0006',b'stance0001',b'stance0003',,,,,,,,,,100.3415005485483,141.62647960099764,79.29083683405149,,,,,,,,,,,,,155.05039493371885,166.1293044331929,,,135.5601841325671,117.20762584772947,,
59,UP,,1200.8,b'stance0000',b'stance0006',b'stance0001',b'stance0003',,,,,,,,,,100.3415005485483,141.62647960099764,79.29083683405149,,,,,,,,,,,,,149.269321034387,173.8440750065751,,,145.61420641877518,107.75285882338284,,
60,UP,,1024.29,b'stance0000',b'stance0006',b'stance0001',b'stance0003',,,,,,,,,,100.3415005485483,141.62647960099764,79.29083683405149,,,,,,,,,,,,,147.63059559834664,175.3630398466284,,,147.21309839336854,100.28054274531304,,
61,UP,,1361.0,b'stance0000',b'stance0006',b'stride0002',b'stance0003',,,0.0,,,,,,,100.3415005485483,,79.29083683405149,,,,,,,,,,,,,149.98489158186132,177.12370701704197,,,158.69200773056468,93.14302812315537,,
62,UP,,635.73,b'stance0000',b'stance0006',b'stance0002',b'stance0003',,,,,,,,,,100.3415005485483,137.77096594499844,79.29083683405149,,,,,,,,,,,,,152.93089474610963,170.705175537491,,,158.66531403649086,87.86872697787936,,
63,UP,,676.78,b'stance0000',b'stance0006',b'stance0002',b'stance0003',,,,,,,,,,100.3415005485483,137.77096594499844,79.29083683405149,,,,,,,,,,,,,151.71681049538006,169.7640178957974,,,159.14101215858935,85.37329142370868,,
64,UP,,906.71,b'stride0001',b'stance0006',b'stance0002',b'stance0003',,0.0,,,,,,,,100.3415005485483,137.77096594499844,79.29083683405149,,,,,,,,,,,,,135.45740706397362,171.8393160805726,,,,85.26882434410211,,
65,UP,,731.47,b'stance0001',b'stance0006',b'stance0002',b'stance0003',,,,,,,,,,100.3415005485483,137.77096594499844,79.29083683405149,,,,,,,,,,,,,138.70996909181346,166.78918522569984,,,,77.75136144339888,,
66,UP,,972.93,b'stride0002',b'stance0006',b'stance0002',b'stance0003',,0.0,,,,,,,,100.3415005485483,137.77096594499844,79.29083683405149,,,,,,,,,,,,,135.39745609175336,164.49863054994015,,,,77.56691757051188,,
67,UP,,396.84,b'stance0002',b'stance0006',b'stance0002',b'stance0003',,,,,,,,,,100.3415005485483,137.77096594499844,79.29083683405149,,,,,,,,,,,,,138.29112837670425,163.98820270354207,,,,72.8397898076236,,
68,UP,,743.39,b'stride0003',b'stance0006',b'stance0002',b'stance0003',,104.86054261765315,,,,,,,,100.3415005485483,137.77096594499844,79.29083683405149,,,,,,,,,,,,,150.2583787065699,171.18701267925172,,,,79.51253070995786,,
69,UP,,514.56,b'stride0003',b'stance0006',b'stride0003',b'stance0003',,104.86054261765315,116.04227854141772,,,,,,,100.3415005485483,,79.29083683405149,,,,,,,,,,,,,145.87931058948593,173.5841560280364,,,,75.76781431276675,,
70,UP,,981.8,b'stride0003',b'stance0006',b'stride0003',b'stance0003',,104.86054261765315,116.04227854141772,,,,,,,100.3415005485483,,79.29083683405149,,,,,,,,,,,,,160.7816041043963,176.7654393339076,,,,75.38324912245267,,
71,UP,,871.4,b'stride0003',b'stance0006',b'stride0003',b'stance0003',,104.86054261765315,116.04227854141772,,,,,,,100.3415005485483,,79.29083683405149,,,,,,,,,,,,,161.86799662537896,179.43266791817652,,,,69.08481520204167,,
72,UP,,376.45,b'stride0003',b'stance0006',b'stride0003',b'stance0003',,104.86054261765315,116.04227854141772,,,,,,,100.3415005485483,,79.29083683405149,,,,,,,,,,,,,,179.18218149671247,,,,69.93420671316224,,
73,UP,,1061.81,b'stride0003',b'stance0006',b'stride0003',b'stance0003',,104.86054261765315,116.04227854141772,,,,,,,100.3415005485483,,79.29083683405149,,,,,,,,,,,,,178.97891544685345,176.14107651137886,,,110.16632900793839,69.37787953799692,,
74,UP,,1041.61,b'stride0003',b'stance0006',b'stride0003',b'stance0003',,104.86054261765315,116.04227854141772,,,,,,,100.3415005485483,,79.29083683405149,,,,,,,,,,,,,,173.26922905984247,,,,73.31427521478729,,
75,UP,,680.15,b'stride0003',b'stance0006',b'stance0003',b'stance0003',,104.86054261765315,,,,,,,,100.3415005485483,,79.29083683405149,,,,,,,,,,,,,,164.1168530602502,,,,75.18223472910122,,
76,UP,,1331.44,b'stride0003',b'stance0006',b'stride0004',b'stance0003',,104.86054261765315,10.921654722204915,,,,,,,100.3415005485483,,79.29083683405149,,,,,,,,,,,,,,174.10693812898504,,,,74.68091615365805,,
77,UP,,1050.97,b'stride0003',b'stance0006',b'stride0004',b'stance0003',,104.86054261765315,10.921654722204915,,,,,,,100.3415005485483,,79.29083683405149,,,,,,,,,,,,,,162.3898212125285,,,,75.55026278540207,,
78,UP,,1191.06,b'stance0003',b'stance0006',b'stance0004',b'stance0003',,,,,,,,,,100.3415005485483,,79.29083683405149,,,,,,,,,,,,,,175.0435305398097,,,,71.83987918461945,,
79,UP,,1269.67,b'stance0003',b'stance0006',b'stance0004',b'stance0003',,,,,,,,,,100.3415005485483,,79.29083683405149,,,,,,,,,,,,,73.45580412898762,151.74523399344992,,,83.13736537061033,83.30013361381668,,
80,UP,,1265.14,b'stride0004',b'stance0006',b'stance0004',b'stance0003',,0.0,,,,,,,,100.3415005485483,,79.29083683405149,,,,,,,,,,,,,,,,,,,,
81,UP,,1710.12,b'stance0004',b'stance0006',b'stride0005',b'stride0004',,,0.0,140.93546451799145,,,,,13.205060172655779,100.3415005485483,,,,,,,,,,,,,,,,23.120536968010214,,,,163.59413103336956,,
82,UP,16.00684029930602,1948.69,b'stance0004',b'stance0006',b'stance0005',b'stride0004',,,,140.93546451799145,,,,,13.205060172655779,100.3415005485483,,,,,,,,,,,,,,,41.67647797412508,,,,1.4498391481132558,,,
83,UP,17.612552949594516,1503.82,b'stance0004',b'stance0006',b'stride0006',b'stride0004',,,50.84050838741835,140.93546451799145,,,,,13.205060172655779,100.3415005485483,,,,,,,,,,,,,-58.68466369048616,,,,,,,,,
84,UP,20.171430104965367,1813.2350000000001,b'stance0004',b'stance0006',b'stride0006',b'stride0004',,,50.84050838741835,140.93546451799145,,,,,13.205060172655779,100.3415005485483,,,,,,,,,,,,,-58.68466369048616,,,22.55429639301866,152.61435014690957,,,,73.81453286425597,
85,UP,21.708214658906172,1382.66,b'stance0004',b'stance0006',b'stride0006',b'stride0004',,,50.84050838741835,140.93546451799145,,,,,13.205060172655779,100.3415005485483,,,,,,,,,,,,,-58.68466369048616,,,,154.6736006293321,,,,89.12166214427747,
86,UP,22.087220502046506,1733.1950000000002,b'stance0004',b'stance0006',b'stride0006',b'stance0004',,,50.84050838741835,,,,,,13.205060172655779,100.3415005485483,,,,,,,,,,,,,-58.68466369048616,,,,162.5050052353434,134.3640841692656,,,98.48692608538444,
87,UP,23.023913092708426,1686.4850000000001,b'stance0004',b'stance0006',b'stride0006',b'stride0005',,,50.84050838741835,0.0,,,,,13.205060172655779,100.3415005485483,,,,,,,,,,,,,-58.68466369048616,,,,152.73563001566498,139.81824480130135,,,105.5488411011858,
88,UP,22.959619874886272,1500.545,b'stance0004',b'stance0006',b'stance0006',b'stance0005',,,,,,,,,13.205060172655779,100.3415005485483,80.96471026554566,,,,,,,,,,,,,,,,147.35083519955217,,,,106.16857501666718,
89,UP,24.134031371390137,986.38,b'stance0004',b'stance0006',b'stance0006',b'stride0006',,,,148.04836749767625,,,,,13.205060172655779,100.3415005485483,80.96471026554566,,,,,,,,,0.7364669351124149,,,,,,,157.27937155854158,168.32525655604636,,,107.70801043185322,
90,UP,25.43023950007904,1851.145,b'stance0004',b'stance0006',b'stance0006',b'stride0006',,,,148.04836749767625,,,,,13.205060172655779,100.3415005485483,80.96471026554566,,,,,,,,,0.7364669351124149,,,,,,,155.83331917350952,174.64505783652442,,,104.22771615748617,
91,UP,24.361379651972527,1462.9650000000001,b'stance0004',b'stride0007',b'stance0006',b'stride0006',0.0,,,148.04836749767625,,,,,13.205060172655779,,80.96471026554566,,,,,,,,,0.7364669351124149,,,,,,,156.4268378135582,167.2304898239899,,,101.90027029485334,
92,UP,22.89599811591009,1642.845,b'stance0004',b'stance0007',b'stance0006',b'stride0006',,,,148.04836749767625,,,,,13.205060172655779,95.37669753447442,80.96471026554566,,,,,,,,,0.7364669351124149,,,,,,,,,,,,
93,UP,22.085434175344744,1736.71,b'stance0004',b'stance0007',b'stance0006',b'stride0006',,,,148.04836749767625,,,,,13.205060172655779,95.37669753447442,80.96471026554566,,,,,,,,,0.7364669351124149,,,,,,,,,,,,
94,UP,20.868650882056755,1281.29,b'stance0004',b'stance0007',b'stance0006',b'stride0006',,,,148.04836749767625,,,,,13.205060172655779,95.37669753447442,80.96471026554566,,,,,,,,,0.7364669351124149,,,,,,,,,,,,
95,UP,20.29779107714029,1697.83,b'stance0004',b'stance0007',b'stance0006',b'stride0006',,,,148.04836749767625,,,,,13.205060172655779,95.37669753447442,80.96471026554566,,,,,,,,,0.7364669351124149,,,,,,,,,,,,
96,UP,,1004.5799999999999,b'stride0005',b'stance0007',b'stance0006',b'stride0006',,107.6831036695755,,148.04836749767625,,,,,,95.37669753447442,80.96471026554566,,,,,,,,,0.7364669351124149,,,,,125.61756704414869,,,,63.67498054282916,,,
97,UP,18.52826614886297,1931.61,b'stride0005',b'stance0007',b'stance0006',b'stride0006',,107.6831036695755,,148.04836749767625,,,,,,95.37669753447442,80.96471026554566,,,,,,,,,0.7364669351124149,,,,,28.200629295305873,,,,131.7927317245149,,,
98,UP,,1717.8,b'stride0005',b'stance0007',b'stance0006',b'stride0006',,107.6831036695755,,148.04836749767625,,,,,,95.37669753447442,80.96471026554566,,,,,,,,,0.7364669351124149,,,,,64.06811748350393,,,,46.20695307982396,,,
99,UP,,1719.74,b'stride0005',b'stride0008',b'stance0006',b'stance0006',0.0,107.6831036695755,,,,,,,,,80.96471026554566,,,,,,,,,,,,,,138.78540219573392,,,,66.41736811669043,,85.819483465225,
100,UP,,1574.77,b'stride0005',b'stance0008',b'stance0006',b'stance0006',,107.6831036695755,,,,,,,,,80.96471026554566,,,,,,,,,,,,,,73.8352134704585,,,,,,,
101,UP,,1240.72,b'stance0005',b'stride0009',b'stance0006',b'stride0007',121.84772533552963,,,14.928890948602513,,,,,,,80.96471026554566,,,,,,,2.940587208603116,,,,,,,77.82097349966403,159.0927591481755,,,,,86.38455533765134,
102,UP,,1773.855,b'stance0005',b'stride0009',b'stance0006',b'stride0007',121.84772533552963,,,14.928890948602513,,,,,,,80.96471026554566,,,,,,,2.940587208603116,,,,,,,82.07242238673388,163.92564337770406,,,,158.86552364622938,,
103,UP,7.111823526554815,1403.19,b'stride0006',b'stride0009',b'stance0006',b'stride0007',121.84772533552963,156.93990554057225,,14.928890948602513,,,,,,,80.96471026554566,,,,,,,2.940587208603116,,,,,,,21.706425018275183,162.3979610532167,,,,149.03600150633625,,
104,UP,6.7080020846362345,1122.755,b'stride0006',b'stride0009',b'stance0006',b'stride0007',121.84772533552963,156.93990554057225,,14.928890948602513,,,,,,,80.96471026554566,,,,,,,2.940587208603116,,,,,,,146.53226411235275,162.9529439052585,,,,139.0138245528396,,
105,UP,5.347348961773321,1971.65,b'stance0006',b'stride0009',b'stance0006',b'stance0007',121.84772533552963,,,,,,,,,,80.96471026554566,59.51671571161567,,,,,,2.940587208603116,,,,,,,143.93313289331007,173.15109942624287,,,,129.46587140837323,,
106,UP,3.5103772955634156,1095.72,b'stance0006',b'stride0009',b'stance0006',b'stance0007',121.84772533552963,,,,,,,,,,80.96471026554566,59.51671571161567,,,,,,2.940587208603116,,,,,,,141.6451605201448,175.59049068278063,,165.5805468493215,,128.39862023387334,,102.66263018842798
107,UP,2.6770197612068785,1530.035,b'stride0007',b'stride0009',b'stance0006',b'stance0007',121.84772533552963,215.31337498265952,,,,,,,,,80.96471026554566,59.51671571161567,106.1837913149423,,,,7.624071295298643,2.940587208603116,,,10.22370942560525,,,,139.0281270040808,172.74029454313973,,,,126.10396685745945,,
108,UP,2.4629476263211245,1139.335,b'stride0007',b'stride0009',b'stance0006',b'stance0007',121.84772533552963,215.31337498265952,,,,,,,,,80.96471026554566,59.51671571161567,106.1837913149423,,,,7.624071295298643,2.940587208603116,,,10.22370942560525,,,,144.7918205544832,166.91249726028292,,175.18270813448362,,138.16536987022187,,107.91718616483678
109,UP,1.972219684738178,1444.28,b'stride0007',b'stance0009',b'stance0006',b'stance0007',,215.31337498265952,,,,,,,,14.76613260580144,80.96471026554566,59.51671571161567,106.1837913149423,,,,7.624071295298643,,,,10.22370942560525,,,,134.97739508842392,174.60462754246214,150.31746838056404,168.86670902756651,,133.5469109014228,138.2331052839306,111.96997758444938
110,UP,1.5859917987713175,992.325,b'stride0007',b'stance0009',b'stance0006',b'stance0007',,215.31337498265952,,,,,,,,14.76613260580144,80.96471026554566,59.51671571161567,106.1837913149423,,,,7.624071295298643,,,,10.22370942560525,,,,143.37738683370435,179.6574324447693,,167.1138572870588,,126.37753070431657,,112.89200116254366
111,UP,1.0747913658146047,1118.55,b'stride0007',b'stance0009',b'stance0006',b'stance0007',,215.31337498265952,,,,,,,,14.76613260580144,80.96471026554566,59.51671571161567,106.1837913149423,,,,7.624071295298643,,,,10.22370942560525,,,,144.2528899500303,173.41735005419653,,,,119.80092702563884,,
112,UP,0.06772813290581325,1703.0,b'stride0007',b'stance0009',b'stance0006',b'stance0007',,215.31337498265952,,,,,,,,14.76613260580144,80.96471026554566,59.51671571161567,106.1837913149423,,,,7.624071295298643,,,,10.22370942560525,,,,148.67095621685525,177.3860639230676,,173.36391559069978,,112.050677349715,,120.46331128180216
113,UP,0.6278221779620594,1157.56,b'stride0007',b'stance0009',b'stance0006',b'stance0007',,215.31337498265952,,,,,,,,14.76613260580144,80.96471026554566,59.51671571161567,106.1837913149423,,,,7.624071295298643,,,,10.22370942560525,,,,145.66282652141498,176.2601850459844,,168.27037062198713,,107.50318513523854,,121.91930549112153
114,UP,0.28693076362407055,1387.025,b'stride0007',b'stance0009',b'stride0007',b'stance0007',,215.31337498265952,189.17006279937812,,,,,,,14.76613260580144,,59.51671571161567,106.1837913149423,,,,7.624071295298643,,,,10.22370942560525,,9.887700978599753,,150.305337067564,176.44882021109908,,173.7925726867488,,103.94927640356188,,125.327987001787
115,UP,0.6878715977040031,1539.03,b'stride0007',b'stance0009',b'stride0007',b'stance0007',,215.31337498265952,189.17006279937812,,,,,,,14.76613260580144,,59.51671571161567,106.1837913149423,,,,7.624071295298643,,,,10.22370942560525,,9.887700978599753,,158.77859975724914,168.17386608194113,,174.1819000869352,125.4234915420682,104.09615830770646,,128.3736365864447
116,UP,1.2349282653616172,1687.975,b'stride0007',b'stance0009',b'stride0007',b'stance0007',,215.31337498265952,189.17006279937812,,,,,,,14.76613260580144,,59.51671571161567,106.1837913149423,,,,7.624071295298643,,,,10.22370942560525,,9.887700978599753,,156.7645538954938,170.2896396906722,122.24810296998378,179.7363944401505,120.924367677233,103.98659084837949,156.9061762887762,133.83162913045373
117,UP,2.922654892574627,1801.505,b'stride0007',b'stance0009',b'stride0007',b'stance0007',,215.31337498265952,189.17006279937812,,,,,,,14.76613260580144,,59.51671571161567,106.1837913149423,,,,7.624071295298643,,,,10.22370942560525,,9.887700978599753,,173.6079313957883,173.42231100547193,133.80104393403275,178.30789052377125,118.67136405063124,104.24055406915161,141.8036545672348,141.12336904854564
118,UP,4.253395205330776,1215.46,b'stride0007',b'stance0009',b'stride0007',b'stance0007',,215.31337498265952,189.17006279937812,,,,,,,14.76613260580144,,59.51671571161567,106.1837913149423,,,,7.624071295298643,,,,10.22370942560525,,9.887700978599753,,174.8396554487652,169.66394454997285,148.54780212194402,,121.00437523582774,102.17893913165118,,
119,UP,3.6523610552655157,977.2449999999999,b'stride0007',b'stance0009',b'stride0007',b'stance0007',,215.31337498265952,189.17006279937812,,,,,,,14.76613260580144,,59.51671571161567,106.1837913149423,,,,7.624071295298643,,,,10.22370942560525,,9.887700978599753,,178.43306744657622,156.22475136557705,156.24551482967877,171.75892455481574,129.73734892468778,97.12880135605047,,153.39728263406724
120,UP,4.338867148749557,1623.0549999999998,b'stride0007',b'stance0009',b'stride0007',b'stance0007',,215.31337498265952,189.17006279937812,,,,,,,14.76613260580144,,59.51671571161567,106.1837913149423,,,,7.624071295298643,,,,10.22370942560525,,9.887700978599753,,177.91703540049136,167.71594881946137,162.41769827375919,163.2200900312251,131.5013584554024,103.615612550221,,159.21605009728063
121,UP,5.752844369309884,1434.005,b'stride0007',b'stance0009',b'stride0007',b'stance0007',,215.31337498265952,189.17006279937812,,,,,,,14.76613260580144,,59.51671571161567,106.1837913149423,,,,7.624071295298643,,,,10.22370942560525,,9.887700978599753,,170.67284857385116,165.04003361375453,171.06410472942503,167.92830276243654,144.1834410105553,106.71292727620572,,159.69512151248577
122,UP,7.076763374458352,1265.45,b'stride0007',b'stance0009',b'stride0007',b'stance0007',,215.31337498265952,189.17006279937812,,,,,,,14.76613260580144,,59.51671571161567,106.1837913149423,,,,7.624071295298643,,,,10.22370942560525,,9.887700978599753,,162.0121164192643,165.90105233412413,176.90569209261025,166.14937934531912,151.87579923015338,111.23786362710001,80.11955180731758,160.50844979876481
123,UP,8.053513371239745,1196.155,b'stride0007',b'stance0009',b'stride0007',b'stance0007',,215.31337498265952,189.17006279937812,,,,,,,14.76613260580144,,59.51671571161567,106.1837913149423,,,,7.624071295298643,,,,10.22370942560525,,9.887700978599753,,156.93787484969278,166.56193969507927,167.0179922609552,,159.33551486888933,118.95569620412081,70.78021497501456,
124,UP,9.292316499455382,1010.365,b'stance0007',b'stance0009',b'stride0007',b'stance0007',,,189.17006279937812,,,,,,13.189806997142597,14.76613260580144,,59.51671571161567,,,,,,,,,,,9.887700978599753,,169.53982852079304,164.74881685863204,156.2933421602911,160.15886086267665,157.47688283934147,120.90109492652348,63.89548866109976,161.9995347919512
125,UP,10.80877169288351,1293.7350000000001,b'stance0007',b'stance0009',b'stride0007',b'stance0007',,,189.17006279937812,,,,,,13.189806997142597,14.76613260580144,,59.51671571161567,,,,,,,,,,,9.887700978599753,,175.5233194126065,158.84892070332094,155.5651531525176,,153.63785505931438,123.63862010008671,59.491384588533336,
126,UP,11.480935711697157,1135.0,b'stance0007',b'stance0009',b'stride0007',b'stride0008',,,189.17006279937812,213.59312262789163,,,,,13.189806997142597,14.76613260580144,,,,,,,,,,7.859084811726273,,,9.887700978599753,-4.27244953480897,179.73194740914002,161.8465945122748,150.90938064961585,153.8257185110624,149.2165596551908,126.57349077034559,62.95483221711069,160.72196408920775
127,UP,12.509543259903921,1100.685,b'stance0007',b'stance0009',b'stride0007',b'stride0008',,,189.17006279937812,213.59312262789163,,,,,13.189806997142597,14.76613260580144,,,,,,,,,,7.859084811726273,,,9.887700978599753,-4.27244953480897,170.04761312871224,163.41915647802114,152.51597812449484,157.13089801646373,134.99568404399824,134.4877952889786,76.08210892783232,157.19242319867556
128,UP,11.946321195938026,1438.83,b'stance0007',b'stance0009',b'stride0007',b'stride0008',,,189.17006279937812,213.59312262789163,,,,,13.189806997142597,14.76613260580144,,,,,,,,,,7.859084811726273,,,9.887700978599753,-4.27244953480897,166.26843659059926,154.0113870025611,157.96323764707202,162.698446228544,130.6015096538725,132.87817391608576,88.19594935721284,146.18159082643302
129,UP,11.450180121384733,1119.8200000000002,b'stance0007',b'stance0009',b'stride0007',b'stride0008',,,189.17006279937812,213.59312262789163,,,,,13.189806997142597,14.76613260580144,,,,,,,,,,7.859084811726273,,,9.887700978599753,-4.27244953480897,167.692208520565,156.4730536285551,156.2983830888272,163.30340703992348,130.4888519515046,132.90396678688484,99.04197648116183,137.70350768357216
130,UP,11.339189243066642,918.52,b'stance0007',b'stance0009',b'stride0007',b'stride0008',,,189.17006279937812,213.59312262789163,,,,,13.189806997142597,14.76613260580144,,,,,,,,,,7.859084811726273,,,9.887700978599753,-4.27244953480897,168.28389589810658,156.97664069342142,153.15363857166227,173.08560403021716,127.85832766704131,141.60938888298693,103.39163190590459,128.16526651624105
131,UP,10.594189969573705,1589.47,b'stance0007',b'stance0009',b'stance0007',b'stride0008',,,,213.59312262789163,,,,,13.189806997142597,14.76613260580144,45.25777985255593,,,,,,,,,7.859084811726273,,,,-4.27244953480897,166.14852068072375,155.15378265014462,160.88036815405295,176.31242129728048,120.77573838335758,,104.81229560382232,112.64979013706598
132,UP,9.930736174998401,1154.225,b'stance0007',b'stance0009',b'stance0007',b'stride0008',,,,213.59312262789163,,,,,13.189806997142597,14.76613260580144,45.25777985255593,,,,,,,,,7.859084811726273,,,,-4.27244953480897,155.7923505601816,146.47786160281495,162.55833783870122,175.19736371275818,117.9730813194978,,102.46088746806336,105.56365648119309
133,UP,9.207386355263765,1454.9299999999998,b'stance0007',b'stance0009',b'stance0007',b'stride0008',,,,213.59312262789163,,,,,13.189806997142597,14.76613260580144,45.25777985255593,,,,,,,,,7.859084811726273,,,,-4.27244953480897,163.509841576045,149.63271580525074,164.77614305858614,166.18351797609532,118.79786981323045,,103.67069815066291,97.9981390939082
134,UP,7.112544302196994,1796.44,b'stance0007',b'stance0009',b'stance0007',b'stride0008',,,,213.59312262789163,,,,,13.189806997142597,14.76613260580144,45.25777985255593,,,,,,,,,7.859084811726273,,,,-4.27244953480897,166.6071535411854,,167.0402189132625,167.03837964334275,119.27170796757707,,104.25043894679091,98.28435875010999
135,UP,5.361223512353632,1254.04,b'stance0007',b'stance0009',b'stance0007',b'stride0008',,,,213.59312262789163,,,,,13.189806997142597,14.76613260580144,45.25777985255593,,,,,,,,,7.859084811726273,,,,-4.27244953480897,155.63139273817015,,158.83751584836503,162.02724964300785,115.59452476654056,,106.2692621064241,100.54452419169256
136,UP,3.841301273297148,1555.645,b'stance0007',b'stride0010',b'stance0007',b'stride0008',,,,213.59312262789163,,,,,13.189806997142597,,45.25777985255593,,,,,,,,,7.859084811726273,,,,-4.27244953480897,159.47618381369264,55.8009050683156,176.21505631795043,166.69374398400362,110.727235191508,,110.09758267785388,104.72925395602083
137,UP,2.0966462885837984,1642.385,b'stance0007',b'stride0010',b'stance0007',b'stride0008',,,,213.59312262789163,,,,,13.189806997142597,,45.25777985255593,,,,,,,,,7.859084811726273,,,,-4.27244953480897,161.8009485736185,53.806031236523395,179.82026002664335,157.9711159274738,114.97409198381693,,109.40205280480885,
138,UP,0.08750028932087162,1457.85,b'stance0007',b'stride0010',b'stance0007',b'stride0008',,,,213.59312262789163,,,,,13.189806997142597,,45.25777985255593,,,,,,,,,7.859084811726273,,,,-4.27244953480897,156.57774655823357,49.946081340422154,175.57013272087428,,116.4890165895269,,110.93328088797072,
139,UP,0.8369008165556124,1983.73,b'stance0007',b'stride0010',b'stance0007',b'stride0008',,,,213.59312262789163,,,,,13.189806997142597,,45.25777985255593,,,,,,,,,7.859084811726273,,,,-4.27244953480897,158.112978851396,53.376958550403685,172.3374003467299,,121.84117170190153,,115.40104690811901,
140,UP,3.8453349301518926,1760.62,b'stance0007',b'stride0010',b'stance0007',b'stride0008',,,,213.59312262789163,,,,,13.189806997142597,,45.25777985255593,,,,,,,,,7.859084811726273,,,,-4.27244953480897,146.71669842455935,156.3375433328788,175.08686075921153,,120.12009721352561,,118.21219530005287,
141,UP,4.656143816568317,1834.1100000000001,b'stance0007',b'stride0010',b'stance0007',b'stride0008',,,,213.59312262789163,,,,,13.189806997142597,,45.25777985255593,,,,,,,,,7.859084811726273,,,,-4.27244953480897,155.81217555057808,52.53327578326456,171.5011316061567,,128.8231188188563,,120.02345676683447,
142,UP,6.446043449832075,1799.24,b'stance0007',b'stride0010',b'stance0007',b'stride0008',,,,213.59312262789163,,,,,13.189806997142597,,45.25777985255593,,,,,,,,,7.859084811726273,,,,-4.27244953480897,161.9247679936927,155.57518058156535,169.0647160002504,,138.7291110768109,158.30125050307433,125.6435774908959,
143,UP,8.599536828108512,2077.42,b'stance0007',b'stride0010',b'stance0007',b'stride0008',,,,213.59312262789163,,,,,13.189806997142597,,45.25777985255593,,,,,,,,,7.859084811726273,,,,-4.27244953480897,157.47247317924302,153.03499994973689,165.59752875934782,,146.47147925835412,144.4276104122685,130.41448271201932,
144,UP,10.634179570139992,1801.99,b'stance0007',b'stride0010',b'stance0007',b'stance0008',,,,,,,,,13.189806997142597,,45.25777985255593,63.81384435883067,,,,,,,,,,,,,155.4146978477118,158.9259259849425,162.56225005133638,161.2122641460795,149.9687799272183,134.23700838238804,139.18398753817777,124.20152625509739
145,UP,11.160417659537387,2086.075,b'stance0007',b'stride0010',b'stance0007',b'stance0008',,,,,,,,,13.189806997142597,,45.25777985255593,63.81384435883067,,,,,,,,,,,,,157.3402223219825,168.60189697569817,153.35108014732532,157.75004562494325,162.00589681754917,130.51494320498568,143.528282386762,117.85174860042163
146,UP,13.108749913248658,1950.3000000000002,b'stance0007',b'stride0010',b'stance0007',b'stance0008',,,,,,,,,13.189806997142597,,45.25777985255593,63.81384435883067,,,,,,,,,,,,,154.4904989000741,171.1405367816078,151.92729678995983,167.9119795075069,158.7909598088623,120.02155570129636,149.87236967513033,121.86896418355704
147,UP,13.719663429840182,1910.4050000000002,b'stance0007',b'stride0010',b'stance0007',b'stance0008',,,,,,,,,13.189806997142597,,45.25777985255593,63.81384435883067,,,,,,,,,,,,,152.29252144573258,178.6266722525877,146.21669173266113,165.60743071399554,160.3368517388035,120.54468255017335,160.7377441966982,119.48164528346499
148,UP,14.718650683193886,1778.05,b'stance0007',b'stride0010',b'stride0008',b'stance0008',,,278.3837725335119,,,,,,13.189806997142597,,,63.81384435883067,,,130.9367455979871,,,,13.88840617417593,,,,2.191644897213962,,150.28699056211602,175.26496659045955,146.97226976812422,162.88231939390033,167.71096396474064,127.36375171460203,159.59423671948628,115.27168088317362
149,UP,15.190352981785423,2144.04,b'stance0007',b'stride0010',b'stride0008',b'stance0008',,,278.3837725335119,,,,,,13.189806997142597,,,63.81384435883067,,,130.9367455979871,,,,13.88840617417593,,,,2.191644897213962,,150.3213052366438,178.4856987525039,140.0886347064877,173.89314508869973,163.8841321927469,125.21858051153528,161.1195420825057,121.45705092600525
150,UP,15.466817971335615,1825.355,b'stance0007',b'stance0010',b'stride0008',b'stance0008',,,278.3837725335119,,,,,,13.189806997142597,,,63.81384435883067,,,130.9367455979871,,,,13.88840617417593,,,,2.191644897213962,,143.79068253660097,178.26288901509363,142.36497051234818,164.9008656704344,166.88778790562125,123.17997055539945,161.3848731891509,118.2859646885653
151,UP,15.50046944601678,1637.19,b'stride0008',b'stance0010',b'stride0008',b'stance0008',,265.46214517975824,278.3837725335119,,,,,,,,,63.81384435883067,87.30269962412322,,130.9367455979871,,13.88840617417593,,13.88840617417593,,13.83891783263212,,2.191644897213962,,148.17472297402685,179.14734740806296,137.91872637431305,167.83340506667258,,118.7962800024988,154.6082526731803,116.46387164332359
152,UP,15.007635657537065,1960.005,b'stride0008',b'stance0010',b'stride0008',b'stance0008',,265.46214517975824,278.3837725335119,,,,,,,,,63.81384435883067,87.30269962412322,,130.9367455979871,,13.88840617417593,,13.88840617417593,,13.83891783263212,,2.191644897213962,,142.13419178005103,166.28599738025946,143.91488852840365,166.9934101571928,178.77935582645384,109.45601190941505,147.23865841738865,115.79309205887434
153,UP,13.529267831405207,1878.38,b'stride0008',b'stance0010',b'stride0008',b'stance0008',,265.46214517975824,278.3837725335119,,,,,,,,,63.81384435883067,87.30269962412322,,130.9367455979871,,13.88840617417593,,13.88840617417593,,13.83891783263212,,2.191644897213962,,136.3668622099191,174.09783817365906,142.82967796460707,175.596825831625,170.83767067977666,104.58037601183153,141.72023826905183,121.38939075103934
154,UP,13.170103385731778,1604.9,b'stride0008',b'stance0010',b'stride0008',b'stance0008',,265.46214517975824,278.3837725335119,,,,,,,,,63.81384435883067,87.30269962412322,,130.9367455979871,,13.88840617417593,,13.88840617417593,,13.83891783263212,,2.191644897213962,,135.606243592186,165.2014027619144,154.5283621731518,179.52021285381747,,99.58921142614564,130.27877437807874,125.5280374311684
155,UP,12.71020863915848,1892.315,b'stride0008',b'stance0010',b'stride0008',b'stance0008',,265.46214517975824,278.3837725335119,,,,,,,,,63.81384435883067,87.30269962412322,,130.9367455979871,,13.88840617417593,,13.88840617417593,,13.83891783263212,,2.191644897213962,,133.11567153386358,159.57827636460755,159.12579735349826,176.5118771976528,,94.20297103007972,115.01153834948896,125.18247431719382
156,UP,11.236841216889445,1974.4700000000003,b'stride0008',b'stance0010',b'stride0008',b'stance0008',,265.46214517975824,278.3837725335119,,,,,,,,,63.81384435883067,87.30269962412322,,130.9367455979871,,13.88840617417593,,13.88840617417593,,13.83891783263212,,2.191644897213962,,137.05792151980137,162.5267180123882,164.97621910995,171.9487587093028,,94.72774227788359,102.18299340395808,125.33307576416206
157,UP,9.947955360782629,2007.6100000000001,b'stride0008',b'stance0010',b'stride0008',b'stance0008',,265.46214517975824,278.3837725335119,,,,,,,,,63.81384435883067,87.30269962412322,,130.9367455979871,,13.88840617417593,,13.88840617417593,,13.83891783263212,,2.191644897213962,,135.29289743750587,162.53807303608846,171.06343939798086,176.5793903603305,,92.21654323899425,93.4135413518727,125.39220345402026
158,UP,8.674970905819038,1908.3449999999998,b'stride0008',b'stance0010',b'stride0008',b'stance0008',,265.46214517975824,278.3837725335119,,,,,,,,,63.81384435883067,87.30269962412322,,130.9367455979871,,13.88840617417593,,13.88840617417593,,13.83891783263212,,2.191644897213962,,141.74474757827687,162.66053692896435,174.04109801691155,176.72306001995162,,95.23938858509322,78.31901471968142,126.79310115355999
159,UP,6.8879477788097745,1868.455,b'stride0008',b'stance0010',b'stride0008',b'stance0008',,265.46214517975824,278.3837725335119,,,,,,,,,63.81384435883067,87.30269962412322,,130.9367455979871,,13.88840617417593,,13.88840617417593,,13.83891783263212,,2.191644897213962,,138.30900204736628,167.9155606492024,167.1874673769748,165.05391596732417,,102.2211459112836,73.47916449200827,133.00419511590803
160,UP,5.196335410144798,2016.655,b'stride0008',b'stance0010',b'stride0008',b'stance0008',,265.46214517975824,278.3837725335119,,,,,,,,,63.81384435883067,87.30269962412322,,130.9367455979871,,13.88840617417593,,13.88840617417593,,13.83891783263212,,2.191644897213962,,142.56209748441972,166.75526201950066,157.62633939318516,163.4068931778154,,105.51765914707146,63.89509358081392,134.5086394967346
161,UP,3.2124006461359613,1973.79,b'stride0008',b'stance0010',b'stride0008',b'stance0008',,265.46214517975824,278.3837725335119,,,,,,,,,63.81384435883067,87.30269962412322,,130.9367455979871,,13.88840617417593,,13.88840617417593,,13.83891783263212,,2.191644897213962,,158.71296130511084,161.80705025219925,156.60625323503817,155.99981016223532,141.01458430347975,108.58258989011537,68.45156965345183,141.99830066406108
162,UP,1.2557403673807812,2126.725,b'stride0008',b'stance0010',b'stride0008',b'stance0008',,265.46214517975824,278.3837725335119,,,,,,,,,63.81384435883067,87.30269962412322,,130.9367455979871,,13.88840617417593,,13.88840617417593,,13.83891783263212,,2.191644897213962,,162.5560354456436,159.73842598888464,148.6556148998359,149.84667839017678,144.49158444577617,116.10973983622756,70.3450158520038,148.24475009714683
163,UP,0.6304401304251712,2015.555,b'stride0008',b'stance0010',b'stride0008',b'stance0008',,265.46214517975824,278.3837725335119,,,,,,,,,63.81384435883067,87.30269962412322,,130.9367455979871,,13.88840617417593,,13.88840617417593,,13.83891783263212,,2.191644897213962,,173.09113551712022,164.64293871628468,149.42011062975237,144.83910267428877,143.32994755165294,118.5507444762487,84.10190080148136,151.81842162910812
164,UP,2.4261251244651874,2107.8450000000003,b'stride0008',b'stance0010',b'stride0008',b'stance0008',,265.46214517975824,278.3837725335119,,,,,,,,,63.81384435883067,87.30269962412322,,130.9367455979871,,13.88840617417593,,13.88840617417593,,13.83891783263212,,2.191644897213962,,179.66121356807687,159.24030408878897,153.42372982545777,146.7587104418475,142.8925013888951,140.1999865138387,94.67895640961876,154.1970979459557
165,UP,3.564497601590631,2066.955,b'stride0008',b'stance0010',b'stride0008',b'stride0009',,265.46214517975824,278.3837725335119,16.43169896634498,,,,,,,,,87.30269962412322,,130.9367455979871,,13.88840617417593,,13.88840617417593,,13.83891783263212,,2.191644897213962,,177.3811404225725,159.77151782995628,152.3504739940548,136.23316685724066,143.70052974966325,144.44814716765313,101.90362896005352,160.56641839023274
166,UP,4.917815951329629,2306.9,b'stride0008',b'stance0010',b'stride0008',b'stride0009',,265.46214517975824,278.3837725335119,16.43169896634498,,,,,,,,,87.30269962412322,,130.9367455979871,,13.88840617417593,,13.88840617417593,,13.83891783263212,,2.191644897213962,,173.90260969169321,155.81379933954221,153.99360471369883,137.35577501843096,145.9243823442208,154.42977058307832,106.05390335645458,163.8647351149342
167,UP,6.575128456010333,2380.58,b'stride0008',b'stride0011',b'stride0008',b'stride0009',,265.46214517975824,278.3837725335119,16.43169896634498,,,,,,,,,87.30269962412322,,130.9367455979871,,13.88840617417593,,13.88840617417593,,13.83891783263212,,2.191644897213962,,168.5954433026436,,155.89481346910108,135.022300901741,153.1279500063342,,113.0856369786906,167.51655111558907
168,UP,8.280481070742383,2164.48,b'stride0008',b'stance0011',b'stance0008',b'stance0009',,265.46214517975824,,,,,,,,,46.81858149793327,,87.30269962412322,,,,13.88840617417593,,,,13.83891783263212,,,,177.58727940444484,143.08544646227222,153.15218603242346,138.59892016178304,139.12145048936685,,107.7988405741787,165.96309437404935
169,UP,8.012069714214334,2286.06,b'stance0008',b'stance0011',b'stance0008',b'stride0010',,,,,,,,,21.810420165295188,,46.81858149793327,,,,,,,,,,,,,,177.00685871055137,138.49061533637934,159.65934618588963,131.98152935729115,139.04247326937866,,103.51047203099421,165.92251239244155
170,UP,8.20625900299791,2217.995,b'stance0008',b'stance0011',b'stance0008',b'stride0010',,,,,,,,,21.810420165295188,,46.81858149793327,,,,,,,,,,,,,,175.65727828204206,,168.70454933077733,135.96663747422153,128.9294918961778,,103.00966374555202,161.88863142633892
171,UP,7.729091413477107,2031.495,b'stance0008',b'stride0012',b'stance0008',b'stride0010',,,,,,,,,21.810420165295188,,46.81858149793327,,,,,,,,,,,,,,170.81439726774096,,167.55559481099237,131.62081919514804,119.58341495636694,,103.72267249646848,158.71667411060372
172,UP,8.129661001588772,1995.97,b'stance0008',b'stance0012',b'stance0008',b'stride0010',,,,,,,,,21.810420165295188,,46.81858149793327,,,,,,,,,,,,,,175.11504632186742,,174.1034594194945,132.92083866073457,123.7912978694044,,103.97674623372095,149.9367610631337
173,UP,6.842785154530674,1801.505,b'stance0008',b'stance0012',b'stance0008',b'stride0010',,,,,,,,,21.810420165295188,,46.81858149793327,,,,,,,,,,,,,,177.98003367136715,,175.9227911822212,140.91521792445343,128.53306180185456,,108.4702127375017,133.6244083969844
174,UP,6.506816016743045,2072.735,b'stance0008',b'stride0013',b'stance0008',b'stride0010',,,,,,,,,21.810420165295188,,46.81858149793327,,,,,,,,,,,,,,175.31950569362647,,178.39938364653904,149.55467172339985,119.90125558254653,,108.20348360903846,117.5676425082655
175,UP,4.896932874936084,1926.06,b'stance0008',b'stride0013',b'stance0008',b'stride0010',,,,,,,,,21.810420165295188,,46.81858149793327,,,,,,,,,,,,,,177.61538978768658,,176.41129561504127,163.10092343182487,117.83805051003804,,100.08299832707725,97.54138544029219
176,UP,3.969525261673141,2075.3050000000003,b'stance0008',b'stride0013',b'stance0008',b'stride0010',,,,,,,,,21.810420165295188,,46.81858149793327,,,,,,,,,,,,,,172.13403322223652,,177.54763772429934,164.21322149450722,122.90743972432884,,101.80168251805412,85.52478024196303
177,UP,1.8237989416226412,1976.175,b'stance0008',b'stride0013',b'stance0008',b'stride0010',,,,,,,,,21.810420165295188,,46.81858149793327,,,,,,,,,,,,,,165.55438768036691,163.1005545131903,175.61448751092993,178.26071626450218,114.65368756533715,,105.41814386601303,76.3962851967515
178,UP,0.10597318701189806,1971.8200000000002,b'stance0008',b'stride0013',b'stance0008',b'stride0010',,,,,,,,,21.810420165295188,,46.81858149793327,,,,,,,,,,,,,,165.47175532160824,171.5650187888023,175.47046196499525,170.2646763584567,110.27084600934853,174.34088735059464,105.19475962391024,70.10236415197821
179,UP,1.6450043689650329,2053.38,b'stance0008',b'stride0013',b'stance0008',b'stride0010',,,,,,,,,21.810420165295188,,46.81858149793327,,,,,,,,,,,,,,165.48268046740222,155.69132133470245,172.32512732944062,164.44605579421304,123.4350423205918,143.03725639987059,103.18301986888594,72.34077752307648
180,UP,3.0644875872797854,2319.8450000000003,b'stance0008',b'stride0013',b'stance0008',b'stride0010',,,,,,,,,21.810420165295188,,46.81858149793327,,,,,,,,,,,,,,157.95263043020054,163.204380108607,171.90258654580097,171.34358069159472,133.33219182912399,139.42828558229354,107.01121399113623,84.7947247202626
181,UP,5.936513119879805,2201.495,b'stance0008',b'stride0013',b'stance0008',b'stride0010',,,,,,,,,21.810420165295188,,46.81858149793327,,,,,,,,,,,,,,152.28059571119488,158.29385929595855,160.02841344671526,167.89648180788984,159.2393008002226,122.89823211259193,116.76883502698304,93.85138977938377
182,UP,8.709983286398938,2838.2200000000003,b'stance0008',b'stride0013',b'stance0008',b'stride0010',,,,,,,,,21.810420165295188,,46.81858149793327,,,,,,,,,,,,,,161.5805739697863,168.8069131544884,165.87570250874873,165.66087819112164,160.3152723398385,125.01445605761597,121.01255594994194,103.04452160867979
183,UP,11.450006227247144,1692.75,b'stance0008',b'stride0013',b'stance0008',b'stride0010',,,,,,,,,21.810420165295188,,46.81858149793327,,,,,,,,,,,,,,156.34286498301555,171.86111252442404,163.46997829585084,165.84292916199453,152.52597811118406,118.70468845054666,127.48362334946451,118.38466915982762
184,UP,14.244756454329973,2473.295,b'stance0008',b'stride0013',b'stride0009',b'stride0010',,,295.0985655581712,,,,,,21.810420165295188,,,,,,111.59918602644734,,,,10.443999194094475,,,,-0.4825138671685636,,160.28956902176213,175.24356970700643,156.7475563989803,167.21192903251702,162.16706409521498,120.45330326718897,132.10742458102374,121.65140612999255
185,UP,15.725730771732628,2239.835,b'stance0008',b'stride0013',b'stride0009',b'stance0010',,,295.0985655581712,,,,,,21.810420165295188,,,,,,111.59918602644734,,,,10.443999194094475,,,,-0.4825138671685636,,150.72434133332172,173.9650289674981,153.28044411488065,169.47857327456433,168.23409681168573,124.96953848838098,138.5809806511631,119.12003958925396
186,UP,18.584875162091663,2494.2200000000003,b'stance0008',b'stride0013',b'stride0009',b'stance0010',,,295.0985655581712,,,,,,21.810420165295188,,,,,,111.59918602644734,,,,10.443999194094475,,,,-0.4825138671685636,,152.99082394147652,179.66161755462952,141.90862605328942,171.37643122650343,168.81640173034987,131.3461165444849,145.94616225886512,116.42094925679176
187,UP,20.283186527228366,2046.125,b'stance0008',b'stride0013',b'stride0009',b'stance0010',,,295.0985655581712,,,,,,21.810420165295188,,,,,,111.59918602644734,,,,10.443999194094475,,,,-0.4825138671685636,,146.94520444361513,173.53082711678817,144.31170974382002,174.17212357789006,,129.06507890039677,151.39350688395754,118.91369943716514
188,UP,22.18110498333013,2059.31,b'stride0009',b'stride0013',b'stride0009',b'stance0010',,0.0,295.0985655581712,,,,,,,,,,,,111.59918602644734,,,,10.443999194094475,,,,-0.4825138671685636,,154.04194695935442,176.96425520535766,142.74860829212204,169.6252626865886,,129.7512341792451,150.0733002953102,118.91085046950997
189,UP,22.54064840230646,2103.995,b'stance0009',b'stride0013',b'stride0009',b'stance0010',,,295.0985655581712,,,,,,,,,,,,111.59918602644734,,,,10.443999194094475,,,,-0.4825138671685636,,144.09776362409565,176.70453631151403,138.99213391524145,175.17896503708536,,127.48351993663626,149.813854793984,121.72981545931205
190,UP,23.22000479383422,1747.1950000000002,b'stride0010',b'stance0013',b'stride0009',b'stance0010',,,295.0985655581712,,,,,,,,,,,,111.59918602644734,,,,10.443999194094475,,,,-0.4825138671685636,,144.08414972343377,176.81079661809318,144.70994013019134,168.5053674524005,,113.61616153288618,143.11459338425703,121.11460385049936
191,UP,21.50348865534599,1892.7649999999999,b'stride0010',b'stance0013',b'stride0009',b'stance0010',,,295.0985655581712,,,,,,,,,,,,111.59918602644734,,,,10.443999194094475,,,,-0.4825138671685636,,142.81757747912835,162.51719193880473,143.31997113022385,179.29634391089584,,105.22991132007238,136.52806247567707,125.59785671807134
192,UP,19.909281008559674,2215.13,b'stride0010',b'stance0013',b'stride0009',b'stance0010',,,295.0985655581712,,,,,,,,,,,,111.59918602644734,,,,10.443999194094475,,,,-0.4825138671685636,,140.62305223210402,172.42596506820226,147.7051601136203,171.90366814957105,,105.30498010903278,123.75860879102927,124.87746417713706
193,UP,19.386078424318896,1888.9650000000001,b'stride0010',b'stance0013',b'stride0009',b'stance0010',,,295.0985655581712,,,,,,,,,,,,111.59918602644734,,,,10.443999194094475,,,,-0.4825138671685636,,143.6306791979961,160.47337160488462,159.19947968459957,178.32616125328605,,99.8994212817479,108.67675302282724,122.86431903024008
194,UP,18.05904027002839,2401.2250000000004,b'stride0010',b'stance0013',b'stride0009',b'stance0010',,,295.0985655581712,,,,,,,,,,,,111.59918602644734,,,,10.443999194094475,,,,-0.4825138671685636,,138.5536074673161,154.15078400238176,157.56767664338642,174.7955618895014,,93.11540160503176,101.64346388979429,119.31334997300189
195,UP,16.464730384585096,1955.835,b'stride0010',b'stance0013',b'stride0009',b'stance0010',,,295.0985655581712,,,,,,,,,,,,111.59918602644734,,,,10.443999194094475,,,,-0.4825138671685636,,138.18497245999785,155.62438158904177,172.00954088627077,170.50114931279757,,91.03647316157507,91.15565970228101,125.02314476909672
196,UP,14.62574926062743,2153.9849999999997,b'stride0010',b'stance0013',b'stride0009',b'stance0010',,,295.0985655581712,,,,,,,,,,,,111.59918602644734,,,,10.443999194094475,,,,-0.4825138671685636,,139.46896837822527,157.50188255344605,172.09079698347122,169.77286347302174,,93.06437793544009,84.21029259890685,123.19541249707342
197,UP,13.681033537916392,2302.75,b'stride0010',b'stance0013',b'stride0009',b'stance0010',,,295.0985655581712,,,,,,,,,,,,111.59918602644734,,,,10.443999194094475,,,,-0.4825138671685636,,130.64611447531348,160.49006304952323,171.48978472260416,162.19049973256955,,101.21427808529556,75.31530185734744,130.79896621098007
198,UP,10.396811496866349,2129.565,b'stride0010',b'stance0013',b'stride0009',b'stance0010',,,295.0985655581712,,,,,,,,,,,,111.59918602644734,,,,10.443999194094475,,,,-0.4825138671685636,,140.22169967434087,162.76600905984654,163.72356620611242,162.77173699794145,,107.99624402446872,73.02972866435974,135.43065091900132
199,UP,10.027285538703694,2161.325,b'stride0010',b'stance0013',b'stride0009',b'stance0010',,,295.0985655581712,,,,,,,,,,,,111.59918602644734,,,,10.443999194094475,,,,-0.4825138671685636,,149.11763652690124,156.47123946715965,150.67856587454975,151.49525410778054,142.01459661703646,114.74187370581596,72.5668781849393,139.63453035600602
200,UP,7.045405430377144,2413.715,b'stride0010',b'stance0013',b'stride0009',b'stance0010',,,295.0985655581712,,,,,,,,,,,,111.59918602644734,,,,10.443999194094475,,,,-0.4825138671685636,,163.78877009605853,161.66492794856782,151.97430615607942,150.81531857704803,144.47406931547795,127.79242706123844,75.81356276125857,143.41827967828766
201,UP,5.492754794202,2661.355,b'stride0010',b'stance0013',b'stride0009',b'stance0010',,,295.0985655581712,,,,,,,,,,,,111.59918602644734,,,,10.443999194094475,,,,-0.4825138671685636,,173.05266962987207,151.47991194082408,151.81429633213014,141.79257846194622,148.05940654443714,119.9653413758298,86.19788083450256,150.66610031551906
202,UP,3.38697763339664,2383.38,b'stride0010',b'stance0013',b'stride0009',b'stride0011',,,295.0985655581712,,,,,,,,,,,,111.59918602644734,,,,10.443999194094475,,,,-0.4825138671685636,,175.2352463009498,154.0745125169438,147.56381341867507,140.74497836761276,141.906823051599,142.37933298892597,93.86636040997871,155.41734532426045
203,UP,1.1874135020827339,2748.21,b'stride0010',b'stance0013',b'stride0009',b'stride0011',,,295.0985655581712,,,,,,,,,,,,111.59918602644734,,,,10.443999194094475,,,,-0.4825138671685636,,176.06898481659897,144.3777634198987,145.30375924211936,136.1825750222667,137.7250983845998,135.4819970175571,102.3682820967412,160.61278804352423
204,UP,0.7755755252179597,2120.44,b'stride0010',b'stride0014',b'stride0009',b'stride0011',,,295.0985655581712,,,,,,,,,,,,111.59918602644734,,,,10.443999194094475,,,,-0.4825138671685636,,173.04196305744253,145.6204521631463,150.18110873613344,141.29170063939944,145.75758176394686,147.5856831032962,110.19499706683219,163.78784149950854
205,UP,2.5429455698912022,2280.945,b'stride0010',b'stride0014',b'stride0009',b'stride0011',,,295.0985655581712,,,,,,,,,,,,111.59918602644734,,,,10.443999194094475,,,,-0.4825138671685636,,172.03872737094827,139.76940455666605,150.8474827305253,139.1146416817628,148.26338647473014,,114.6991650548656,165.6556241787137
206,UP,2.66001384998458,2534.585,b'stride0010',b'stance0014',b'stride0009',b'stride0011',,,295.0985655581712,,,,,,,,,,,,111.59918602644734,,,,10.443999194094475,,,,-0.4825138671685636,,162.97347481608426,136.77124657203325,160.11857700797944,131.08632166207977,155.94003280096797,,104.59666744670996,168.76221269981886
207,UP,4.242003444857431,2036.37,b'stride0010',b'stride0015',b'stride0009',b'stride0011',,,295.0985655581712,,,,,,,,,,,,111.59918602644734,,,,10.443999194094475,,,,-0.4825138671685636,,165.13842085420615,137.96296670202153,156.033639001879,,139.09555521169037,,93.636191228504,
208,UP,5.531278457709504,2384.13,b'stance0010',b'stance0015',b'stance0009',b'stride0011',,,,,,,,,,,45.52803646265562,,,,,,,,,,,,,,173.17764460696566,136.36934961226922,164.24541386569146,130.7816880625936,132.14149859627662,,95.21355330421761,157.78319767959042
209,UP,6.341405548597777,1872.225,b'stance0010',b'stride0016',b'stance0009',b'stride0011',,,,,,,,,,,45.52803646265562,,,,,,,,,,,,,,174.49625313005907,,171.91419399657292,142.40890531312363,131.99519683961063,,102.68271620369195,145.82102840645362
210,UP,6.257739871438503,2059.6949999999997,b'stance0010',b'stride0016',b'stance0009',b'stride0011',,,,,,,,,,,45.52803646265562,,,,,,,,,,,,,,179.15266831491184,,176.74553367088515,147.88322163340072,126.91821666365212,,108.70588504540011,130.78861388544365
211,UP,6.086850133064814,1925.175,b'stance0010',b'stride0016',b'stance0009',b'stride0011',,,,,,,,,,,45.52803646265562,,,,,,,,,,,,,,175.4153862897952,,179.3979246931585,162.66082136820626,126.51691430695587,,114.78673263885403,113.30376448000763
212,UP,5.590874583340309,1613.4299999999998,b'stance0010',b'stride0016',b'stance0009',b'stride0011',,,,,,,,,,,45.52803646265562,,,,,,,,,,,,,,172.61388561655107,,179.30726202832867,164.2759280900009,120.99764866119496,,108.54163616040651,99.57156650107919
213,UP,3.6936055772812324,2061.795,b'stance0010',b'stride0016',b'stance0009',b'stride0011',,,,,,,,,,,45.52803646265562,,,,,,,,,,,,,,171.35025495737798,,178.42237595218393,170.89790190372315,120.80611902725113,,106.66007553865279,86.44211796838731
214,UP,2.4940488462603696,1810.17,b'stance0010',b'stride0016',b'stance0009',b'stride0011',,,,,,,,,,,45.52803646265562,,,,,,,,,,,,,,171.54397832681676,158.8846166884764,173.74207877956283,178.69036802902596,116.56623666730471,,110.48627433475508,75.1813092571962
215,UP,1.0590141169220715,2182.04,b'stance0010',b'stride0016',b'stance0009',b'stride0011',,,,,,,,,,,45.52803646265562,,,,,,,,,,,,,,161.27875446326686,172.66557536536135,171.9860702323578,167.33549806384053,116.17576557196143,179.70824510429583,112.13093608240735,68.46877276782635
216,UP,0.86991872272705,1959.31,b'stance0010',b'stride0016',b'stance0009',b'stride0011',,,,,,,,,,,45.52803646265562,,,,,,,,,,,,,,166.04443381182824,,171.42400652606983,166.09989231851455,121.50627117827474,,113.59321625671012,72.5325894531156
217,UP,3.702502685874407,2377.4449999999997,b'stance0010',b'stride0016',b'stance0009',b'stride0011',,,,,,,,,,,45.52803646265562,,,,,,,,,,,,,,163.21281542022248,161.56937349043298,168.69919431247433,163.3146910708782,123.58406678366171,,113.93802237000534,80.93542971820771
218,UP,5.311606798440749,1814.9899999999998,b'stance0010',b'stride0016',b'stance0009',b'stride0011',,,,,,,,,,,45.52803646265562,,,,,,,,,,,,,,155.1081402475492,158.43182595526181,171.680578837574,162.42827332697237,129.26502005393763,141.344493465999,119.78688256080642,90.40348289447184
219,UP,8.214927992813216,2217.1549999999997,b'stance0010',b'stride0016',b'stance0009',b'stride0011',,,,,,,,,,,45.52803646265562,,,,,,,,,,,,,,161.69146317497442,163.5037636534159,163.31787466401906,167.47739784341258,144.01538317043688,135.70826717374993,122.2823633703824,101.67908764406945
220,UP,10.007377847740003,2196.67,b'stance0010',b'stride0016',b'stride0010',b'stride0011',,,,,,,,,,,,,,,,,,,,,,,,,155.9958932631144,168.86813467509896,158.65309339969824,157.49169466148265,160.61001286802784,136.80063323283773,129.02549719021192,104.74198593611428
221,UP,13.340528080363697,2242.37,b'stance0010',b'stride0016',b'stance0010',b'stride0011',,,,,,,,,,,,,,,,,,,,,,,,,148.73090242236043,172.25010786801258,155.00902573002546,170.47426697227854,153.2935678319557,129.65219629959702,134.65973766393384,115.59523827787103
222,UP,15.850133323505332,2158.05,b'stance0010',b'stride0016',b'stance0010',b'stance0011',,,,,,,,,,,,,,,,,,,,,,,,,151.55562030892398,175.1772820131154,153.76876501479373,173.23528558811915,167.71509623225427,126.33917472271287,138.78064018312546,119.81135260576423
223,UP,17.850484081600428,2090.105,b'stance0010',b'stride0016',b'stride0011',b'stance0011',,,,,,,,,,,,,,,,,,,,,,,,,159.9001157450042,177.39972336036467,146.20282078273578,173.5239948757415,177.56037213374233,128.36296777817444,141.8335741520252,117.19646146995173
224,UP,19.9596610926462,2199.56,b'stride0011',b'stride0016',b'stride0011',b'stance0011',,,,,,,,,,,,,,,,,,,,,,,,,147.62658705669426,174.65019970678628,145.60467029854274,176.93467932576445,164.57299799079018,130.17990615970083,144.91288671420142,118.44392455660702
225,UP,21.510776929740047,2157.2650000000003,b'stance0011',b'stride0016',b'stride0011',b'stance0011',,,,,,,,,,,,,,,,,,,,,,,,,151.11077672270343,179.81349912141823,141.48286899123735,174.588071069514,178.7383361070916,130.6009464324255,141.8820731497165,120.41820555494927
226,UP,22.6768338178762,1860.93,b'stride0012',b'stride0016',b'stride0011',b'stance0011',,,,,,,,,,,,,,,,,,,,,,,,,145.71334584525135,178.42976970383154,147.92768736488927,175.35267176915542,,126.09397066493668,137.91762337205157,120.81220331246087
227,UP,22.29680812388375,1612.39,b'stance0012',b'stance0016',b'stride0011',b'stance0011',,,,,,,,,,,,,,,,,,,,,,,,,145.72997304759772,178.19652994858689,149.43480478030153,170.36532607404243,,117.62518866097267,129.56174378599343,116.85856001869348
228,UP,22.105955794659906,1631.87,b'stride0013',b'stance0016',b'stride0011',b'stance0011',,,,,,,,,,,,,,,,,,,,,,,,,142.91702111663957,172.6029057415228,160.14977899455857,165.83840740653022,,106.86410575400562,115.32665363401671,112.99573012365246
229,UP,21.196147875284424,1735.185,b'stride0013',b'stance0016',b'stride0011',b'stance0011',,,,,,,,,,,,,,,,,,,,,,,,,135.18549758553928,166.47014297039763,158.26724426106387,168.7545014614505,,103.30216791361819,109.95282158772726,114.69534025698624
230,UP,20.8324914510043,,b'stride0013',b'stance0016',b'stride0011',b'stance0011',,,,,,,,,,,,,,,,,,,,,,,,,131.59758202783368,162.76365417429136,170.46536744952178,177.6142792699505,,95.6040275746224,94.53748195635654,118.3550306860887
231,UP,18.83920200180748,,b'stride0013',b'stance0016',b'stride0011',b'stance0011',,,,,,,,,,,,,,,,,,,,,,,,,130.2128539213673,163.30228385662255,178.489373556221,177.89442731544483,,93.08312746274298,84.12313332897905,117.89085160813602
232,UP,17.32900354182152,,b'stride0013',b'stance0016',b'stride0011',b'stance0011',,,,,,,,,,,,,,,,,,,,,,,,,127.70898300252583,165.50239213396262,166.62364984322147,174.7953954897615,,92.97854384710442,75.89133655931352,115.54381824649703
233,UP,15.804636099062208,,b'stride0013',b'stance0016',b'stride0011',b'stance0011',,,,,,,,,,,,,,,,,,,,,,,,,131.60429562415328,157.59397961265486,162.506687426452,178.85020553787453,,94.65793052960738,71.13716147901683,116.39890913109676
234,UP,14.658539447059667,,b'stride0013',b'stance0016',b'stride0011',b'stance0011',,,,,,,,,,,,,,,,,,,,,,,,,131.91954336949118,162.4600172066614,156.90628464557918,173.56889739051636,,111.05760184676024,68.89366184421984,115.53247704140877
235,UP,12.660383641118614,,b'stride0013',b'stance0016',b'stride0011',b'stance0011',,,,,,,,,,,,,,,,,,,,,,,,,133.2306389346662,167.1920499717759,154.30386303571504,169.37539856467365,,130.99457094306615,68.81970159398108,119.53840671684141
236,UP,10.763648702682417,,b'stride0013',b'stance0016',b'stride0011',b'stance0011',,,,,,,,,,,,,,,,,,,,,,,,,142.5793678988248,156.09328135071587,154.88314702509632,163.11229882664836,,125.91274207998913,81.47914733194443,128.24765907010809
237,UP,8.917604910159497,,b'stride0013',b'stance0016',b'stride0011',b'stance0011',,,,,,,,,,,,,,,,,,,,,,,,,150.75219064102063,154.5655566784936,147.6590080099039,152.66834819431216,,137.2278532700797,88.90925486426634,136.55470154892578
238,UP,6.717723359475798,,b'stride0013',b'stance0016',b'stride0011',b'stride0012',,,,,,,,,,,,,,,,,,,,,,,,,177.72815808740447,150.98025669638125,150.34615671356858,145.64458956002431,,154.99834998337465,99.77222756836278,139.26028189843498
239,UP,4.756879584325361,,b'stride0013',b'stance0016',b'stride0011',b'stance0012',,,,,,,,,,,,,,,,,,,,,,,,,178.58154001147884,142.77874092447334,143.9018237054574,138.82033800164453,,152.55676984090553,,149.12504642811172
240,UP,1.750447092056021,,b'stride0013',b'stance0016',b'stride0011',b'stride0013',,,,,,,,,,,,,,,,,,,,,,,,,166.30604294169044,138.7894001757514,144.28537819796634,144.57934438187107,,150.76635115325175,111.91597113602971,149.88617118687205
241,UP,0.7469787025522692,,b'stride0013',b'stride0017',b'stride0011',b'stride0013',,,,,,,,,,,,,,,,,,,,,,,,,,132.1152640472481,151.17927875353573,137.00667743129958,,136.77096411838514,120.39726485345815,156.81058001898342
242,UP,2.884414966877813,,b'stride0013',b'stance0017',b'stride0011',b'stride0013',,,,,,,,,,,,,,,,,,,,,,,,,,126.1346835046166,152.94988102014491,138.86855683425824,,,118.96801856579043,162.74868874432366
243,UP,3.9965934602733455,,b'stride0013',b'stride0018',b'stance0011',b'stride0013',,,,,,,,,,,,,,,,,,,,,,,,,,130.51077643099825,151.8034058595519,146.9844919987083,,,108.72026045701551,161.3334608022969
244,UP,7.200897497070059,,b'stride0013',b'stride0018',b'stride0012',b'stride0013',,,,,,,,,,,,,,,,,,,,,,,,,,,153.5816607555563,142.60878827791328,,,95.73319778494681,165.6210249456695
245,UP,5.323734004768681,,b'stride0013',b'stride0018',b'stride0012',b'stride0013',,,,,,,,,,,,,,,,,,,,,,,,,,,159.94934847925552,138.57350941313464,,,91.76647841332708,159.6480321017491
246,UP,7.666759021421882,,b'stance0013',b'stride0018',b'stance0012',b'stride0013',,,,,,,,,,,,,,,,,,,,,,,,,,122.86451131636962,168.43845496319167,135.69886940770027,,,92.5544850092296,148.42037397065295
247,UP,7.760891914465901,,b'stride0014',b'stride0018',b'stance0012',b'stride0013',,,,,,,,,,,,,,,,,,,,,,,,,,125.05426981858298,172.09896925035167,141.90254412928817,,,98.47857327464025,138.96391689743922
248,UP,,,b'stride0014',b'stride0018',b'stance0012',b'stride0013',,,,,,,,,,,,,,,,,,,,,,,,,,,178.577589976258,151.13606723079909,,,100.15125294898196,118.8058626889464
249,UP,,,b'stride0014',b'stride0018',b'stance0012',b'stride0013',,,,,,,,,,,,,,,,,,,,,,,,,,,175.55449217297698,160.80743078072152,,,104.41577593578062,101.42117429433831
250,UP,,,b'stride0014',b'stride0018',b'stance0012',b'stride0013',,,,,,,,,,,,,,,,,,,,,,,,,,,177.8866180821888,175.19826060940676,,,105.96586371761626,89.73069038246416
251,UP,,,b'stride0014',b'stride0018',b'stance0012',b'stride0013',,,,,,,,,,,,,,,,,,,,,,,,,,,170.29819864857933,179.02966903047644,,,107.87169300827216,79.16873231595198
252,UP,,,b'stride0014',b'stride0018',b'stance0012',b'stride0013',,,,,,,,,,,,,,,,,,,,,,,,,,,173.5219542323589,169.32714529540078,,,103.29391178665234,78.0798388665274
253,UP,,,b'stride0014',b'stride0018',b'stance0012',b'stride0013',,,,,,,,,,,,,,,,,,,,,,,,,,,170.48495237836053,164.570015596055,,,108.40482838827468,73.44899684883538
254,UP,,,b'stride0014',b'stride0018',b'stance0012',b'stride0013',,,,,,,,,,,,,,,,,,,,,,,,,,,167.17576154931137,,,,111.59045704832637,
255,UP,,,b'stride0014',b'stride0018',b'stance0012',b'stride0013',,,,,,,,,,,,,,,,,,,,,,,,,,,158.71716920546652,,,,120.69542256845726,
256,UP,,,b'stride0014',b'stride0018',b'stance0012',b'stride0013',,,,,,,,,,,,,,,,,,,,,,,,,,,171.77524231132261,,,,114.44285369787941,
257,UP,,,b'stride0014',b'stride0018',b'stance0012',b'stride0013',,,,,,,,,,,,,,,,,,,,,,,,,,,167.87194819903166,,,,117.46420032743708,
258,UP,,,b'stride0014',b'stride0018',b'stance0012',b'stance0013',,,,,,,,,,,,,,,,,,,,,,,,,,,,,,,123.02522661926236,
259,UP,,,b'stride0014',b'stride0018',b'stride0013',b'stride0014',,,,,,,,,,,,,,,,,,,,,,,,,,,,,,,120.0478471772779,
260,UP,,,b'stance0014',b'stance0018',b'stride0013',b'stride0014',,,,,,,,,,,,,,,,,,,,,,,,,,,,,,,,
261,UP,,,b'stride0015',b'stance0018',b'stride0013',b'stride0014',,,,,,,,,,,,,,,,,,,,,,,,,,,,,,,,
262,UP,,,b'stride0015',b'stance0018',b'stride0013',b'stride0014',,,,,,,,,,,,,,,,,,,,,,,,,,,,,,,,
263,UP,,,b'stride0015',b'stance0018',b'stride0013',b'stride0014',,,,,,,,,,,,,,,,,,,,,,,,,,,,,,,,
264,UP,,,b'stride0015',b'stride0019',b'stride0013',b'stride0014',,,,,,,,,,,,,,,,,,,,,,,,,,,,,,,,
265,UP,,,b'stride0015',b'stride0019',b'stride0013',b'stride0014',,,,,,,,,,,,,,,,,,,,,,,,,,,,,,,,
266,UP,,,b'stride0015',b'stance0019',b'stride0013',b'stride0014',,,,,,,,,,,,,,,,,,,,,,,,,,,,,,,,
267,UP,,,b'stance0015',b'stance0019',b'stride0013',b'stride0014',,,,,,,,,,,,,,,,,,,,,,,,,,,,,,,,
268,UP,,,b'stance0015',b'stance0019',b'stance0013',b'stance0014',,,,,,,,,,,,,,,,,,,,,,,,,,,,,,,,
269,UP,,,b'stance0015',b'stance0019',b'stance0013',b'stance0014',,,,,,,,,,,,,,,,,,,,,,,,,,,,,,,,
270,UP,,,b'stance0015',b'stride0020',b'stride0014',b'stance0014',,,,,,,,,,,,,,,,,,,,,,,,,,,,,,,,
271,UP,,,b'stance0015',b'stance0020',b'stride0014',b'stride0015',,,,,,,,,,,,,,,,,,,,,,,,,,,,,,,,
272,UP,,,b'stance0015',b'stride0021',b'stance0014',b'stride0015',,,,,,,,,,,,,,,,,,,,,,,,,,,,,,,,
273,UP,,,b'stride0016',b'stride0021',b'stride0015',b'stride0015',,,,,,,,,,,,,,,,,,,,,,,,,,,,,,,,
274,UP,,,b'stance0016',b'stance0021',b'stride0015',b'stance0015',,,,,,,,,,,,,,,,,,,,,,,,,,,,,,,,
275,UP,,,b'stride0017',b'stride0022',b'stride0015',b'stance0015',,,,,,,,,,,,,,,,,,,,,,,,,,,,,,,,
276,UP,,,b'stride0017',b'stride0022',b'stride0015',b'stance0015',,,,,,,,,,,,,,,,,,,,,,,,,,,,,,,,
277,UP,,,b'stride0017',b'stride0022',b'stride0015',b'stride0016',,,,,,,,,,,,,,,,,,,,,,,,,,,,,,,,
278,UP,,,b'stance0017',b'stride0022',b'stance0015',b'stride0016',,,,,,,,,,,,,,,,,,,,,,,,,,,,,,,,
279,UP,,,b'stance0017',b'stance0022',b'stance0015',b'stance0016',,,,,,,,,,,,,,,,,,,,,,,,,,,,,,,,
280,UP,,,b'stride0018',b'stance0022',b'stance0015',b'stance0016',,,,,,,,,,,,,,,,,,,,,,,,,,,,,,,,
281,UP,,,b'stance0018',b'stance0022',b'stance0015',b'stride0017',,,,,,,,,,,,,,,,,,,,,,,,,,,,,,,,
282,UP,,,b'stride0019',b'stride0023',b'stride0016',b'stance0017',,,,,,,,,,,,,,,,,,,,,,,,,,,,,,,,
283,UP,,,b'stance0019',b'stride0023',b'stride0016',b'stride0018',,,,,,,,,,,,,,,,,,,,,,,,,,,,,,,,
284,UP,,,b'stride0020',b'stride0023',b'stride0016',b'stride0018',,,,,,,,,,,,,,,,,,,,,,,,,,,,,,,,
285,UP,,,b'stride0020',b'stride0023',b'stride0016',b'stride0018',,,,,,,,,,,,,,,,,,,,,,,,,,,,,,,,
286,UP,,,b'stance0020',b'stance0023',b'stride0016',b'stride0018',,,,,,,,,,,,,,,,,,,,,,,,,,,,,,,,
