,direction_of_climbing,body_deflection_angle,speed_PXperS,stepphase_FL,stepphase_FR,stepphase_HR,stepphase_HL,step-length_FR,step-length_FL,step-length_HR,step-length_HL,dynamics_FL,dynamics_FR,dynamics_HR,dynamics_HL,mid_stance_wrist_angles_mean_FL,mid_stance_wrist_angles_mean_FR,mid_stance_wrist_angles_mean_HR,mid_stance_wrist_angles_mean_HL,limbROM_FL,limbROM_FR,limbROM_HR,limbROM_HL,spineROM_FL,spineROM_FR,spineROM_HR,spineROM_HL,CROM_FL,CROM_FR,CROM_HR,CROM_HL,shoulder_angle_FL,shoulder_angle_FR,shoulder_angle_HR,shoulder_angle_HL,knee_angle_FL,knee_angle_FR,knee_angle_HR,knee_angle_HL
0,UP,,146.14,b'stance0000',b'stance0000',b'stance0000',b'stance0000',,,,,,,,,,,,,,,,,,,,,,,,,,,,,,,,
1,UP,,146.14,b'stance0000',b'stance0000',b'stance0000',b'stance0000',,,,,,,,,,,,,,,,,,,,,,,,,,,,,,,,
2,UP,,14.88,b'stance0000',b'stance0000',b'stance0000',b'stance0000',,,,,,,,,,,,,,,,,,,,,,,,,,,,,,,,
3,UP,,21.66,b'stance0000',b'stance0000',b'stance0000',b'stance0000',,,,,,,,,,,,,,,,,,,,,,,,,,,,,,,,
4,UP,,138.88,b'stance0000',b'stance0000',b'stance0000',b'stance0000',,,,,,,,,,,,,,,,,,,,,,,,,,,,,,,,
5,UP,,222.47,b'stance0000',b'stance0000',b'stance0000',b'stance0000',,,,,,,,,,,,,,,,,,,,,,,,,,,,,,,,
6,UP,,208.7,b'stance0000',b'stance0000',b'stance0000',b'stance0000',,,,,,,,,,,,,,,,,,,,,,,,,,,,,,,,
7,UP,,120.46,b'stance0000',b'stance0000',b'stance0000',b'stance0000',,,,,,,,,,,,,,,,,,,,,,,,,,,,,,,,
8,UP,,198.96,b'stance0000',b'stance0000',b'stance0000',b'stance0000',,,,,,,,,,,,,,,,,,,,,,,,,,,,,,,,
9,UP,,93.07,b'stance0000',b'stance0000',b'stance0000',b'stance0000',,,,,,,,,,,,,,,,,,,,,,,,,,,,,,,,
10,UP,,164.91,b'stance0000',b'stance0000',b'stance0000',b'stance0000',,,,,,,,,,,,,,,,,,,,,,,,,,,,,,,,
11,UP,,664.13,b'stance0000',b'stance0000',b'stance0000',b'stance0000',,,,,,,,,,,,,,,,,,,,,,,,,,,,,,,,
12,UP,,343.11,b'stance0000',b'stance0000',b'stance0000',b'stance0000',,,,,,,,,,,,,,,,,,,,,,,,,,,,,,,,
13,UP,,253.95,b'stance0000',b'stance0000',b'stance0000',b'stance0000',,,,,,,,,,,,,,,,,,,,,,,,,,,,,,,,
14,UP,,9.85,b'stance0000',b'stance0000',b'stance0000',b'stance0000',,,,,,,,,,,,,,,,,,,,,,,,,,,,,,,,
15,UP,,111.12,b'stance0000',b'stance0000',b'stance0000',b'stance0000',,,,,,,,,,,,,,,,,,,,,,,,,,,,,,,,
16,UP,,143.96,b'stance0000',b'stance0000',b'stance0000',b'stance0000',,,,,,,,,,,,,,,,,,,,,,,,,,,,,,,,
17,UP,,203.73,b'stance0000',b'stance0000',b'stance0000',b'stance0000',,,,,,,,,,,,,,,,,,,,,,,,,,,,,,,,
18,UP,,122.02,b'stance0000',b'stance0000',b'stance0000',b'stance0000',,,,,,,,,,,,,,,,,,,,,,,,,,,,,,,,
19,UP,,368.52,b'stance0000',b'stance0000',b'stance0000',b'stance0000',,,,,,,,,,,,,,,,,,,,,,,,,,,,,,,,
20,UP,,542.82,b'stance0000',b'stance0000',b'stance0000',b'stance0000',,,,,,,,,,,,,,,,,,,,,,,,,,,,,,,,
21,UP,,192.1,b'stance0000',b'stance0000',b'stance0000',b'stance0000',,,,,,,,,,,,,,,,,,,,,,,,,,,,,,,,
22,UP,,335.45,b'stance0000',b'stance0000',b'stance0000',b'stance0000',,,,,,,,,,,,,,,,,,,,,,,,,,,,,,,,
23,UP,,111.15,b'stance0000',b'stance0000',b'stance0000',b'stance0000',,,,,,,,,,,,,,,,,,,,,,,,,,,,,,,,
24,UP,,348.32,b'stance0000',b'stance0000',b'stance0000',b'stance0000',,,,,,,,,,,,,,,,,,,,,,,,,,,,,,,,
25,UP,,764.9,b'stance0000',b'stance0000',b'stance0000',b'stance0000',,,,,,,,,,,,,,,,,,,,,,,,,,,,,,,,
26,UP,,234.41,b'stance0000',b'stance0000',b'stance0000',b'stance0000',,,,,,,,,,,,,,,,,,,,,,,,,,,,,,,,
27,UP,,348.66,b'stance0000',b'stance0000',b'stance0000',b'stance0000',,,,,,,,,,,,,,,,,,,,,,,,,,,,,,,,
28,UP,,612.89,b'stance0000',b'stance0000',b'stance0000',b'stance0000',,,,,,,,,,,,,,,,,,,,,,,,,,,,,,,,
29,UP,,811.92,b'stride0001',b'stance0000',b'stance0000',b'stance0000',,0.0,,,,,,,,,,,,,,,,,,,,,,,,,,,,,,
30,UP,,281.68,b'stance0001',b'stance0000',b'stance0000',b'stance0000',,,,,,,,,,,,,,,,,,,,,,,,,,,,,,,,
31,UP,,572.43,b'stride0002',b'stance0000',b'stance0000',b'stance0000',,111.85037351263705,,,,,,,,,,,,,,,,,,,,,,,,,,,,,,
32,UP,,495.01,b'stride0002',b'stance0000',b'stance0000',b'stance0000',,111.85037351263705,,,,,,,,,,,,,,,,,,,,,,,163.8527255743312,,,,113.15785175637808,,,
33,UP,,531.95,b'stride0002',b'stance0000',b'stance0000',b'stance0000',,111.85037351263705,,,,,,,,,,,,,,,,,,,,,,,163.32995220953973,,,,102.48112641123174,,,
34,UP,,400.36,b'stride0002',b'stance0000',b'stance0000',b'stance0000',,111.85037351263705,,,,,,,,,,,,,,,,,,,,,,,154.38874077195777,,,,89.70142771533635,,,
35,UP,,,b'stride0002',b'stance0000',b'stance0000',b'stance0000',,111.85037351263705,,,,,,,,,,,,,,,,,,,,,,,157.150853369955,,,,84.25970223965328,,,
36,UP,,,b'stride0002',b'stance0000',b'stance0000',b'stance0000',,111.85037351263705,,,,,,,,,,,,,,,,,,,,,,,150.81977431474658,,,,85.62516145777442,,,
37,UP,,,b'stride0002',b'stance0000',b'stance0000',b'stance0000',,111.85037351263705,,,,,,,,,,,,,,,,,,,,,,,171.20999234091727,,,,92.11417244778366,,,
38,UP,,,b'stride0002',b'stance0000',b'stance0000',b'stance0000',,111.85037351263705,,,,,,,,,,,,,,,,,,,,,,,,,,,,,,
39,UP,,,b'stride0002',b'stance0000',b'stance0000',b'stance0000',,111.85037351263705,,,,,,,,,,,,,,,,,,,,,,,,,,,,,,
40,UP,,,b'stride0002',b'stance0000',b'stance0000',b'stance0000',,111.85037351263705,,,,,,,,,,,,,,,,,,,,,,,,,,,,,,
41,UP,,380.0,b'stance0002',b'stance0000',b'stance0000',b'stance0000',,,,,,,,,132.5497795537949,,,,,,,,,,,,,,,,,,,,,,,
42,UP,,1047.63,b'stance0002',b'stance0000',b'stance0000',b'stance0000',,,,,,,,,132.5497795537949,,,,,,,,,,,,,,,,,,,,,,,
43,UP,,1131.37,b'stance0002',b'stance0000',b'stance0000',b'stride0001',,,,19.269112266332982,,,,,132.5497795537949,,,,,,,,,,,,,,,,,,,,,,,
44,UP,,900.81,b'stance0002',b'stance0000',b'stride0001',b'stride0001',,,0.0,19.269112266332982,,,,,132.5497795537949,,,,,,,,,,,,,,,,,,,,,,,
45,UP,,1142.13,b'stance0002',b'stance0000',b'stance0001',b'stride0001',,,,19.269112266332982,,,,,132.5497795537949,,,,,,,,,,,,,,,,,,,,,,,
46,UP,,1881.54,b'stance0002',b'stride0001',b'stride0002',b'stance0001',19.376730509451047,,24.21458749509366,,,,,,132.5497795537949,,,,,,,,,,,,,,,,,,,,,,,
47,UP,,993.44,b'stride0003',b'stride0001',b'stride0002',b'stance0001',19.376730509451047,16.357930522810587,24.21458749509366,,,,,,,,,,,,,,,,,,,,,,,,,,,,,
48,UP,,1148.77,b'stride0003',b'stride0001',b'stride0002',b'stride0002',19.376730509451047,16.357930522810587,24.21458749509366,12.804141859237324,,,,,,,,,,,,,,,,,,,,,,,,,,,,
49,UP,,1536.78,b'stride0003',b'stride0001',b'stride0002',b'stride0002',19.376730509451047,16.357930522810587,24.21458749509366,12.804141859237324,,,,,,,,,,,,,,,,,,,,,,,,,,,,
50,UP,,774.14,b'stride0003',b'stance0001',b'stride0002',b'stride0002',,16.357930522810587,24.21458749509366,12.804141859237324,,,,,,97.80847445207553,,,,,,,,,,,,,,,,,,,,,,
51,UP,,938.69,b'stance0003',b'stance0001',b'stance0002',b'stance0002',,,,,,,,,,97.80847445207553,39.12797668139097,39.90246073379788,,,,,,,,,,,,,131.432876726235,,,,,,,
52,UP,,1092.14,b'stride0004',b'stance0001',b'stance0002',b'stance0002',,0.0,,,,,,,,97.80847445207553,39.12797668139097,39.90246073379788,,,,,,,,,,,,,,,,,,,,
53,UP,,1155.36,b'stance0004',b'stance0001',b'stance0002',b'stance0002',,,,,,,,,,97.80847445207553,39.12797668139097,39.90246073379788,,,,,,,,,,,,,,,,,,,,
54,UP,,1139.36,b'stride0005',b'stance0001',b'stance0002',b'stance0002',,0.0,,,,,,,,97.80847445207553,39.12797668139097,39.90246073379788,,,,,,,,,,,,,,,,,,,,
55,UP,,776.25,b'stance0005',b'stance0001',b'stance0002',b'stance0002',,,,,,,,,,97.80847445207553,39.12797668139097,39.90246073379788,,,,,,,,,,,,,142.41184501064527,,,,,,,
56,UP,,1210.48,b'stride0006',b'stance0001',b'stance0002',b'stance0002',,0.0,,,,,,,,97.80847445207553,39.12797668139097,39.90246073379788,,,,,,,,,,,,,151.77261051439254,,,,,,,
57,UP,,1169.95,b'stance0006',b'stance0001',b'stance0002',b'stance0002',,,,,,,,,,97.80847445207553,39.12797668139097,39.90246073379788,,,,,,,,,,,,,145.31751169093826,,,,,,,
58,UP,,1011.36,b'stance0006',b'stance0001',b'stance0002',b'stance0002',,,,,,,,,,97.80847445207553,39.12797668139097,39.90246073379788,,,,,,,,,,,,,,,,,,,,
59,UP,,1300.0,b'stance0006',b'stance0001',b'stance0002',b'stance0002',,,,,,,,,,97.80847445207553,39.12797668139097,39.90246073379788,,,,,,,,,,,,,,,,,,,,
60,UP,,1670.21,b'stride0007',b'stance0001',b'stance0002',b'stance0002',,125.76345146483003,,,,,,,,97.80847445207553,39.12797668139097,39.90246073379788,,,,,,,,,,,,,,62.69945861072824,,,,21.383613831551486,,
61,UP,,1427.34,b'stride0007',b'stance0001',b'stride0003',b'stride0003',,125.76345146483003,126.02667715423202,0.0,,,,,,97.80847445207553,,,,,,,,,,,,,,,,,,,,,,
62,UP,,1355.52,b'stride0007',b'stance0001',b'stride0003',b'stance0003',,125.76345146483003,126.02667715423202,,,,,,,97.80847445207553,,,,,,,,,,,,,,,,,,,,,,
63,UP,,1925.93,b'stride0007',b'stance0001',b'stride0003',b'stance0003',,125.76345146483003,126.02667715423202,,,,,,,97.80847445207553,,,,,,,,,,,,,,,,,,,,,,
64,UP,,1145.77,b'stride0007',b'stance0001',b'stride0003',b'stance0003',,125.76345146483003,126.02667715423202,,,,,,,97.80847445207553,,,,,,,,,,,,,,,,,,,,,,
65,UP,24.131292313403037,1865.52,b'stance0007',b'stance0001',b'stride0003',b'stride0004',,,126.02667715423202,0.0,,,,,,97.80847445207553,,,,,,,,,,,,,,,,,,,,,,
66,UP,,1997.1499999999999,b'stride0008',b'stance0001',b'stride0003',b'stance0004',,118.77482413023743,126.02667715423202,,,,,,,97.80847445207553,,,,,,,,,,,,,,,,,,,,,,
67,UP,20.242356694086794,1739.545,b'stride0008',b'stance0001',b'stride0003',b'stride0005',,118.77482413023743,126.02667715423202,61.44274838330313,,,,,,97.80847445207553,,,,,,,,,,,,,,-43.702425286580706,27.836574260166316,,,,47.6146630655567,,,
68,UP,17.77962000137458,1518.8400000000001,b'stride0008',b'stance0001',b'stride0003',b'stride0005',,118.77482413023743,126.02667715423202,61.44274838330313,,,,,,97.80847445207553,,,,,,,,,,,,,,-43.702425286580706,,,,,,,,
69,UP,16.551366961423327,1365.395,b'stance0008',b'stance0001',b'stride0003',b'stride0005',,,126.02667715423202,61.44274838330313,,,,,42.32449480401801,97.80847445207553,,,,,,,,,,,,,,-43.702425286580706,35.55081375984352,,,,,,,
70,UP,14.9983868826574,1661.02,b'stance0008',b'stride0002',b'stride0003',b'stride0005',191.2705496676578,,126.02667715423202,61.44274838330313,,,,,42.32449480401801,,,,,63.69517742834073,,,,2.625417510886627,,,,-8.789555632561445,,-43.702425286580706,,150.24370293283582,,,,,,
71,UP,13.415804692807257,1635.245,b'stance0008',b'stride0002',b'stride0003',b'stride0005',191.2705496676578,,126.02667715423202,61.44274838330313,,,,,42.32449480401801,,,,,63.69517742834073,,,,2.625417510886627,,,,-8.789555632561445,,-43.702425286580706,,155.98324119641623,,,,145.42373763292477,,
72,UP,12.461841671502015,2369.4750000000004,b'stance0008',b'stride0002',b'stride0003',b'stride0005',191.2705496676578,,126.02667715423202,61.44274838330313,,,,,42.32449480401801,,,,,63.69517742834073,,,,2.625417510886627,,,,-8.789555632561445,,-43.702425286580706,,144.29166272886337,,,,129.59046922847833,,
73,UP,10.327105346467704,1635.04,b'stance0008',b'stride0002',b'stride0003',b'stance0005',191.2705496676578,,126.02667715423202,,,,,,42.32449480401801,,,73.10146738323179,,63.69517742834073,,,,2.625417510886627,,,,-8.789555632561445,,,,147.59132256176687,9.941257213073271,,,127.04155294924209,,
74,UP,6.947176287266672,1436.1,b'stance0008',b'stride0002',b'stance0003',b'stance0005',191.2705496676578,,,,,,,,42.32449480401801,,,73.10146738323179,,63.69517742834073,,,,2.625417510886627,,,,-8.789555632561445,,,144.9003997808751,158.6286233072139,,,130.49554421714797,,,
75,UP,5.139180205099251,1686.6950000000002,b'stance0008',b'stride0002',b'stance0003',b'stance0005',191.2705496676578,,,,,,,,42.32449480401801,,,73.10146738323179,,63.69517742834073,,,,2.625417510886627,,,,-8.789555632561445,,,142.51737235499053,168.16131027498392,,,147.52584099119724,123.56799279521613,,
76,UP,3.996304956063767,1971.54,b'stance0008',b'stride0002',b'stride0004',b'stance0005',191.2705496676578,,152.83201129681632,,,,,,42.32449480401801,,,73.10146738323179,,63.69517742834073,,,,2.625417510886627,,,,-8.789555632561445,,,20.03812498616466,176.47940715168207,,,54.51986217255828,120.18371765439991,,
77,UP,2.5542374547023883,1620.25,b'stance0008',b'stride0002',b'stride0004',b'stance0005',191.2705496676578,,152.83201129681632,,,,,,42.32449480401801,,,73.10146738323179,,63.69517742834073,,,,2.625417510886627,,,,-8.789555632561445,,,139.15266499229,174.39625151596053,,,168.8053792405132,116.15019373798185,,
78,UP,2.0769602770342885,951.92,b'stance0008',b'stride0002',b'stance0004',b'stance0005',191.2705496676578,,,,,,,,42.32449480401801,,154.92892424755976,73.10146738323179,,63.69517742834073,,,,2.625417510886627,,,,-8.789555632561445,,,21.00465763117728,177.31870618745765,,,54.17855144262931,120.61878995953626,,
79,UP,0.9860884334716502,1113.105,b'stance0008',b'stride0002',b'stance0004',b'stance0005',191.2705496676578,,,,,,,,42.32449480401801,,154.92892424755976,73.10146738323179,,63.69517742834073,,,,2.625417510886627,,,,-8.789555632561445,,,20.062510894372963,166.60510227146924,,,40.42454775652638,128.672587046579,,
80,UP,0.26710089522543967,1631.9850000000001,b'stance0008',b'stride0002',b'stance0004',b'stance0005',191.2705496676578,,,,,,,,42.32449480401801,,154.92892424755976,73.10146738323179,,63.69517742834073,,,,2.625417510886627,,,,-8.789555632561445,,,133.37251905142224,176.04943777839458,,,,130.01860152949493,,
81,UP,0.048363292840974736,1115.5,b'stance0008',b'stride0002',b'stance0004',b'stance0005',191.2705496676578,,,,,,,,42.32449480401801,,154.92892424755976,73.10146738323179,,63.69517742834073,,,,2.625417510886627,,,,-8.789555632561445,,,138.83696116681074,171.17023552117402,,,,137.065255324043,,
82,UP,0.814148957577288,1762.715,b'stance0008',b'stride0002',b'stride0005',b'stance0005',191.2705496676578,,0.0,,,,,,42.32449480401801,,,73.10146738323179,,63.69517742834073,,,,2.625417510886627,,,,-8.789555632561445,,,126.56042020731167,176.6852632317074,,,,138.90676287110824,,
83,UP,1.9938067095420422,2724.7650000000003,b'stride0009',b'stride0002',b'stance0005',b'stance0005',191.2705496676578,7.431327502437658,,,,,,,,,,73.10146738323179,,63.69517742834073,,,,2.625417510886627,,,,-8.789555632561445,,,140.05922632051485,166.44572603290334,,171.34635359134353,,144.39708908650368,,86.72192016659127
84,UP,3.5258688743276707,1616.915,b'stride0009',b'stance0002',b'stance0005',b'stance0005',,7.431327502437658,,,,,,,,8.816882683828565,,73.10146738323179,,,,,,,,,,,,,134.65625812791797,177.36361341451945,,168.2160641912959,,137.97765988169593,,96.07336147880946
85,UP,3.190051074842472,1578.49,b'stance0009',b'stance0002',b'stance0005',b'stance0005',,,,,,,,,,8.816882683828565,,73.10146738323179,,,,,,,,,,,,,132.5434107811567,175.17529656707012,,162.31744859235712,,129.08754982984271,,100.36631103342785
86,UP,3.6920422469815435,1783.645,b'stride0010',b'stance0002',b'stride0006',b'stance0005',,,12.553385042243237,,,,,,,8.816882683828565,,73.10146738323179,,,,,,,,,,,,,125.96811753207388,179.0509766915081,,166.67046926836613,,122.33130005843816,,104.1899417894996
87,UP,3.720414790311679,2163.27,b'stride0010',b'stance0002',b'stride0006',b'stance0005',,,12.553385042243237,,,,,,,8.816882683828565,,73.10146738323179,,,,,,,,,,,,,135.7875026890415,175.47200015606663,,152.16371405508883,,116.98346678490407,,113.51400298705249
88,UP,3.5803214894631026,1626.23,b'stride0010',b'stance0002',b'stride0006',b'stance0005',,,12.553385042243237,,,,,,,8.816882683828565,,73.10146738323179,,,,,,,,,,,,,131.60906850874827,167.19893577775252,,156.07504672597528,,108.87008538870653,,118.41899883010026
89,UP,3.2936747954801717,1908.3650000000002,b'stride0010',b'stance0002',b'stance0006',b'stance0005',,,,,,,,,,8.816882683828565,,73.10146738323179,,,,,,,,,,,,,127.66264317575254,165.6235719778011,,150.6239411755127,,104.63207822475194,,119.04034788659132
90,UP,3.1988911133903173,1786.74,b'stride0010',b'stance0002',b'stride0007',b'stance0005',,,48.960263434792225,,,,,,,8.816882683828565,,73.10146738323179,,,,,,,,,,,,,141.45985360324423,161.75552414368568,,153.82553673997015,,100.84064416185021,,124.30101310049686
91,UP,2.4930353676001573,1674.715,b'stride0010',b'stance0002',b'stride0007',b'stance0005',,,48.960263434792225,,,,,,,8.816882683828565,,73.10146738323179,,,,,,,,,,,,,130.81674036808704,159.7741648595015,,153.05135381439305,,97.0779800106634,,127.99253046404795
92,UP,1.56449096120906,1725.7649999999999,b'stride0010',b'stance0002',b'stride0007',b'stance0005',,,48.960263434792225,,,,,,,8.816882683828565,,73.10146738323179,,,,,,,,,,,,,136.87827805854795,161.50413024018889,,144.84670611039684,125.75660675445775,99.9252833968266,,133.9487450343425
93,UP,0.9557724173181725,1724.055,b'stride0010',b'stance0002',b'stride0007',b'stance0005',,,48.960263434792225,,,,,,,8.816882683828565,,73.10146738323179,,,,,,,,,,,,,139.36529629979532,162.15011672017542,152.83449954773212,144.27151533038884,122.50979734999035,102.2045116796892,,139.0605937204679
94,UP,0.030087105818125792,1694.82,b'stride0010',b'stance0002',b'stance0007',b'stance0005',,,,,,,,,,8.816882683828565,,73.10146738323179,,,,,,,,,,,,,138.55065562797154,160.2502668267799,159.18388964082047,145.33614410716172,,101.63884330549598,125.37097321767104,143.25184592169398
95,UP,1.4409999641611648,1548.77,b'stride0010',b'stance0002',b'stride0008',b'stance0005',,,171.67674135012865,,,,,,,8.816882683828565,,73.10146738323179,,,95.62537265361138,,,,5.621676915492045,,,,-5.744678424526072,,143.07346407094474,159.21420326306824,155.41500345060146,140.9384121006645,,105.62693874979249,124.82632201917286,148.26367878022583
96,UP,2.924385259967437,1620.885,b'stride0010',b'stance0002',b'stride0008',b'stance0005',,,171.67674135012865,,,,,,,8.816882683828565,,73.10146738323179,,,95.62537265361138,,,,5.621676915492045,,,,-5.744678424526072,,153.37077265785024,161.78370372041311,156.94314616895667,142.61245072169677,117.51556945892855,105.138010336285,,151.13841101046134
97,UP,3.703735353261436,1346.505,b'stride0010',b'stance0002',b'stride0008',b'stance0005',,,171.67674135012865,,,,,,,8.816882683828565,,73.10146738323179,,,95.62537265361138,,,,5.621676915492045,,,,-5.744678424526072,,156.45183948577358,159.57544749492712,166.70625772376115,135.93388459279024,108.44834972288167,105.71513740212247,,154.68769558798067
98,UP,4.99511026844192,1322.645,b'stride0010',b'stance0002',b'stride0008',b'stance0005',,,171.67674135012865,,,,,,,8.816882683828565,,73.10146738323179,,,95.62537265361138,,,,5.621676915492045,,,,-5.744678424526072,,169.2388298338936,156.51019555610435,171.91830357526604,136.50007655836495,109.952552944552,110.50939533065086,,154.43139327502846
99,UP,6.401255002955935,1250.06,b'stride0010',b'stance0002',b'stride0008',b'stance0005',,,171.67674135012865,,,,,,,8.816882683828565,,73.10146738323179,,,95.62537265361138,,,,5.621676915492045,,,,-5.744678424526072,,169.59584538626248,156.5057218621867,179.0607691572129,141.54409885819408,108.39689555335575,122.34366902016447,,
100,UP,6.120979250232352,1506.44,b'stride0010',b'stance0002',b'stride0008',b'stride0006',,,171.67674135012865,28.20204768276284,,,,,,8.816882683828565,,,,,95.62537265361138,,,,5.621676915492045,,,,-5.744678424526072,65.93696703500927,178.87705343681114,159.4797893534988,176.90922350777316,136.4000505072835,118.56208093963059,132.10118597106177,77.77283816105265,157.71787626492446
101,UP,7.981502732857706,1273.905,b'stride0010',b'stance0002',b'stride0008',b'stride0006',,,171.67674135012865,28.20204768276284,,,,,,8.816882683828565,,,,,95.62537265361138,,,,5.621676915492045,,,,-5.744678424526072,65.93696703500927,172.74681046448273,155.72263523592684,170.82584110636654,137.71019789724707,116.01643852991178,124.62350685773252,67.66635858783846,155.59490880251207
102,UP,8.402901476500205,1366.79,b'stride0010',b'stance0002',b'stride0008',b'stride0006',,,171.67674135012865,28.20204768276284,,,,,,8.816882683828565,,,,,95.62537265361138,,,,5.621676915492045,,,,-5.744678424526072,65.93696703500927,177.2712286234933,159.29066595180987,167.50358300987648,139.8497600453992,132.1614393699055,124.43150811777755,67.77713532460065,
103,UP,10.402074572106073,1390.725,b'stride0010',b'stance0002',b'stride0008',b'stride0006',,,171.67674135012865,28.20204768276284,,,,,,8.816882683828565,,,,,95.62537265361138,,,,5.621676915492045,,,,-5.744678424526072,65.93696703500927,173.2083501443227,155.53190332490504,166.92184683143188,140.7031273862286,142.87103547448737,118.00019365631115,70.16167687554383,
104,UP,11.36247025175291,1160.315,b'stance0010',b'stance0002',b'stride0008',b'stride0006',,,171.67674135012865,28.20204768276284,,,,,,8.816882683828565,,,,,95.62537265361138,,,,5.621676915492045,,,,-5.744678424526072,65.93696703500927,177.67578525940615,154.78760858451793,158.02184764311318,143.7475530827114,147.26843017702276,135.55414996013587,69.82048247215012,
105,UP,11.774725029289499,1085.3000000000002,b'stance0010',b'stance0002',b'stride0008',b'stance0006',,,171.67674135012865,,,,,,,8.816882683828565,,,,,95.62537265361138,,,,5.621676915492045,,,,-5.744678424526072,,179.31922548274676,154.9132463743497,158.8813488630373,143.09813457411343,143.3618180435941,139.5023978434974,77.53231049998925,
106,UP,12.920903369328073,1285.0,b'stance0010',b'stance0002',b'stride0008',b'stride0007',,,171.67674135012865,0.0,,,,,,8.816882683828565,,,,,95.62537265361138,,,,5.621676915492045,,,,-5.744678424526072,,178.60387400045428,153.93990757104882,153.30181271530157,142.51759101493593,138.10405928976678,139.32730839847272,81.96229492003047,
107,UP,13.078895211841257,1272.345,b'stance0010',b'stance0002',b'stride0008',b'stance0007',,,171.67674135012865,,,,,,,8.816882683828565,,,,,95.62537265361138,,,,5.621676915492045,,,,-5.744678424526072,,168.9409682482397,147.0332817533915,151.2938502563448,138.1756194786889,131.29347763354792,146.7215930606547,87.97999884346831,
108,UP,12.282637804511495,1027.245,b'stance0010',b'stance0002',b'stride0008',b'stance0007',,,171.67674135012865,,,,,,,8.816882683828565,,,,,95.62537265361138,,,,5.621676915492045,,,,-5.744678424526072,,158.8362451998328,150.83773343648576,148.73275238666545,137.4560421813891,124.01293892636622,155.65285836680266,92.13537915226037,
109,UP,12.149743621967417,1093.01,b'stance0010',b'stance0002',b'stance0008',b'stride0008',,,,0.0,,,,,,8.816882683828565,52.836076340363455,,,,,,,,,,,,,,155.00763152761584,145.52535693190453,154.36565838781698,140.706140305847,121.08829110572714,158.51481223754,90.94268011250139,155.41575138884843
110,UP,11.711447667022298,1386.705,b'stance0010',b'stance0002',b'stance0008',b'stance0008',,,,,,,,,,8.816882683828565,52.836076340363455,,,,,,,,,,,,,,152.52665928892483,,151.2892045430613,139.81450941401147,119.87778351363644,,80.79569805969392,154.3322487784292
111,UP,11.035548173842955,1381.26,b'stance0010',b'stance0002',b'stance0008',b'stride0009',,,,239.08681802446034,,,,,,8.816882683828565,52.836076340363455,,,,,120.77027457336806,,,,11.761918400301958,,,,-4.043583753868717,155.51166778470906,,151.59191634727878,146.57968703292048,120.25710089655533,,82.4844404738514,151.0062714954705
112,UP,9.860429052526229,1340.425,b'stance0010',b'stance0002',b'stance0008',b'stride0009',,,,239.08681802446034,,,,,,8.816882683828565,52.836076340363455,,,,,120.77027457336806,,,,11.761918400301958,,,,-4.043583753868717,149.5910274915071,,151.72991863275564,157.9468879388723,115.96535515011706,,83.25028503221444,142.1879409340575
113,UP,8.833042736796045,972.21,b'stance0010',b'stance0002',b'stance0008',b'stride0009',,,,239.08681802446034,,,,,,8.816882683828565,52.836076340363455,,,,,120.77027457336806,,,,11.761918400301958,,,,-4.043583753868717,152.53893004029072,,160.1112292199029,154.98298025387317,111.30852297139921,,87.44816033803222,136.81027478646143
114,UP,7.9224085539898965,1197.115,b'stance0010',b'stance0002',b'stance0008',b'stride0009',,,,239.08681802446034,,,,,,8.816882683828565,52.836076340363455,,,,,120.77027457336806,,,,11.761918400301958,,,,-4.043583753868717,145.42612505088994,,156.55611408617145,161.19964272365647,106.57672408502705,,83.81562301324645,122.4531939940168
115,UP,6.690673282889435,1268.7350000000001,b'stance0010',b'stride0003',b'stance0008',b'stride0009',0.0,,,239.08681802446034,,,,,,,52.836076340363455,,,,,120.77027457336806,,,,11.761918400301958,,,,-4.043583753868717,148.19491744369245,,159.7604011790949,170.43435383662276,104.51210698718148,,83.04442112789447,107.76074932859736
116,UP,4.871845695989521,1446.9099999999999,b'stance0010',b'stance0003',b'stance0008',b'stride0009',,,,239.08681802446034,,,,,,,52.836076340363455,,,,,120.77027457336806,,,,11.761918400301958,,,,-4.043583753868717,150.16022749373715,,160.83310313234477,175.08159951405233,100.96398967288394,,81.62392056836302,91.35264806939064
117,UP,3.701146917710048,1310.94,b'stance0010',b'stride0004',b'stance0008',b'stride0009',226.81100187704638,,,239.08681802446034,,,,,,,52.836076340363455,,,,,120.77027457336806,,,,11.761918400301958,,8.81059710563224,,-4.043583753868717,146.6367268239892,,155.86446682467636,175.5465344280532,97.45976198607929,,80.2931044593545,84.79211678549372
118,UP,2.713610261423298,1481.33,b'stance0010',b'stride0004',b'stance0008',b'stride0009',226.81100187704638,,,239.08681802446034,,,,,,,52.836076340363455,,,,,120.77027457336806,,,,11.761918400301958,,8.81059710563224,,-4.043583753868717,146.1714803433697,,168.3314624173173,174.0462240628708,96.70743899174896,,83.61875837525689,76.61746516169492
119,UP,0.6916249297826482,1588.9450000000002,b'stance0010',b'stride0004',b'stance0008',b'stride0009',226.81100187704638,,,239.08681802446034,,,,,,,52.836076340363455,,,,,120.77027457336806,,,,11.761918400301958,,8.81059710563224,,-4.043583753868717,144.37819661239985,,167.2338068366546,165.76189675663343,86.67105086884312,,84.89501338592935,72.76713390284871
120,UP,1.1939447096945628,1375.4099999999999,b'stance0010',b'stride0004',b'stance0008',b'stride0009',226.81100187704638,,,239.08681802446034,,,,,,,52.836076340363455,,,,,120.77027457336806,,,,11.761918400301958,,8.81059710563224,,-4.043583753868717,144.33677870995183,,165.73938369630707,164.26603160356478,87.15405774083692,,88.21748567921975,72.0668641831578
121,UP,2.919729087409735,1556.875,b'stance0010',b'stride0004',b'stance0008',b'stride0009',226.81100187704638,,,239.08681802446034,,,,,,,52.836076340363455,,,,,120.77027457336806,,,,11.761918400301958,,8.81059710563224,,-4.043583753868717,152.57499941423987,147.76985438084182,172.59717526132536,173.83531090547478,88.91096648342979,,89.76859961148202,73.62506836043168
122,UP,3.8551441216137903,1604.645,b'stance0010',b'stride0004',b'stance0008',b'stride0009',226.81100187704638,,,239.08681802446034,,,,,,,52.836076340363455,,,,,120.77027457336806,,,,11.761918400301958,,8.81059710563224,,-4.043583753868717,160.75365300412895,157.82728347906402,176.05145046940683,173.1973846333274,100.64443943761262,153.50002627730063,94.85045670719914,81.92985926748536
123,UP,5.887568636300415,1717.21,b'stance0010',b'stride0004',b'stance0008',b'stride0009',226.81100187704638,,,239.08681802446034,,,,,,,52.836076340363455,,,,,120.77027457336806,,,,11.761918400301958,,8.81059710563224,,-4.043583753868717,166.6137894613579,151.603851729199,178.43285088820852,169.7857712494111,109.47249208533063,148.21157636815224,99.10786587954254,85.83179415366455
124,UP,6.939363108608461,1594.58,b'stance0010',b'stride0004',b'stance0008',b'stride0009',226.81100187704638,,,239.08681802446034,,,,,,,52.836076340363455,,,,,120.77027457336806,,,,11.761918400301958,,8.81059710563224,,-4.043583753868717,165.6362628983479,153.41393735912146,179.49263813267967,168.37272556461414,121.05696462967907,,101.89630015755081,92.42588677716255
125,UP,7.805366971423524,2089.13,b'stance0010',b'stride0004',b'stance0008',b'stride0009',226.81100187704638,,,239.08681802446034,,,,,,,52.836076340363455,,,,,120.77027457336806,,,,11.761918400301958,,8.81059710563224,,-4.043583753868717,159.12619347452397,159.13685163540046,167.26972963843258,170.46820180888895,118.67496657157793,127.95824011472294,108.20300610699522,
126,UP,9.476484876995528,1411.185,b'stance0010',b'stride0004',b'stance0008',b'stride0009',226.81100187704638,,,239.08681802446034,,,,,,,52.836076340363455,,,,,120.77027457336806,,,,11.761918400301958,,8.81059710563224,,-4.043583753868717,155.60749570565096,169.6249915209853,167.90136784470974,167.70872447944538,131.71958667180303,126.83157231467928,113.80711418790176,
127,UP,10.462227733433508,2125.43,b'stance0010',b'stride0004',b'stance0008',b'stride0009',226.81100187704638,,,239.08681802446034,,,,,,,52.836076340363455,,,,,120.77027457336806,,,,11.761918400301958,,8.81059710563224,,-4.043583753868717,160.63536612572483,170.54921586805415,168.3875607466052,162.32176441144492,138.84757123688058,117.42402432530301,118.10878396403714,
128,UP,12.677760079226346,1609.225,b'stance0010',b'stride0004',b'stance0008',b'stride0009',226.81100187704638,,,239.08681802446034,,,,,,,52.836076340363455,,,,,120.77027457336806,,,,11.761918400301958,,8.81059710563224,,-4.043583753868717,146.8034506535117,178.79786348825237,170.4149945801108,160.37840330000452,141.3756789149003,121.70457694665073,122.94402858109112,116.66072379704667
129,UP,14.082663810417671,1771.765,b'stance0010',b'stride0004',b'stance0008',b'stance0009',226.81100187704638,,,,,,,,,,52.836076340363455,70.08288571870379,,,,,,,,,,8.81059710563224,,,147.28153378582675,179.89373316761336,165.04954309291472,165.203885416262,152.029517141896,130.55148361231957,128.10506296591407,114.94738562706331
130,UP,14.238762714132491,1766.6100000000001,b'stance0010',b'stride0004',b'stance0008',b'stance0009',226.81100187704638,,,,,,,,,,52.836076340363455,70.08288571870379,,,,,,,,,,8.81059710563224,,,153.29170029013736,176.4770464179854,159.74788423980496,171.37817528428343,153.3272742323541,136.2539121141412,134.62966982419255,112.73915338326564
131,UP,16.37602467980048,1517.25,b'stance0010',b'stride0004',b'stance0008',b'stance0009',226.81100187704638,,,,,,,,,,52.836076340363455,70.08288571870379,,,,,,,,,,8.81059710563224,,,154.28316798222,172.05502874129064,160.38322519638223,174.92605426264663,153.50645275615022,141.7501098614021,134.66884112995976,114.74366370739466
132,UP,16.896697368665713,1281.83,b'stance0010',b'stance0004',b'stride0009',b'stance0009',,,274.5923421946866,,,,,,,4.9780466449677965,,70.08288571870379,,,130.77751584093164,,,,12.723780735315408,,,,0.8762355427690238,,156.7855727167071,176.61382220426927,151.68003559631822,173.41352316479805,173.62885264118898,143.7386998498562,141.6475939823461,111.901117904428
133,UP,17.546806353851736,1435.97,b'stance0010',b'stance0004',b'stride0009',b'stance0009',,,274.5923421946866,,,,,,,4.9780466449677965,,70.08288571870379,,,130.77751584093164,,,,12.723780735315408,,,,0.8762355427690238,,162.45466062345852,179.66950119552305,144.24598567007763,175.38740119539304,177.77150987036413,133.82351591282688,146.86060343636194,109.59404948545652
134,UP,18.64929510065417,1692.445,b'stance0010',b'stance0004',b'stride0009',b'stance0009',,,274.5923421946866,,,,,,,4.9780466449677965,,70.08288571870379,,,130.77751584093164,,,,12.723780735315408,,,,0.8762355427690238,,150.8569599982595,171.88603339563792,152.85987468416323,178.97285248958033,177.83091476351203,127.07820651188386,139.65526293360432,112.96483873074114
135,UP,18.888927187129184,1305.94,b'stance0010',b'stance0004',b'stride0009',b'stance0009',,,274.5923421946866,,,,,,,4.9780466449677965,,70.08288571870379,,,130.77751584093164,,,,12.723780735315408,,,,0.8762355427690238,,151.01783616904657,170.47588696090727,149.1963339537524,173.329858834895,,120.91123895661659,136.27757374633774,105.82911383684393
136,UP,19.22175316529419,1482.335,b'stance0010',b'stance0004',b'stride0009',b'stance0009',,,274.5923421946866,,,,,,,4.9780466449677965,,70.08288571870379,,,130.77751584093164,,,,12.723780735315408,,,,0.8762355427690238,,150.89016032897086,168.36647359743083,148.01626007887594,169.42627134483422,,118.29676825414316,136.28209117640205,98.78233987413923
137,UP,19.236338318473145,1163.345,b'stance0010',b'stance0004',b'stride0009',b'stance0009',,,274.5923421946866,,,,,,,4.9780466449677965,,70.08288571870379,,,130.77751584093164,,,,12.723780735315408,,,,0.8762355427690238,,148.17709207380926,162.74663011247827,152.2792438668914,170.0405512148199,,112.64225626591845,132.79219192993074,100.87267828814898
138,UP,19.09558613418551,1218.06,b'stance0010',b'stance0004',b'stride0009',b'stance0009',,,274.5923421946866,,,,,,,4.9780466449677965,,70.08288571870379,,,130.77751584093164,,,,12.723780735315408,,,,0.8762355427690238,,149.4804406713308,165.09505414631707,157.96833424413384,171.29310601291175,,108.91274621091819,127.29921081921671,103.38305355477583
139,UP,17.433250378031886,1427.44,b'stance0010',b'stance0004',b'stride0009',b'stance0009',,,274.5923421946866,,,,,,,4.9780466449677965,,70.08288571870379,,,130.77751584093164,,,,12.723780735315408,,,,0.8762355427690238,,141.8461555193596,155.0080087932268,156.31946276022512,166.3013900931043,,103.17549240572622,123.32055468108753,99.9369893321135
140,UP,17.598366660491536,1392.5900000000001,b'stride0011',b'stance0004',b'stride0009',b'stance0009',,,274.5923421946866,,,,,,,4.9780466449677965,,70.08288571870379,,,130.77751584093164,,,,12.723780735315408,,,,0.8762355427690238,,143.917761835256,153.82485282790083,164.24169433863784,163.52212954681082,,99.25467940216663,117.14892106090923,93.78276352271499
141,UP,16.24537967030213,1528.47,b'stance0011',b'stance0004',b'stride0009',b'stance0009',,,274.5923421946866,,,,,,,4.9780466449677965,,70.08288571870379,,,130.77751584093164,,,,12.723780735315408,,,,0.8762355427690238,,139.3265687546842,156.89951482610607,164.88697305029126,166.3074156737436,,96.51436734405885,113.00401442426119,95.49941304928066
142,UP,14.735645070940791,1395.3899999999999,b'stride0012',b'stance0004',b'stride0009',b'stance0009',,,274.5923421946866,,,,,,,4.9780466449677965,,70.08288571870379,,,130.77751584093164,,,,12.723780735315408,,,,0.8762355427690238,,136.89094889490022,158.63735034973905,170.8309574082063,168.94333170284654,,95.73520921892458,107.01620951285535,98.86870654888277
143,UP,13.329544755654126,1612.005,b'stride0012',b'stance0004',b'stride0009',b'stance0009',,,274.5923421946866,,,,,,,4.9780466449677965,,70.08288571870379,,,130.77751584093164,,,,12.723780735315408,,,,0.8762355427690238,,137.0827732429699,157.4640576999935,173.04516798813378,170.30063970417663,,96.62347799007155,101.54847786992846,101.00954512973139
144,UP,11.48880908459634,1549.75,b'stride0012',b'stance0004',b'stride0009',b'stance0009',,,274.5923421946866,,,,,,,4.9780466449677965,,70.08288571870379,,,130.77751584093164,,,,12.723780735315408,,,,0.8762355427690238,,139.38070535446448,164.9171027124961,176.60937911778402,172.72849670651405,,100.27852972049129,96.34404576950274,102.62493125266523
145,UP,10.123500073145692,1829.635,b'stride0012',b'stance0004',b'stride0009',b'stance0009',,,274.5923421946866,,,,,,,4.9780466449677965,,70.08288571870379,,,130.77751584093164,,,,12.723780735315408,,,,0.8762355427690238,,135.03614842025445,162.39422699719043,172.97948622796443,177.95427380404035,,97.47248613871682,92.60217763076488,104.53059730687886
146,UP,8.070914087083025,1933.0,b'stride0012',b'stance0004',b'stride0009',b'stance0009',,,274.5923421946866,,,,,,,4.9780466449677965,,70.08288571870379,,,130.77751584093164,,,,12.723780735315408,,,,0.8762355427690238,,140.04875894349385,160.12834008204413,165.34482174639479,178.103623483844,,94.80065147002074,83.58546425863608,104.27713055908235
147,UP,5.636236588495052,2098.4,b'stride0012',b'stance0004',b'stride0009',b'stance0009',,,274.5923421946866,,,,,,,4.9780466449677965,,70.08288571870379,,,130.77751584093164,,,,12.723780735315408,,,,0.8762355427690238,,142.31141363992936,166.40752483010766,162.26392277720504,177.62239888381737,,96.47533046264675,83.94974034439704,104.74847479150195
148,UP,4.141712577131159,1699.22,b'stride0012',b'stance0004',b'stride0009',b'stance0009',,,274.5923421946866,,,,,,,4.9780466449677965,,70.08288571870379,,,130.77751584093164,,,,12.723780735315408,,,,0.8762355427690238,,144.47787683397584,165.9551364976622,156.5761811637162,179.78056925484196,,97.65308645119572,86.69406985967339,110.92487337091856
149,UP,1.9907923416623134,1903.83,b'stride0012',b'stance0004',b'stride0009',b'stance0009',,,274.5923421946866,,,,,,,4.9780466449677965,,70.08288571870379,,,130.77751584093164,,,,12.723780735315408,,,,0.8762355427690238,,149.28185995802923,162.09810978903815,154.5857493759104,170.9377591578334,,105.01117755406963,83.81775643352071,112.29326212255306
150,UP,0.34813709407546867,2061.175,b'stride0012',b'stance0004',b'stride0009',b'stance0009',,,274.5923421946866,,,,,,,4.9780466449677965,,70.08288571870379,,,130.77751584093164,,,,12.723780735315408,,,,0.8762355427690238,,166.14245183251472,157.0223535258377,152.27109418791906,167.63512398630434,136.25859577029735,109.80879410711357,86.52937622133054,118.52589057329898
151,UP,2.200462575313253,2198.73,b'stride0012',b'stance0004',b'stride0009',b'stance0009',,,274.5923421946866,,,,,,,4.9780466449677965,,70.08288571870379,,,130.77751584093164,,,,12.723780735315408,,,,0.8762355427690238,,171.86465793185272,158.0153109060742,148.76248584503494,161.2989050235205,124.67501902674053,107.85600937652205,93.55804024567473,125.63847869411829
152,UP,3.9243165992675415,1972.99,b'stride0012',b'stance0004',b'stride0009',b'stance0009',,,274.5923421946866,,,,,,,4.9780466449677965,,70.08288571870379,,,130.77751584093164,,,,12.723780735315408,,,,0.8762355427690238,,173.73138227461243,160.9094547076933,144.0385884466877,158.1355868606016,122.86176549729728,124.80986202578245,97.23000670292932,135.24919840863703
153,UP,5.637951924451556,2246.87,b'stride0012',b'stance0004',b'stride0009',b'stance0009',,,274.5923421946866,,,,,,,4.9780466449677965,,70.08288571870379,,,130.77751584093164,,,,12.723780735315408,,,,0.8762355427690238,,179.00459268917868,154.88534435528302,143.57184905932078,148.64695836840812,128.5246172889329,130.1765649125641,101.93621747887704,139.64446196610984
154,UP,7.704911801389699,1806.035,b'stride0012',b'stance0004',b'stride0009',b'stance0009',,,274.5923421946866,,,,,,,4.9780466449677965,,70.08288571870379,,,130.77751584093164,,,,12.723780735315408,,,,0.8762355427690238,,177.2710739789192,147.444960543488,141.96925315753293,149.77203520818478,135.09211645110716,136.49605376638218,104.13388191772522,137.43957451935603
155,UP,9.280166298108242,2203.27,b'stride0012',b'stance0004',b'stride0009',b'stride0010',,,274.5923421946866,,,,,,,4.9780466449677965,,,,,130.77751584093164,,,,12.723780735315408,,,,0.8762355427690238,,178.3257108188453,147.49726114175132,144.9303228289169,138.8909084703937,133.87087249854144,151.0341512380321,104.35721136155516,143.1299370227979
156,UP,10.976136285609186,1968.1100000000001,b'stance0012',b'stance0004',b'stance0009',b'stride0010',,,,,,,,,,4.9780466449677965,53.14972432444332,,,,,,,,,,,,,,178.56021326953154,142.5576600866311,150.1042409941665,140.34248484273948,136.9869461266882,148.3841996383866,104.42530278449466,144.1606481729706
157,UP,11.924943071522023,2104.79,b'stance0012',b'stance0004',b'stance0009',b'stride0010',,,,,,,,,,4.9780466449677965,53.14972432444332,,,,,,,,,,,,,,170.78886127827545,,153.73232166719572,137.2398577032639,126.44966779549875,,100.67193082851225,146.41959575704544
158,UP,13.024540863180135,2146.825,b'stance0012',b'stance0004',b'stance0009',b'stride0010',,,,,,,,,,4.9780466449677965,53.14972432444332,,,,,,,,,,,,,,166.26389418764626,,155.84806002757352,136.20673311113558,123.57740186584007,,102.5466518330648,149.62365965198185
159,UP,14.006139734189048,1860.7,b'stance0012',b'stance0004',b'stance0009',b'stride0010',,,,,,,,,,4.9780466449677965,53.14972432444332,,,,,,,,,,,,,,161.39961216823005,,154.81315263331572,132.5308070480258,121.24791374854271,,103.46414412578767,152.9251167054847
160,UP,14.625268014938655,1979.595,b'stance0012',b'stance0004',b'stance0009',b'stance0010',,,,,,,,,,4.9780466449677965,53.14972432444332,,,,,,,,,,,,,,157.13987955308966,,163.21747676136835,140.72423975692863,121.25392201824926,,101.04428183947147,149.8421934451541
161,UP,13.260492859903536,2004.89,b'stance0012',b'stride0005',b'stance0009',b'stride0011',135.52700096535887,,,,,,,,,,53.14972432444332,,,,,,,,,,,43.571770855349854,,,143.6816094784195,,166.04551722501793,136.16156486852952,106.83803547980328,,96.7399165393925,147.6585863826563
162,UP,12.484416964850084,1758.955,b'stance0012',b'stride0005',b'stance0009',b'stride0011',135.52700096535887,,,,,,,,,,53.14972432444332,,,,,,,,,,,43.571770855349854,,,147.1232138600167,,167.8289500474539,140.5444896306093,107.34977274070884,,99.55250318543169,145.11845108276603
163,UP,11.69622015969864,1856.405,b'stance0012',b'stride0005',b'stance0009',b'stride0011',135.52700096535887,,,,,,,,,,53.14972432444332,,,,,,,,,,,43.571770855349854,,,150.90688099253484,,170.63923104508194,138.73970232828373,112.47697435071161,,98.34640801292579,139.19999314626247
164,UP,10.496043406182793,1629.71,b'stance0012',b'stride0005',b'stance0009',b'stride0011',135.52700096535887,,,,,,,,,,53.14972432444332,,,,,,,,,,,43.571770855349854,,,141.31987073431074,,170.70485240520927,152.13181518116107,116.27382629132595,,95.50498786991803,133.68929100565316
165,UP,8.778842285748794,1618.72,b'stance0012',b'stride0005',b'stance0009',b'stride0011',135.52700096535887,,,,,,,,,,53.14972432444332,,,,,,,,,,,43.571770855349854,,,142.64297133890008,,171.86221015974277,150.54862418811808,117.04949166243927,,95.77153361257908,128.33485297487456
166,UP,7.737176823632325,1622.58,b'stance0012',b'stride0005',b'stance0009',b'stride0011',135.52700096535887,,,,,,,,,,53.14972432444332,,,,,,,,,,,43.571770855349854,,,145.49510129808152,,176.1840843029357,152.64675895756244,125.31521736963279,,98.2361406705165,123.95482647881838
167,UP,5.571640502827989,1723.99,b'stance0012',b'stance0005',b'stance0009',b'stride0011',,,,,,,,,,,53.14972432444332,,,,,,,,,,,,,,142.29845418931623,153.78631899187468,176.15623994112232,152.32765042386342,125.95748657103368,,97.204304285896,110.04160672772319
168,UP,3.7518933205809617,1568.77,b'stance0012',b'stride0006',b'stance0009',b'stride0011',154.81979486560635,,,,,,,,,,53.14972432444332,,,56.75495271449077,,,,7.293445551560694,,,,-5.235811951722468,,,142.66630794480466,164.38295099878746,179.47226385491007,148.9128270578021,134.14766761722365,167.51818182465462,99.15825169345729,102.9781560307174
169,UP,2.2251915743653967,1845.085,b'stance0012',b'stride0006',b'stance0009',b'stride0011',154.81979486560635,,,,,,,,,,53.14972432444332,,,56.75495271449077,,,,7.293445551560694,,,,-5.235811951722468,,,146.1531943262378,157.3564284714835,179.12453316178204,159.25074226571127,128.91592148891493,156.4464874392982,101.74634644926766,94.64816521595515
170,UP,0.056977604944819404,1244.245,b'stance0012',b'stride0006',b'stance0009',b'stride0011',154.81979486560635,,,,,,,,,,53.14972432444332,,,56.75495271449077,,,,7.293445551560694,,,,-5.235811951722468,,,144.08482025813925,155.50305020761087,177.92646435964295,170.74543570507373,131.10491002371185,138.88022550920067,104.3946131415959,82.84348565872723
171,UP,2.0021448483201993,1375.2350000000001,b'stance0012',b'stride0006',b'stance0009',b'stride0011',154.81979486560635,,,,,,,,,,53.14972432444332,,,56.75495271449077,,,,7.293445551560694,,,,-5.235811951722468,,,149.97387554438265,159.14058091915916,170.97472776688392,176.04586645157983,144.83496182603787,128.75797838182382,110.39466921706048,75.80853666738713
172,UP,3.1954671868530227,1504.6799999999998,b'stance0012',b'stride0006',b'stance0009',b'stride0011',154.81979486560635,,,,,,,,,,53.14972432444332,,,56.75495271449077,,,,7.293445551560694,,,,-5.235811951722468,,,149.73249583427244,171.09680755298115,164.96939990959234,179.34833554341364,151.09326497088063,124.57520250613226,111.974417225602,75.2093363402588
173,UP,3.491459870799531,1809.15,b'stance0012',b'stride0006',b'stance0009',b'stride0011',154.81979486560635,,,,,,,,,,53.14972432444332,,,56.75495271449077,,,,7.293445551560694,,,,-5.235811951722468,,,148.89616547216903,179.2998761466919,162.39269637967388,177.84785999445552,152.43528574368744,123.16925172542457,115.13668927100403,74.89047907090878
174,UP,5.491893537683268,1375.245,b'stance0012',b'stride0006',b'stance0009',b'stride0011',154.81979486560635,,,,,,,,,,53.14972432444332,,,56.75495271449077,,,,7.293445551560694,,,,-5.235811951722468,,,146.45251293272946,176.65333457481594,162.69956625508692,176.83183084314635,152.74818768217838,120.82672737767908,120.42298442003298,81.10773300797031
175,UP,6.664612146252182,1140.78,b'stance0012',b'stride0006',b'stance0009',b'stride0011',154.81979486560635,,,,,,,,,,53.14972432444332,,,56.75495271449077,,,,7.293445551560694,,,,-5.235811951722468,,,147.42061194507826,172.4483963231295,158.01567311529664,177.4176274403966,151.12514787183775,127.6175738544201,123.92679067155376,89.53022586396766
176,UP,8.415235591765736,1732.9299999999998,b'stride0013',b'stride0006',b'stance0009',b'stride0011',154.81979486560635,,,,,,,,,,53.14972432444332,,,56.75495271449077,,,,7.293445551560694,,,,-5.235811951722468,,,147.29946315629815,176.50591519558708,153.90549865594667,171.76800998876297,154.5025837633623,128.08479849907215,126.2355643744362,94.86456237271013
177,UP,8.684342809934577,1577.13,b'stride0013',b'stride0006',b'stance0009',b'stride0011',154.81979486560635,,,,,,,,,,53.14972432444332,,,56.75495271449077,,,,7.293445551560694,,,,-5.235811951722468,,,151.77137408993866,167.64388646240667,152.9822989462385,177.92417039546697,157.26452803536293,137.4736886596472,132.31024134420144,105.35032506550877
178,UP,10.139485415520738,1415.72,b'stride0013',b'stance0006',b'stance0009',b'stride0011',,,,,,,,,,3.0509820122864304,53.14972432444332,,,,,,,,,,,,,,143.4680017743927,170.2118975534829,144.9124355792114,175.73313019400075,,142.85368196140763,135.41971817540795,105.18251958515627
179,UP,10.63176997757148,1362.105,b'stride0013',b'stance0006',b'stance0009',b'stance0011',,,,,,,,,,3.0509820122864304,53.14972432444332,,,,,,,,,,,,,,145.77373753949115,168.13569435629054,149.82233122389613,176.9836605478045,169.64415839602577,140.88356946716567,134.9848260536522,109.04453842695348
180,UP,12.138378530041365,1111.9850000000001,b'stance0013',b'stance0006',b'stance0009',b'stance0011',,,,,,,,,,3.0509820122864304,53.14972432444332,,,,,,,,,,,,,,151.54524446281715,171.43110523047073,142.0725196054019,179.26080323716246,,136.30851428714578,145.07722537476025,108.88121295645946
181,UP,11.92501151613456,1330.7849999999999,b'stance0013',b'stance0006',b'stance0009',b'stance0011',,,,,,,,,,3.0509820122864304,53.14972432444332,,,,,,,,,,,,,,147.86033499265437,179.13470718606936,137.510033278962,179.10917597463174,176.09647303518042,127.55669800138689,151.29058924186447,107.41166464052394
182,UP,12.552854397128186,1336.115,b'stance0013',b'stance0006',b'stride0010',b'stance0011',,,,,,,,,,3.0509820122864304,,,,,,,,,,,,,,,142.08983337352498,174.3903531761518,140.0986587384282,178.98813063567613,179.3039692903506,124.84494612085147,155.31516973789596,109.25627133293561
183,UP,13.18085145730808,1337.945,b'stride0014',b'stance0006',b'stride0010',b'stance0011',,,,,,,,,,3.0509820122864304,,,,,,,,,,,,,,,150.48468867936623,168.04768237541663,141.6646923268316,172.02735210884822,178.2332560082775,117.39461554332014,149.61435725609238,101.48158475235246
184,UP,12.886811060465476,1146.515,b'stride0014',b'stance0006',b'stride0010',b'stance0011',,,,,,,,,,3.0509820122864304,,,,,,,,,,,,,,,148.285755245207,165.07138958332985,151.29746272647938,175.86261919271186,177.26296193781738,110.21307116465435,141.60316868207204,105.80971097243443
185,UP,12.31066786233174,1444.32,b'stride0014',b'stance0006',b'stride0010',b'stance0011',,,,,,,,,,3.0509820122864304,,,,,,,,,,,,,,,144.26907833216478,163.62911599412055,147.71220094131314,170.3480652221202,176.7918292062394,106.56914807817648,139.31152334940606,103.6544164794148
186,UP,11.177638233634951,1502.875,b'stance0014',b'stance0006',b'stride0010',b'stance0011',,,,,,,,,,3.0509820122864304,,,,,,,,,,,,,,,138.7330816349147,160.43770773868525,155.70546679759588,169.94730416279342,179.10509656117537,102.80227924625405,133.04054518474908,104.43815634838506
187,UP,9.86456748394744,1611.2849999999999,b'stride0015',b'stance0006',b'stride0010',b'stance0011',,,,,,,,,,3.0509820122864304,,,,,,,,,,,,,,,131.95193155285583,156.2779626534153,154.4994223369007,169.08843067976306,,99.10824396906156,130.89981857242796,103.94360607419286
188,UP,9.132998514000775,1595.08,b'stride0015',b'stance0006',b'stride0010',b'stance0011',,,,,,,,,,3.0509820122864304,,,,,,,,,,,,,,,137.1576202884431,159.93748613870588,160.28427157790438,168.9162056911467,,95.6248125663788,125.38737942572918,97.40421086620961
189,UP,7.548224727708316,1524.19,b'stride0015',b'stance0006',b'stride0010',b'stance0011',,,,,,,,,,3.0509820122864304,,,,,,,,,,,,,,,130.6210671132409,162.58359403849482,167.28086552986815,164.6635201382524,,98.89125134823631,116.19861684753343,96.91201733418242
190,UP,6.278682786357024,1746.505,b'stride0015',b'stance0006',b'stride0010',b'stance0011',,,,,,,,,,3.0509820122864304,,,,,,,,,,,,,,,144.71570503742757,156.47994298581375,166.69137646288715,179.13049598873417,,100.10305494496755,109.56152678083185,104.68256715782188
191,UP,4.749056941310442,1677.045,b'stride0015',b'stance0006',b'stride0010',b'stance0011',,,,,,,,,,3.0509820122864304,,,,,,,,,,,,,,,142.6203267337614,163.08952238957866,168.66572101366367,179.38594739713915,,100.85051183213697,106.65664184569057,106.9936992539514
192,UP,3.716568646011325,1830.745,b'stride0015',b'stance0006',b'stride0010',b'stance0011',,,,,,,,,,3.0509820122864304,,,,,,,,,,,,,,,141.45401522524907,164.1187894950881,176.68907955061164,174.68145866837853,,101.09098793252693,100.59612464128799,111.32932463455884
193,UP,1.5906119665088454,2223.4449999999997,b'stride0015',b'stance0006',b'stride0010',b'stance0011',,,,,,,,,,3.0509820122864304,,,,,,,,,,,,,,,133.2684322408041,161.7562159303727,175.47203732999975,175.67587970541538,,100.22538095054679,94.16298497464278,114.25832687390243
194,UP,0.4652526390300693,1756.46,b'stride0015',b'stance0006',b'stride0010',b'stance0011',,,,,,,,,,3.0509820122864304,,,,,,,,,,,,,,,136.55518056545355,169.75413757175482,168.0543516139237,178.0656511059805,,115.24294765880364,92.21486700501008,117.98972313023171
195,UP,2.8847194002767367,1978.635,b'stride0015',b'stance0006',b'stride0010',b'stance0011',,,,,,,,,,3.0509820122864304,,,,,,,,,,,,,,,157.6978705406363,163.34785242666965,163.78175778286334,169.30137371723168,,113.24312037745412,88.70435505862875,123.58401569671588
196,UP,4.263631538284784,2051.91,b'stride0015',b'stance0006',b'stride0010',b'stance0011',,,,,,,,,,3.0509820122864304,,,,,,,,,,,,,,,173.42569805889192,165.43846760662674,166.16908338564988,169.27465957542472,147.27832740151155,135.57220111774404,91.50115748203615,127.06450228118646
197,UP,6.657078501216148,2508.1549999999997,b'stride0015',b'stance0006',b'stride0010',b'stance0011',,,,,,,,,,3.0509820122864304,,,,,,,,,,,,,,,168.54741718745964,165.83847261662828,157.80616724453353,152.348787003268,128.63834923809821,137.51515761060546,89.2201204904948,134.81297200327586
198,UP,8.668825402799229,1891.295,b'stride0015',b'stance0006',b'stride0010',b'stance0011',,,,,,,,,,3.0509820122864304,,,,,,,,,,,,,,,173.9268386859815,164.16140786551037,146.9625695144284,155.46899895531485,128.7805677054859,145.3572213728248,91.51693097818425,136.22868924001403
199,UP,10.416979056055226,2107.4049999999997,b'stride0015',b'stance0006',b'stride0010',b'stance0011',,,,,,,,,,3.0509820122864304,,,,,,,,,,,,,,,177.80756031451023,162.14916756483655,152.52911286237241,152.27133953937366,144.59339377358296,148.59816125567056,99.44334181436345,138.24735998640915
200,UP,12.396745415655147,2258.975,b'stride0015',b'stance0006',b'stride0010',b'stride0012',,,,,,,,,,3.0509820122864304,,,,,,,,,,,,,,,178.58427388517322,154.0604807265292,153.04432770339432,140.32775917274682,136.85558824278056,145.01748229973762,102.9581881618024,142.2855608582103
201,UP,12.950784455125358,2325.45,b'stride0015',b'stance0006',b'stride0010',b'stride0012',,,,,,,,,,3.0509820122864304,,,,,,,,,,,,,,,170.6522702162315,152.02062871571107,153.3599530540904,140.59280205984393,148.97091389076752,146.07153340527765,102.69815579171042,142.56096494074342
202,UP,15.28437745725546,1942.38,b'stance0015',b'stance0006',b'stance0010',b'stride0012',,,,,,,,,,3.0509820122864304,,,,,,,,,,,,,,,176.0716216692346,152.08516241719448,152.52736813587626,137.12203011098183,150.1807881505107,152.7941144677395,99.41326716069504,145.47295158069423
203,UP,16.83764259651906,2404.38,b'stance0015',b'stance0006',b'stance0010',b'stride0012',,,,,,,,,,3.0509820122864304,,,,,,,,,,,,,,,173.60108276636888,,165.03391435507567,142.22802671968765,150.28036936557723,,98.33682878498112,147.37120478822123
204,UP,18.40385883902394,2103.645,b'stance0015',b'stride0007',b'stance0010',b'stride0012',0.0,,,,,,,,,,,,,,,,,,,,,,,,176.36658628512347,143.92482890545725,160.41368097674882,139.35163600334977,133.23909458617936,168.19761481505682,94.96812253964335,144.8579514344195
205,UP,19.85425125015604,2069.7,b'stance0015',b'stance0007',b'stance0010',b'stride0012',,,,,,,,,,,,,,,,,,,,,,,,,170.11199247470745,,163.55900229606695,140.12340991626235,130.40451948495564,,100.95161424634519,144.0257475783971
206,UP,18.46078465048862,1661.11,b'stance0015',b'stride0008',b'stance0010',b'stride0012',259.38606853692016,,,,,,,,,,,,,,,,,,,,,15.471131884893879,,,169.94258394750165,,163.14150889075802,148.76536278353117,124.65998902152613,,99.98394487799419,139.15791442127644
207,UP,18.184234514850516,1681.645,b'stance0015',b'stride0008',b'stance0010',b'stride0012',259.38606853692016,,,,,,,,,,,,,,,,,,,,,15.471131884893879,,,158.8992198252136,,162.98384573604736,152.07673501917034,119.03215713892232,,103.87749355229717,135.3913586955374
208,UP,15.860838780811605,1992.0700000000002,b'stance0015',b'stride0008',b'stance0010',b'stride0012',259.38606853692016,,,,,,,,,,,,,,,,,,,,,15.471131884893879,,,160.71018649012623,,174.4196341427521,151.7399819289664,113.38052897061235,,104.62457225131129,127.2273930892677
209,UP,16.143052948713944,1841.99,b'stance0015',b'stride0008',b'stance0010',b'stride0012',259.38606853692016,,,,,,,,,,,,,,,,,,,,,15.471131884893879,,,152.0276425116236,,171.116852759935,146.76214074476715,106.04679322617358,,105.95078241939959,118.51640761939267
210,UP,14.391208904313231,2174.385,b'stance0015',b'stride0008',b'stance0010',b'stride0012',259.38606853692016,,,,,,,,,,,,,,,,,,,,,15.471131884893879,,,159.43389417859586,,174.21460812651435,147.29477303630094,112.8593713686382,,107.65995120566136,114.04024266690843
211,UP,12.603440017589065,2161.105,b'stance0015',b'stride0008',b'stance0010',b'stride0012',259.38606853692016,,,,,,,,,,,,,,,,,,,,,15.471131884893879,,,158.7343907109242,,173.48897198512825,155.86437832448618,117.29095143117607,,105.76421829230665,107.17199202710114
212,UP,10.263300938104095,2180.425,b'stance0015',b'stride0008',b'stance0010',b'stride0012',259.38606853692016,,,,,,,,,,,,,,,,,,,,,15.471131884893879,,,153.9852203938847,,174.79916499113057,158.8154393909847,118.40758636742376,,108.32436042865771,95.68037474497541
213,UP,7.106864174399391,2069.295,b'stance0015',b'stride0008',b'stance0010',b'stride0012',259.38606853692016,,,,,,,,,,,,,,,,,,,,,15.471131884893879,,,155.3039300880886,150.4227812016396,176.7876217145869,177.9715765856548,116.97061840538534,,116.50394455092705,86.65900127431703
214,UP,4.607443457221223,2061.505,b'stance0015',b'stride0008',b'stance0010',b'stride0012',259.38606853692016,,,,,,,,,,,,,,,,,,,,,15.471131884893879,,,151.82112958285927,162.01672094989735,179.41004419790116,177.74732715717977,123.04095656883776,,113.59092184276813,81.26354523795652
215,UP,1.567343172636214,1848.3249999999998,b'stance0015',b'stride0008',b'stance0010',b'stride0012',259.38606853692016,,,,,,,,,,,,,,,,,,,,,15.471131884893879,,,154.23160957339348,174.83412573467473,178.13175872865202,179.0968870989197,136.62421276693968,174.90325777659842,116.25528742989513,86.88493549082074
216,UP,1.292220430887511,2023.915,b'stance0015',b'stride0008',b'stance0010',b'stride0012',259.38606853692016,,,,,,,,,,,,,,,,,,,,,15.471131884893879,,,150.76692840777923,158.9765794207338,176.35368902763827,176.0346368684458,136.80545299993128,,121.04332734047154,85.99325761086718
217,UP,2.834588606336837,2278.52,b'stance0015',b'stride0008',b'stance0010',b'stride0012',259.38606853692016,,,,,,,,,,,,,,,,,,,,,15.471131884893879,,,150.42973531473632,160.40077181025043,172.04096721917315,178.42830393082366,148.0421567684969,142.8197134683548,126.75498030254093,93.25241576124094
218,UP,5.609959352946419,2053.745,b'stance0015',b'stride0008',b'stride0011',b'stride0012',259.38606853692016,,,,,,,,,,,,,,,,,,,,,15.471131884893879,,,148.23641928072064,177.49286490843593,164.60009381401235,172.87857712865002,149.52802410917528,136.95718757969138,130.3056198092462,95.17693663985133
219,UP,8.711143037016768,2101.205,b'stance0015',b'stride0008',b'stride0011',b'stride0012',259.38606853692016,,,,,,,,,,,,,,,,,,,,,15.471131884893879,,,154.42492903304426,178.54239124271922,160.8254758119326,172.72922502828368,160.24921829973806,129.19799083468166,140.26559703232346,103.74469499305314
220,UP,10.423009078546272,2409.5,b'stance0015',b'stride0008',b'stride0011',b'stride0012',259.38606853692016,,,,,,,,,,,,,,,,,,,,,15.471131884893879,,,155.68871988952145,179.81795903852722,154.9838857558711,173.75679712444372,172.11087660296,129.92514164554518,144.6939091998024,107.79373280932943
221,UP,11.967518705687183,1868.72,b'stride0016',b'stride0008',b'stride0011',b'stance0012',259.38606853692016,,,,,,,,,,,,,,,,,,,,,15.471131884893879,,,156.79802253679736,174.6775543480181,151.69006326076646,177.6479622704809,179.1871735657361,129.7241548191808,147.45507232140355,110.98959668945224
222,UP,14.173054756366554,1997.475,b'stride0016',b'stride0008',b'stride0011',b'stance0012',259.38606853692016,,,,,,,,,,,,,,,,,,,,,15.471131884893879,,,151.8013561583835,176.04229219944264,154.23080698872835,178.84367897104357,169.19819695281475,130.79794842401017,146.1464897368798,110.1919614315913
223,UP,16.090365941917526,1695.815,b'stance0016',b'stance0008',b'stride0011',b'stance0012',,,,,,,,,,3.092025534821533,,,,,,,,,,,,,,,157.73568832064663,176.55274550333104,146.91566391080633,178.52563651263733,,126.98611336990578,147.8848952258747,106.59030587560339
224,UP,17.273775250055706,1656.44,b'stride0017',b'stance0008',b'stride0011',b'stance0012',,,,,,,,,,3.092025534821533,,,,,,,,,,,,,,,148.9852567799361,178.7334037522557,149.12567648653618,177.6946193845192,,122.19290686587955,146.12500349524444,99.11473084890659
225,UP,17.473970380000907,2190.025,b'stance0017',b'stance0008',b'stride0011',b'stance0012',,,,,,,,,,3.092025534821533,,,,,,,,,,,,,,,149.4228816909493,172.24860166189796,147.5540642570126,174.9912431186395,,118.15340311531638,148.75181837036615,104.63793504982925
226,UP,17.70473164461771,1458.74,b'stance0017',b'stance0008',b'stride0011',b'stance0012',,,,,,,,,,3.092025534821533,,,,,,,,,,,,,,,146.87659856737625,163.366626420574,155.41674571403826,174.92532188107725,,120.39754805473972,,104.76645248375897
227,UP,17.04296256518208,1572.685,b'stance0017',b'stance0008',b'stride0011',b'stance0012',,,,,,,,,,3.092025534821533,,,,,,,,,,,,,,,139.28085960607902,162.593016957505,152.78757430680258,170.80558943168018,,122.06990061683156,132.96293833336625,100.61707905641512
228,UP,15.706069002907782,2027.6549999999997,b'stride0018',b'stance0008',b'stride0011',b'stance0012',,,,,,,,,,3.092025534821533,,,,,,,,,,,,,,,136.84662637307935,161.59833534848414,161.62919020783264,171.24246281487402,,124.21400100651144,123.48915778625675,100.65578196645345
229,UP,13.024761012406799,1969.005,b'stride0018',b'stance0008',b'stride0011',b'stance0012',,,,,,,,,,3.092025534821533,,,,,,,,,,,,,,,133.44456487839642,166.3495416000116,162.60625704758078,176.18547191791876,177.56694101660855,127.58303888963407,116.21924567176332,105.36106382223292
230,UP,12.987793669164404,1913.32,b'stride0018',b'stance0008',b'stride0011',b'stance0012',,,,,,,,,,3.092025534821533,,,,,,,,,,,,,,,132.81278589494332,161.46293612791325,173.01915700760247,179.09061661695065,174.58643536837457,124.69322396974098,107.7690493361303,109.74898684220837
231,UP,11.115156399894431,2635.44,b'stride0018',b'stance0008',b'stride0011',b'stance0012',,,,,,,,,,3.092025534821533,,,,,,,,,,,,,,,130.32466216624957,171.0189248370813,170.92193685559292,178.64115732954335,,128.4578388328742,103.48176800179536,113.58884694148625
232,UP,8.240940547015384,1782.115,b'stride0018',b'stance0008',b'stride0011',b'stance0012',,,,,,,,,,3.092025534821533,,,,,,,,,,,,,,,133.08420822256292,169.61879898051146,176.87892936369693,179.12430372776282,,125.9940269658661,94.46378959994536,113.08978073017286
233,UP,6.64889213221781,,b'stance0018',b'stance0008',b'stride0011',b'stance0012',,,,,,,,,,3.092025534821533,,,,,,,,,,,,,,,138.5324007665011,167.6735064109775,173.09090701886507,177.01882729587,,129.97482689209232,91.96352046235648,116.40782936121147
234,UP,4.277467239282515,,b'stance0018',b'stance0008',b'stride0011',b'stance0012',,,,,,,,,,3.092025534821533,,,,,,,,,,,,,,,141.09355502462878,167.92007054642252,162.80009451376273,175.57938838696398,,139.0308719438816,84.75770764714733,118.78469218568668
235,UP,2.1515364286489387,,b'stride0019',b'stance0008',b'stride0011',b'stance0012',,,,,,,,,,3.092025534821533,,,,,,,,,,,,,,,150.27828219877688,166.92958993148343,164.63340458613538,166.83700932416858,,140.27355747880722,82.59973850086116,123.2455960896189
236,UP,0.6974836590748907,,b'stride0019',b'stance0008',b'stride0011',b'stance0012',,,,,,,,,,3.092025534821533,,,,,,,,,,,,,,,155.46029955691873,166.29630578156568,157.86090829896455,167.60101627200268,,141.3818377634292,82.55453539562944,125.32400217861826
237,UP,2.5850009530762748,,b'stride0019',b'stance0008',b'stride0011',b'stance0012',,,,,,,,,,3.092025534821533,,,,,,,,,,,,,,,168.41405093437643,159.07115825185556,151.2849363331566,160.32430280177252,,148.70817687876013,84.54496438480172,127.11531219079174
238,UP,5.259632607711012,,b'stride0019',b'stance0008',b'stride0011',b'stride0013',,,,,,,,,,3.092025534821533,,,,,,,,,,,,,,,169.72073164210767,152.3431575412394,151.5291535852638,152.47882573824734,,154.29333217025396,87.97391590682915,129.5053776488234
239,UP,7.926202687556355,,b'stride0019',b'stance0008',b'stride0011',b'stride0013',,,,,,,,,,3.092025534821533,,,,,,,,,,,,,,,,148.8294168855719,150.62591415734167,156.52201221101458,,160.3630385447323,93.68045042607439,131.09252658875778
240,UP,8.878388787334274,,b'stride0019',b'stance0008',b'stride0011',b'stride0013',,,,,,,,,,3.092025534821533,,,,,,,,,,,,,,,,150.67275482116315,150.34970203620466,146.67972053483845,,158.9329300219299,96.82477094509272,134.7456942419782
241,UP,11.201788479463573,,b'stride0019',b'stance0008',b'stance0011',b'stride0013',,,,,,,,,,3.092025534821533,,,,,,,,,,,,,,,,138.9680710359068,155.84316625864568,149.5706430783827,,158.7304759615225,98.99766802776418,131.22363320138692
242,UP,12.47774155582016,,b'stride0019',b'stance0008',b'stance0011',b'stride0013',,,,,,,,,,3.092025534821533,,,,,,,,,,,,,,,,138.30720217991666,155.87568620218593,149.26940861765806,,164.7306571441037,100.10440317767049,129.239082370837
243,UP,13.926515518561956,,b'stride0019',b'stride0009',b'stance0011',b'stride0013',0.0,,,,,,,,,,,,,,,,,,,,,,,,,135.05622065556372,162.10497962373515,146.79839774613984,,165.50993794846457,101.37161336736837,130.11639824338909
244,UP,15.016153264660801,,b'stance0019',b'stance0009',b'stance0011',b'stride0013',,,,,,,,,,,,,,,,,,,,,,,,,,,160.19550162592682,147.73788328470232,,,98.69988682655591,126.6060212266305
245,UP,16.40723585383961,,b'stance0019',b'stance0009',b'stance0011',b'stride0013',,,,,,,,,,,,,,,,,,,,,,,,,,,161.51721968049023,154.86394708681578,,,98.79891372018366,123.75771877791607
246,UP,15.69156567518533,,b'stride0020',b'stride0010',b'stance0011',b'stride0013',,,,,,,,,,,,,,,,,,,,,,,,,,,,157.69769738228064,,,,116.29444049801211
247,UP,13.90238401528623,,b'stride0020',b'stride0010',b'stance0011',b'stride0013',,,,,,,,,,,,,,,,,,,,,,,,,,,166.06978092954006,160.773556634835,,,101.5653180274895,115.78184973298522
248,UP,13.37284432253557,,b'stance0020',b'stride0010',b'stance0011',b'stride0013',,,,,,,,,,,,,,,,,,,,,,,,,,,163.0264102847136,164.7995834469146,,,98.85457654842816,107.1461201752667
249,UP,12.540220773725821,,b'stride0021',b'stride0010',b'stance0011',b'stride0013',,,,,,,,,,,,,,,,,,,,,,,,,,,158.20923882395107,172.9978348117263,,,98.23154302902759,104.3166355396734
250,UP,,,b'stride0021',b'stride0010',b'stance0011',b'stride0013',,,,,,,,,,,,,,,,,,,,,,,,,,,164.72274874643304,171.81555689898232,,,96.18726716000903,97.78414088899612
251,UP,,,b'stride0021',b'stride0010',b'stance0011',b'stride0013',,,,,,,,,,,,,,,,,,,,,,,,,,,161.95377519274635,175.2040890688103,,,95.07748831966819,89.08423061514458
252,UP,,,b'stride0021',b'stride0010',b'stance0011',b'stride0013',,,,,,,,,,,,,,,,,,,,,,,,,,,165.97620113240717,176.7735432477641,,,96.53371812383494,79.88506189595536
253,UP,,,b'stride0021',b'stride0010',b'stance0011',b'stride0013',,,,,,,,,,,,,,,,,,,,,,,,,,,166.33698467572785,175.67160194060244,,,96.21266913133987,72.03240114754207
254,UP,,,b'stride0021',b'stride0010',b'stance0011',b'stride0013',,,,,,,,,,,,,,,,,,,,,,,,,,,167.66909906699718,175.5457952977857,,,97.64374034753098,74.91937096392246
255,UP,,,b'stride0021',b'stride0010',b'stance0011',b'stride0013',,,,,,,,,,,,,,,,,,,,,,,,,,,169.85229028454702,170.64244928015222,,,101.68334884379962,70.19525565249037
256,UP,,,b'stride0021',b'stride0010',b'stance0011',b'stride0013',,,,,,,,,,,,,,,,,,,,,,,,,,,166.82560901592552,169.8415750198188,,,101.79405766819572,69.05216580381965
257,UP,,,b'stride0021',b'stride0010',b'stance0011',b'stride0013',,,,,,,,,,,,,,,,,,,,,,,,,,,167.6662521498518,,,,103.43823420806554,
258,UP,,,b'stance0021',b'stride0010',b'stance0011',b'stride0013',,,,,,,,,,,,,,,,,,,,,,,,,,,174.64538722078711,,,,109.16689206013173,
259,UP,,,b'stride0022',b'stride0010',b'stance0011',b'stride0013',,,,,,,,,,,,,,,,,,,,,,,,,,,174.34941868245252,,,,111.06967512610564,
260,UP,,,b'stride0022',b'stride0010',b'stance0011',b'stride0013',,,,,,,,,,,,,,,,,,,,,,,,,,,173.70039855578767,,,,113.93962695867728,
261,UP,,,b'stride0022',b'stride0010',b'stance0011',b'stride0013',,,,,,,,,,,,,,,,,,,,,,,,,,,175.6676930418946,,,,121.63377151826103,
262,UP,,,b'stride0022',b'stride0010',b'stance0011',b'stride0013',,,,,,,,,,,,,,,,,,,,,,,,,,,176.4824423299271,,,,125.93063171204747,
263,UP,,,b'stance0022',b'stride0010',b'stance0011',b'stance0013',,,,,,,,,,,,,,,,,,,,,,,,,,,170.06959304157948,,,,130.11815274469097,
264,UP,,,b'stride0023',b'stride0010',b'stance0011',b'stride0014',,,,,,,,,,,,,,,,,,,,,,,,,,,173.85820908274326,,,,133.17129750080676,
265,UP,,,b'stride0023',b'stride0010',b'stance0011',b'stride0014',,,,,,,,,,,,,,,,,,,,,,,,,,,168.14003399679157,,,,137.68267190454299,
266,UP,,,b'stride0023',b'stride0010',b'stance0011',b'stance0014',,,,,,,,,,,,,,,,,,,,,,,,,,,161.66824034735933,,,,141.76886707361507,
267,UP,,,b'stance0023',b'stride0010',b'stance0011',b'stance0014',,,,,,,,,,,,,,,,,,,,,,,,,,,167.53550498621527,,,,141.98694904639524,
268,UP,,,b'stride0024',b'stride0010',b'stance0011',b'stance0014',,,,,,,,,,,,,,,,,,,,,,,,,,,168.40679858960198,,,,141.79048774921168,
269,UP,,,b'stance0024',b'stride0010',b'stance0011',b'stance0014',,,,,,,,,,,,,,,,,,,,,,,,,,,160.2244459089149,,,,145.39223881465776,
270,UP,,,b'stride0025',b'stride0010',b'stance0011',b'stance0014',,,,,,,,,,,,,,,,,,,,,,,,,,,157.81405510219437,,,,148.79182516063818,
271,UP,,,b'stride0025',b'stance0010',b'stance0011',b'stance0014',,,,,,,,,,,,,,,,,,,,,,,,,,,159.98694980081575,,,,150.26956962587576,
272,UP,,,b'stride0025',b'stance0010',b'stance0011',b'stance0014',,,,,,,,,,,,,,,,,,,,,,,,,,,153.01065209042406,,,,154.59543616776403,
273,UP,,,b'stride0025',b'stride0011',b'stance0011',b'stance0014',,,,,,,,,,,,,,,,,,,,,,,,,,,153.95860418869816,,,,152.6822981780719,
274,UP,,,b'stance0025',b'stride0011',b'stance0011',b'stance0014',,,,,,,,,,,,,,,,,,,,,,,,,,,151.99751601581252,,,,151.32055786635163,
275,UP,,,b'stance0025',b'stance0011',b'stride0012',b'stance0014',,,,,,,,,,,,,,,,,,,,,,,,,,,151.48346409915203,,,,150.37679176241556,
276,UP,,,b'stance0025',b'stride0012',b'stance0012',b'stance0014',,,,,,,,,,,,,,,,,,,,,,,,,,,151.93474284958407,,,,143.98541548594162,
277,UP,,,b'stride0026',b'stride0012',b'stride0013',b'stance0014',,,,,,,,,,,,,,,,,,,,,,,,,,,160.21332707915656,,,,139.20155139671908,
278,UP,,,b'stride0026',b'stance0012',b'stride0013',b'stance0014',,,,,,,,,,,,,,,,,,,,,,,,,,,166.82179554063742,,,,130.51626906199687,
279,UP,,,b'stride0026',b'stance0012',b'stride0013',b'stance0014',,,,,,,,,,,,,,,,,,,,,,,,,,,178.9207483349085,,,,128.75230454041989,
280,UP,,,b'stride0026',b'stance0012',b'stride0013',b'stance0014',,,,,,,,,,,,,,,,,,,,,,,,,,,168.8157263899676,,,,127.28590482437801,
281,UP,,,b'stance0026',b'stance0012',b'stride0013',b'stance0014',,,,,,,,,,,,,,,,,,,,,,,,,,,170.8456358295985,,,,117.28466379372557,
282,UP,,,b'stride0027',b'stride0013',b'stride0013',b'stance0014',,,,,,,,,,,,,,,,,,,,,,,,,,,,,,,,
283,UP,,,b'stride0027',b'stance0013',b'stride0013',b'stance0014',,,,,,,,,,,,,,,,,,,,,,,,,,,,,,,,
284,UP,,,b'stride0027',b'stance0013',b'stride0013',b'stance0014',,,,,,,,,,,,,,,,,,,,,,,,,,,,,,,,
285,UP,,,b'stride0027',b'stride0014',b'stride0013',b'stance0014',,,,,,,,,,,,,,,,,,,,,,,,,,,,,,,,
286,UP,,,b'stride0027',b'stride0014',b'stride0013',b'stance0014',,,,,,,,,,,,,,,,,,,,,,,,,,,,,,,,
287,UP,,,b'stance0027',b'stride0014',b'stride0013',b'stance0014',,,,,,,,,,,,,,,,,,,,,,,,,,,,,,,,
288,UP,,,b'stride0028',b'stride0014',b'stride0013',b'stance0014',,,,,,,,,,,,,,,,,,,,,,,,,,,,,,,,
289,UP,,,b'stride0028',b'stride0014',b'stride0013',b'stance0014',,,,,,,,,,,,,,,,,,,,,,,,,,,,,,,,
290,UP,,,b'stance0028',b'stride0014',b'stance0013',b'stance0014',,,,,,,,,,,,,,,,,,,,,,,,,,,,,,,,
291,UP,,,b'stance0028',b'stride0014',b'stance0013',b'stance0014',,,,,,,,,,,,,,,,,,,,,,,,,,,,,,,,
292,UP,,,b'stance0028',b'stride0014',b'stance0013',b'stance0014',,,,,,,,,,,,,,,,,,,,,,,,,,,,,,,,
293,UP,,,b'stance0028',b'stance0014',b'stance0013',b'stance0014',,,,,,,,,,,,,,,,,,,,,,,,,,,,,,,,
294,UP,,,b'stride0029',b'stance0014',b'stance0013',b'stance0014',,,,,,,,,,,,,,,,,,,,,,,,,,,,,,,,
295,UP,,,b'stance0029',b'stance0014',b'stance0013',b'stance0014',,,,,,,,,,,,,,,,,,,,,,,,,,,,,,,,
296,UP,,,b'stride0030',b'stride0015',b'stance0013',b'stance0014',,,,,,,,,,,,,,,,,,,,,,,,,,,,,,,,
297,UP,,,b'stance0030',b'stance0015',b'stance0013',b'stride0015',,,,,,,,,,,,,,,,,,,,,,,,,,,,,,,,
298,UP,,,b'stance0030',b'stance0015',b'stance0013',b'stride0015',,,,,,,,,,,,,,,,,,,,,,,,,,,,,,,,
299,UP,,,b'stance0030',b'stance0015',b'stance0013',b'stance0015',,,,,,,,,,,,,,,,,,,,,,,,,,,,,,,,
300,UP,,,b'stride0031',b'stride0016',b'stance0013',b'stride0016',,,,,,,,,,,,,,,,,,,,,,,,,,,,,,,,
301,UP,,,b'stride0031',b'stance0016',b'stance0013',b'stance0016',,,,,,,,,,,,,,,,,,,,,,,,,,,,,,,,
