,direction_of_climbing,body_deflection_angle,speed_PXperS,stepphase_FL,stepphase_FR,stepphase_HR,stepphase_HL,step-length_FR,step-length_FL,step-length_HR,step-length_HL,dynamics_FL,dynamics_FR,dynamics_HR,dynamics_HL,mid_stance_wrist_angles_mean_FL,mid_stance_wrist_angles_mean_FR,mid_stance_wrist_angles_mean_HR,mid_stance_wrist_angles_mean_HL,limbROM_FL,limbROM_FR,limbROM_HR,limbROM_HL,spineROM_FL,spineROM_FR,spineROM_HR,spineROM_HL,CROM_FL,CROM_FR,CROM_HR,CROM_HL,shoulder_angle_FL,shoulder_angle_FR,shoulder_angle_HR,shoulder_angle_HL,knee_angle_FL,knee_angle_FR,knee_angle_HR,knee_angle_HL,mid_stance_toe_angles_mean_fl_ti-fl_ti1,mid_stance_toe_angles_mean_fl_ti1-fl_tm,mid_stance_toe_angles_mean_fl_tm-fl_to1,mid_stance_toe_angles_mean_fr_ti-fr_ti1,mid_stance_toe_angles_mean_fr_ti1-fr_tm,mid_stance_toe_angles_mean_fr_tm-fr_to1,mid_stance_toe_angles_mean_hr_ti-hr_ti1,mid_stance_toe_angles_mean_hr_ti1-hr_tm,mid_stance_toe_angles_mean_hr_tm-hr_to1,mid_stance_toe_angles_mean_hl_ti-hl_ti1,mid_stance_toe_angles_mean_hl_ti1-hl_tm,mid_stance_toe_angles_mean_hl_tm-hl_to1
0,UP,,832.11,b'stride0001',b'stance0000',b'stride0001',b'stance0000',,131.5362614452806,2.189741487000167,,,,,,,,,,,,,,143.32564573991814,,,,,,,,139.23447751825086,,,,83.94727260391477,,,,,,,,,,,,,,,
1,UP,,832.11,b'stride0001',b'stance0000',b'stride0001',b'stance0000',,131.5362614452806,2.189741487000167,,,,,,,,,,,,,,143.32564573991814,,,,,,,,145.73700745147224,115.84609502480822,,,85.30022078572975,68.07531272129145,,,,,,,,,,,,,,
2,UP,,205.0,b'stride0001',b'stance0000',b'stance0001',b'stride0001',,131.5362614452806,,2.1845537975678586,,,,,,,,,,,,,143.32564573991814,,,,,,,,145.44723274602597,116.48130091731974,,,88.07202271277629,69.12903081164359,,,,,,,,,,,,,,
3,UP,,518.96,b'stride0001',b'stance0000',b'stance0001',b'stride0001',,131.5362614452806,,2.1845537975678586,,,,,,,,,,,,,143.32564573991814,,,,,,,,150.31791347884268,118.41109212992774,,,87.81902041964585,66.21394693762213,,,,,,,,,,,,,,
4,UP,,34.65,b'stride0001',b'stance0000',b'stance0001',b'stance0001',,131.5362614452806,,,,,,,,,,,,,,,143.32564573991814,,,,,,,,152.24863755741325,127.85301157784951,,,90.37612008896589,69.74763182634703,,,,,,,,,,,,,,
5,UP,,2328.54,b'stride0001',b'stance0000',b'stance0001',b'stance0001',,131.5362614452806,,,,,,,,,,,,,,,143.32564573991814,,,,,,,,152.4664799054246,125.10856285348504,,,95.07907829576097,71.2045439604253,,,,,,,,,,,,,,
6,UP,,606.66,b'stride0001',b'stance0000',b'stance0001',b'stride0002',,131.5362614452806,,0.0,,,,,,,,,,,,,143.32564573991814,,,,,,,,155.85807236886183,125.75167027672887,,,92.98714649159285,67.23457377927684,,,,,,,,,,,,,,
7,UP,,414.17,b'stride0001',b'stance0000',b'stride0002',b'stance0002',,131.5362614452806,0.0,,,,,,,,,,,,,,143.32564573991814,,,,,,,,156.09883009437013,120.76008017009428,,,91.70038300109928,65.07583704350856,,,,,,,,,,,,2.660341944697622,21.720866583579078,18.24219003549625
8,UP,,1408.57,b'stride0001',b'stance0000',b'stance0002',b'stance0002',,131.5362614452806,,,,,,,,,,,,,,,143.32564573991814,,,,,,,,163.07226556678037,120.48136617744615,,,97.49477194819993,64.55852840555893,,,,,,,,,,,,2.660341944697622,21.720866583579078,18.24219003549625
9,UP,,1355.46,b'stride0001',b'stride0001',b'stance0002',b'stance0002',0.0,131.5362614452806,,,,,,,,,,,,,,,143.32564573991814,,,,,,,,161.81069731374401,119.7503820897029,,,92.95542259347903,66.25430330034517,,,,,,,,,,,,2.660341944697622,21.720866583579078,18.24219003549625
10,UP,,159.64,b'stride0001',b'stance0001',b'stance0002',b'stance0002',,131.5362614452806,,,,,,,,,,,,,,,143.32564573991814,,,,,,,,162.21634412943706,122.8561230904429,,,93.16313346430158,63.4771846501033,,,,,,,,,,,,2.660341944697622,21.720866583579078,18.24219003549625
11,UP,,2119.17,b'stride0001',b'stance0001',b'stride0003',b'stance0002',,131.5362614452806,92.38508876299781,,,,,,,,,,,,,,143.32564573991814,,,,,,,,159.84956910143873,127.74470386518924,,,88.91647656348565,66.96507456649562,,,,,,,,,,,,2.660341944697622,21.720866583579078,18.24219003549625
12,UP,,284.28,b'stride0001',b'stride0002',b'stride0003',b'stance0002',0.0,131.5362614452806,92.38508876299781,,,,,,,,,,,,,,143.32564573991814,,,,,,,,158.5272372736093,120.21872201596281,,,83.17214108475805,69.16612414588407,,,,,,,,,,,,2.660341944697622,21.720866583579078,18.24219003549625
13,UP,,373.87,b'stride0001',b'stance0002',b'stride0003',b'stance0002',,131.5362614452806,92.38508876299781,,,,,,,,,,,,,,143.32564573991814,,,,,,,,171.86900329942657,120.48806878199484,,,96.20232153295312,76.84136978442447,,,,,,,,,,,,2.660341944697622,21.720866583579078,18.24219003549625
14,UP,,1082.26,b'stride0001',b'stride0003',b'stride0003',b'stance0002',0.0,131.5362614452806,92.38508876299781,,,,,,,,,,,,,,143.32564573991814,,,,,,,,170.07812159170874,123.09148025987173,,,90.3982101175841,81.31753759116262,,,,,,,,,,,,2.660341944697622,21.720866583579078,18.24219003549625
15,UP,,724.95,b'stride0001',b'stance0003',b'stride0003',b'stance0002',,131.5362614452806,92.38508876299781,,,,,,,,,,,,,,143.32564573991814,,,,,,,,176.28255679166085,122.00900278638136,,,93.489344505826,85.77000351732123,,,,,,,,,,,,2.660341944697622,21.720866583579078,18.24219003549625
16,UP,,844.13,b'stride0001',b'stance0003',b'stance0003',b'stance0002',,131.5362614452806,,,,,,,,,,,,,,,143.32564573991814,,,,,,,,,127.4786434760789,,,,97.03835018098377,,,,,,,,,,,,2.660341944697622,21.720866583579078,18.24219003549625
17,UP,,263.82,b'stride0001',b'stance0003',b'stride0004',b'stance0002',,131.5362614452806,0.0,,,,,,,,,,,,,,143.32564573991814,,,,,,,,,122.86650673272318,,,,100.89477095553991,,,,,,,,,,,,2.660341944697622,21.720866583579078,18.24219003549625
18,UP,,1370.69,b'stride0001',b'stride0004',b'stance0004',b'stance0002',0.0,131.5362614452806,,,,,,,,,,,,,,,143.32564573991814,,,,,,,,,121.33493356626659,,,,108.35373345220741,,,,,,,,,,,,2.660341944697622,21.720866583579078,18.24219003549625
19,UP,,518.865,b'stride0001',b'stance0004',b'stride0005',b'stance0002',,131.5362614452806,2.9327608734906194,,,,,,,,,,,,,,143.32564573991814,,,,,,,,,124.87332401852268,,,,118.80146213935876,,,,,,,,,,,,2.660341944697622,21.720866583579078,18.24219003549625
20,UP,9.392249734159327,479.53,b'stride0001',b'stride0005',b'stride0005',b'stride0003',0.0,131.5362614452806,2.9327608734906194,0.0,85.24965891343842,147.99095545509934,,,,,,,,,,,143.32564573991814,,,,,,,,,127.73185761001042,,,,133.44227608045043,,,,,,,,,,,,,,
21,UP,10.142123169422138,551.26,b'stride0001',b'stance0005',b'stance0005',b'stance0003',,131.5362614452806,,,63.75958594192734,,,,,,,55.44549984082368,,,,,143.32564573991814,,,,,,,,,123.86363042030167,,,,121.44271415212384,,,,,,,,,,,,16.732442120549504,13.70569123655762,14.806305164750308
22,UP,10.089923601432142,383.645,b'stride0001',b'stance0005',b'stride0006',b'stance0003',,131.5362614452806,68.6792119045191,,68.96313604433527,,,,,,,55.44549984082368,,,,,143.32564573991814,,,,,,,,,125.74424768154867,,,,131.45576813449128,,,,,,,,,,,,16.732442120549504,13.70569123655762,14.806305164750308
23,UP,11.001887567787357,201.65,b'stride0001',b'stance0005',b'stride0006',b'stance0003',,131.5362614452806,68.6792119045191,,73.06860018543843,,,,,,,55.44549984082368,,,,,143.32564573991814,,,,,,,,,128.69882849411601,,,,133.2839916050458,,,,,,,,,,,,16.732442120549504,13.70569123655762,14.806305164750308
24,UP,11.289994429257627,2054.71,b'stride0001',b'stride0006',b'stance0006',b'stance0003',13.41910811231042,131.5362614452806,,,76.63534456049594,150.64203289245467,,,,,,55.44549984082368,,,,,143.32564573991814,,,,,,,,,128.88657692042744,,,,126.31088076468035,,,,,,,,,,,,16.732442120549504,13.70569123655762,14.806305164750308
25,UP,12.58761282772133,602.5150000000001,b'stride0001',b'stride0006',b'stride0007',b'stance0003',13.41910811231042,131.5362614452806,74.65160481130292,,80.84854081976115,153.84301540565585,,,,,,55.44549984082368,,,,,143.32564573991814,,,,,,-43.472121930169294,,,120.37772207303077,,164.06092003190443,,80.99979137645013,,129.54884130503547,,,,,,,,,,16.732442120549504,13.70569123655762,14.806305164750308
26,UP,13.385640356723815,1188.53,b'stride0001',b'stance0006',b'stride0007',b'stance0003',,131.5362614452806,74.65160481130292,,74.52459714435992,,,,,,,55.44549984082368,,,,,143.32564573991814,,,,,,-43.472121930169294,,,129.6432652550617,,175.36291809027372,,91.08182229464171,,129.95701876294504,,,,,,,,,,16.732442120549504,13.70569123655762,14.806305164750308
27,UP,15.058148958179219,750.65,b'stride0001',b'stride0007',b'stride0007',b'stance0003',0.0,131.5362614452806,74.65160481130292,,83.08602155976781,146.4655769033075,,,,,,55.44549984082368,,,,,143.32564573991814,,,,,,-43.472121930169294,,,136.9445058396152,,168.49051317425779,,170.93841815599401,,127.82014872426464,,,,,,,,,,16.732442120549504,13.70569123655762,14.806305164750308
28,UP,16.430057442989373,789.48,b'stance0001',b'stance0007',b'stride0007',b'stance0003',,,74.65160481130292,,,,,,,,,55.44549984082368,,,,,,,,,,,-43.472121930169294,,,120.03097482820776,141.67332683399476,172.63287193715666,,,2.685341651998044,126.51995953159954,,,,,,,,,,16.732442120549504,13.70569123655762,14.806305164750308
29,UP,15.698382007353944,457.21,b'stride0002',b'stride0008',b'stride0007',b'stance0003',12.381639003240569,8.20370288067936,74.65160481130292,,80.482184805526,152.33627749974931,,,,,,55.44549984082368,,,,,,,,,,61.04537252882533,-43.472121930169294,,179.86804407178366,124.57351211355794,161.6571395071762,174.71109225491335,110.47148243872212,142.79353392028372,8.634134218341217,125.3336199083306,,,,,,,,,,16.732442120549504,13.70569123655762,14.806305164750308
30,UP,16.433116622822567,1111.57,b'stride0002',b'stride0008',b'stride0007',b'stance0003',12.381639003240569,8.20370288067936,74.65160481130292,,77.3506962697821,150.79521632911184,,,,,,55.44549984082368,,,,,,,,,,61.04537252882533,-43.472121930169294,,177.67697684549657,130.42916580704036,124.0382250336747,162.01845212707917,115.37278106197009,,6.298154461380051,129.8014983926795,,,,,,,,,,16.732442120549504,13.70569123655762,14.806305164750308
31,UP,17.353799962781505,1257.175,b'stance0002',b'stride0008',b'stride0007',b'stance0003',12.381639003240569,,74.65160481130292,,,148.65510792483158,,,,,,55.44549984082368,,,,,,,,,,61.04537252882533,-43.472121930169294,,177.9655427014919,134.7733336736917,136.5321108847978,166.83054348541293,118.72832779567717,139.00651478873007,6.456131904337212,128.41869640728567,,,,,,,,,,16.732442120549504,13.70569123655762,14.806305164750308
32,UP,17.38143567102517,555.61,b'stride0003',b'stride0008',b'stride0007',b'stance0003',12.381639003240569,3.5370640585917505,74.65160481130292,,81.55179984288486,148.77822069926185,,,,,,55.44549984082368,,,,,,,,,,61.04537252882533,-43.472121930169294,,176.80003821255377,139.73516221028547,133.5049488566454,166.16079349604024,,179.19589195406698,4.091552820133273,133.30781646980137,,,,,,,,,,16.732442120549504,13.70569123655762,14.806305164750308
33,UP,18.47004018826774,906.855,b'stride0003',b'stride0008',b'stride0007',b'stance0003',12.381639003240569,3.5370640585917505,74.65160481130292,,82.78549428000207,149.7544675579014,,,,,,55.44549984082368,,,,,,,,,,61.04537252882533,-43.472121930169294,,177.76765508035027,140.7288933304837,127.1620711079131,,,178.38406575950572,56.63986556306277,,,,,,,,,,,16.732442120549504,13.70569123655762,14.806305164750308
34,UP,19.312552306805525,573.345,b'stride0003',b'stance0008',b'stance0007',b'stance0003',,3.5370640585917505,,,81.81307962528733,,,,,,,55.44549984082368,,,,,,,,,,,,,175.6326204821139,128.72255811999284,133.71473228906464,167.38677451295348,117.87273358705897,176.27279602334195,57.338597120618175,136.80382831750273,,,,,,,,,,16.732442120549504,13.70569123655762,14.806305164750308
35,UP,19.558477103746636,1089.005,b'stance0003',b'stride0009',b'stride0008',b'stance0003',2.199868789000714,,3.3338234120359935,,,154.24224462055565,,,,,,55.44549984082368,,,,,,,,,,,,,171.53127166039093,129.26129455292477,123.15982464285406,155.05477197148136,112.23118704540977,178.0644319324147,56.91627704551601,140.4663418287994,,,,,,,,,,16.732442120549504,13.70569123655762,14.806305164750308
36,UP,18.493727210249304,333.17,b'stride0004',b'stride0009',b'stride0008',b'stance0003',2.199868789000714,3.8040090140816374,3.3338234120359935,,89.44299790829525,154.33931659336866,,,,,,55.44549984082368,,,,,,,,,,,,,164.56658707631334,130.08020476697132,141.23980923958487,154.09805274965998,111.40218085315246,176.47481650953924,55.735112976925336,143.1605512954171,,,,,,,,,,16.732442120549504,13.70569123655762,14.806305164750308
37,UP,18.3064509899647,989.245,b'stride0004',b'stance0009',b'stride0008',b'stance0003',,3.8040090140816374,3.3338234120359935,,92.02050022666087,,,,,,,55.44549984082368,,,,,,,,,,,,,161.06620220383041,131.9550157761474,135.58590930012664,156.18088138463668,110.61508901024308,176.7904645443599,57.16033144972607,139.57294723036784,,,,,,,,,,16.732442120549504,13.70569123655762,14.806305164750308
38,UP,19.72774261807964,523.765,b'stance0004',b'stance0009',b'stride0008',b'stride0004',,,3.3338234120359935,0.0,,,,,12.947496493654546,,,,,,,,,,,,,,,,161.56737941672606,124.34495967716887,139.38049047084294,173.0092449058378,110.94778261369935,176.51542876012633,54.04132116044785,142.26556292269316,27.21583517552135,17.671747782631567,22.71651025301408,,,,,,,,,
39,UP,19.427358703566618,1165.275,b'stance0004',b'stride0010',b'stance0008',b'stance0004',,,,,,,,,12.947496493654546,,,,,,,,,,,,,,,,159.91595616622925,122.96331062907777,141.2360002227783,159.28306513729018,112.54595323590281,176.3229963519856,57.893211579620456,134.0033837263873,27.21583517552135,17.671747782631567,22.71651025301408,,,,,,,,,
40,UP,19.93376470504409,976.54,b'stance0004',b'stride0010',b'stance0008',b'stance0004',,,,,,,,,12.947496493654546,,,,,,,,,,,,,,,,161.94510555060964,116.22430210206406,143.33242380361943,171.0186795570885,109.20418827116931,172.9585361933403,56.00889449599359,134.2336954870095,27.21583517552135,17.671747782631567,22.71651025301408,,,,,,,,,
41,UP,20.244021497962066,1074.865,b'stance0004',b'stride0010',b'stride0009',b'stance0004',,,0.0,,,,,,12.947496493654546,,,,,,,,,,,,,,,,157.01330784448686,120.47065296556723,148.9830136342208,155.92830915211576,107.46808717349187,173.4186201094372,57.08711903402063,134.80902272222838,27.21583517552135,17.671747782631567,22.71651025301408,,,,,,,,,
42,UP,19.299984217481864,663.245,b'stance0004',b'stride0010',b'stance0009',b'stride0005',,,,237.35174984074422,,,,,12.947496493654546,,,,,,,79.2815585547187,,,,10.212949038871749,,,,-5.669863438692687,155.7987479370596,117.97234737871534,144.17379379361984,151.88822793424765,106.31943347284677,177.61722890260287,58.660253297600306,137.81924239618633,27.21583517552135,17.671747782631567,22.71651025301408,,,,,,,,,
43,UP,20.046876741313124,1383.4450000000002,b'stance0004',b'stride0010',b'stance0009',b'stride0005',,,,237.35174984074422,,,,,12.947496493654546,,,,,,,79.2815585547187,,,,10.212949038871749,,,,-5.669863438692687,159.26235730927908,114.28295667960609,148.65918929910657,154.5221547076671,103.19612505339424,177.55627796146064,58.85286487090633,133.62170020988134,27.21583517552135,17.671747782631567,22.71651025301408,,,,,,,,,
44,UP,20.809668081522787,711.425,b'stance0004',b'stride0010',b'stride0010',b'stride0005',,,,237.35174984074422,,,,,12.947496493654546,,,,,,,79.2815585547187,,,,10.212949038871749,,,,-5.669863438692687,161.42993701855926,111.34507115899784,171.37355063284963,,99.63209572836082,175.9335775328752,61.61400146629374,,27.21583517552135,17.671747782631567,22.71651025301408,,,,,,,,,
45,UP,20.807204129688614,1549.46,b'stance0004',b'stride0010',b'stride0010',b'stride0005',,,,237.35174984074422,,,,,12.947496493654546,,,,,,,79.2815585547187,,,,10.212949038871749,,,,-5.669863438692687,154.61862035931296,111.34501617330967,157.33581670146663,161.10292709184344,95.33671345841475,171.43023716518783,59.816276234713925,128.5086282253924,27.21583517552135,17.671747782631567,22.71651025301408,,,,,,,,,
46,UP,19.133526235837742,1082.3200000000002,b'stance0004',b'stride0010',b'stance0010',b'stride0005',,,,237.35174984074422,,,,,12.947496493654546,,,,,,,79.2815585547187,,,,10.212949038871749,,,,-5.669863438692687,149.38820412020942,111.97349877987986,165.7209680494688,164.18487914742377,97.39417979930138,169.4909054044742,60.82303600599107,119.55295541710433,27.21583517552135,17.671747782631567,22.71651025301408,,,,,,,,,
47,UP,19.46778312002879,699.14,b'stance0004',b'stride0010',b'stride0011',b'stride0005',,,,237.35174984074422,,,,,12.947496493654546,,,,,,,79.2815585547187,,,,10.212949038871749,,,,-5.669863438692687,156.54292267091924,112.88719461259407,174.01109181471014,160.74436161426556,99.81094344404656,165.64210468905284,61.877559327451266,120.13999078011409,27.21583517552135,17.671747782631567,22.71651025301408,,,,,,,,,
48,UP,19.45338545924066,2298.43,b'stride0005',b'stride0010',b'stride0011',b'stride0005',,0.0,,237.35174984074422,118.14261819504952,,,,,,,,,,,79.2815585547187,,,,10.212949038871749,,,,-5.669863438692687,157.2401136231502,112.84850256290329,171.38393906669907,159.0549002915845,96.70985091043217,172.56967687600007,61.297044319710594,115.77581980513516,,,,,,,,,,,,
49,UP,19.3147759938346,1512.75,b'stance0005',b'stride0010',b'stance0011',b'stride0005',,,,237.35174984074422,,,,,,,,,,,,79.2815585547187,,,,10.212949038871749,,,,-5.669863438692687,156.1328418638033,113.43974788093806,166.04229639598478,159.4508736381809,95.65191475918334,166.42674969023386,67.07847146075034,106.4048401366258,,,,,,,,,,,,
50,UP,18.286549022878543,982.77,b'stance0005',b'stride0010',b'stance0011',b'stride0005',,,,237.35174984074422,,,,,,,,,,,,79.2815585547187,,,,10.212949038871749,,,,-5.669863438692687,155.857100560317,107.04039242423558,174.62732561201835,163.09319343185254,92.90188646825985,161.5666501047477,68.9075057567074,100.09562214519718,,,,,,,,,,,,
51,UP,16.905341901529436,2051.135,b'stance0005',b'stride0010',b'stride0012',b'stride0005',,,,237.35174984074422,,,,,,,,,,,,79.2815585547187,,,,10.212949038871749,,,,-5.669863438692687,152.71822569081237,109.68521792428758,178.67340169477623,161.79098544951697,90.23640901465774,154.20350491189208,70.50217973006774,98.74701440612945,,,,,,,,,,,,
52,UP,17.288629204811283,1149.045,b'stride0006',b'stride0010',b'stance0012',b'stride0005',,0.0,,237.35174984074422,129.37823357499744,,,,,,,,,,,79.2815585547187,,,,10.212949038871749,,,,-5.669863438692687,152.0054235878698,120.75551533000696,178.5949933533173,176.54585007580758,96.73889393962143,146.3408611681401,74.12182781677943,83.84879035001434,,,,,,,,,,,,
53,UP,16.944346051817128,1624.835,b'stance0006',b'stride0010',b'stance0012',b'stride0005',,,,237.35174984074422,,,,,,,,,,,,79.2815585547187,,,,10.212949038871749,,,,-5.669863438692687,155.62277632493036,123.1517737912449,179.30703249544092,177.4055244996689,93.62971404620147,141.75778545715394,80.00732959468363,79.9482403743459,,,,,,,,,,,,
54,UP,14.784448858397395,1579.8600000000001,b'stance0006',b'stride0010',b'stride0013',b'stride0005',,,,237.35174984074422,,,,,,,,,,,,79.2815585547187,,,,10.212949038871749,,,,-5.669863438692687,150.50696977906478,101.01952828772005,179.39447760083087,178.99681713960567,82.38138762583051,131.20084354205972,85.07166490234302,70.84338007112159,,,,,,,,,,,,
55,UP,11.92523415637309,1940.295,b'stride0007',b'stride0010',b'stance0013',b'stride0005',,11.474406428063993,,237.35174984074422,143.64049467874503,,,,,,,,,,,79.2815585547187,,,,10.212949038871749,,,,-5.669863438692687,145.51760396630763,111.76497839692499,175.35406392894288,175.025935462051,77.85535784291865,133.63879910823894,93.20960693324467,67.04750604715719,,,,,,,,,,,,
56,UP,10.561266598291489,1750.06,b'stride0007',b'stride0010',b'stance0013',b'stride0005',,11.474406428063993,,237.35174984074422,146.09269066907072,,,,,,,,,,,79.2815585547187,,,,10.212949038871749,,,,-5.669863438692687,139.4845653175231,116.7983100318026,175.36038034411897,163.62552618358504,76.34645129237583,130.22010734848453,98.65967693103826,64.32048968995399,,,,,,,,,,,,
57,UP,10.629869417723665,1175.215,b'stride0007',b'stride0010',b'stance0013',b'stride0005',,11.474406428063993,,237.35174984074422,145.0542619959464,,,,,,,,,,,79.2815585547187,,,,10.212949038871749,,,,-5.669863438692687,138.7464978990677,126.80136042482428,169.98331485462705,160.02741399307396,70.6904038856955,124.86880513291757,103.94905089733358,60.70993082468314,,,,,,,,,,,,
58,UP,8.651903145763033,1389.0749999999998,b'stance0007',b'stride0010',b'stance0013',b'stride0005',,,,237.35174984074422,,,,,,,,,,,,79.2815585547187,,,,10.212949038871749,,,,-5.669863438692687,140.1368056995618,134.11290938764088,169.6659656069599,152.14652328978642,63.866690813705844,129.61601346464818,106.44056354585416,58.52842506547992,,,,,,,,,,,,
59,UP,6.492618084131314,1479.045,b'stride0008',b'stride0010',b'stride0014',b'stride0005',,5.249204650434379,,237.35174984074422,144.99105203226193,,,,,,,,,,,79.2815585547187,,,,10.212949038871749,,,,-5.669863438692687,145.8465344618913,147.94140499682874,167.37916568077787,143.14668511514452,75.22593302162404,,110.00416576378946,56.65097000703312,,,,,,,,,,,,
60,UP,6.282560748426789,1185.4099999999999,b'stride0008',b'stride0010',b'stance0014',b'stride0005',,5.249204650434379,,237.35174984074422,150.30372048302664,,,,,,,,,,,79.2815585547187,,,,10.212949038871749,,,,-5.669863438692687,136.80864943763567,143.20274643180937,151.05499791561354,140.74250064308205,,112.41420507629256,121.20631420341523,55.770733569102234,,,,,,,,,,,,
61,UP,4.251045944227861,1656.145,b'stride0008',b'stride0010',b'stride0015',b'stride0005',,5.249204650434379,,237.35174984074422,153.50633068652513,,,,,,,,,,,79.2815585547187,,,,10.212949038871749,,,,-5.669863438692687,136.02290868939886,151.568735312065,160.79442321227114,143.57587342614747,54.8820657812082,113.66548867218428,117.79430514880106,63.988559222146094,,,,,,,,,,,,
62,UP,2.890877365493905,1452.13,b'stance0008',b'stride0010',b'stride0015',b'stride0005',,,,237.35174984074422,,,,,,,,,,,,79.2815585547187,,,,10.212949038871749,,,,-5.669863438692687,136.8251772855181,158.2164966659879,159.21035556268868,140.71607841843414,64.94787596200365,115.29683557057496,127.8932666821369,67.71757212278783,,,,,,,,,,,,
63,UP,1.6646659464543125,1304.15,b'stance0008',b'stride0010',b'stride0015',b'stride0005',,,,237.35174984074422,,,,,,,,,,,,79.2815585547187,,,,10.212949038871749,,,,-5.669863438692687,131.1560393850096,167.26164492440836,157.84274276863013,141.58217490129067,70.8332164279828,116.33231398116482,123.49856674930281,71.88059998248394,,,,,,,,,,,,
64,UP,0.6425600412533283,964.7750000000001,b'stride0009',b'stride0010',b'stride0015',b'stride0005',,240.21774976450382,,237.35174984074422,156.5382959574471,,,,,,,,49.601971857427785,,,79.2815585547187,13.451823479636992,,,10.212949038871749,35.117494641065285,,,-5.669863438692687,137.00355571911425,171.92651789380673,162.0649847331294,149.8116755821799,,116.56129623609792,121.9595887600476,73.73482464797232,,,,,,,,,,,,
65,UP,1.2577212347407893,937.4300000000001,b'stride0009',b'stride0010',b'stance0015',b'stride0005',,240.21774976450382,,237.35174984074422,152.05444318541527,,,,,,,,49.601971857427785,,,79.2815585547187,13.451823479636992,,,10.212949038871749,35.117494641065285,,,-5.669863438692687,139.89117080751763,172.69104029996808,156.69236727444897,151.6764965371395,,,122.03327722234123,69.54786340650521,,,,,,,,,,,,
66,UP,3.6683686049308815,1249.5349999999999,b'stride0009',b'stride0010',b'stride0016',b'stance0005',,240.21774976450382,,,152.74700985428666,,,,,,,,49.601971857427785,,,,13.451823479636992,,,,35.117494641065285,,,,138.8820726194195,168.14704742641072,156.63869054982217,160.90178338784557,,108.95550101590209,126.49821505722136,64.23222955691026,,,,,,,,,,,,
67,UP,5.500166533466814,1492.96,b'stride0009',b'stride0010',b'stride0016',b'stance0005',,240.21774976450382,,,151.49856284094685,,,,,,,,49.601971857427785,,,,13.451823479636992,,,,35.117494641065285,,,,141.35987018711708,167.8955383883102,159.89199661713104,161.31526074461738,,,125.43627666159156,68.63407326651735,,,,,,,,,,,,
68,UP,6.198699998731356,847.55,b'stride0009',b'stance0010',b'stride0016',b'stance0005',,240.21774976450382,,,150.01984086807374,,,,,,,,49.601971857427785,,,,13.451823479636992,,,,35.117494641065285,,,,139.40124606238905,169.23720750312526,164.21391173877214,167.1679536904542,,110.2332741067652,125.8134539349778,69.41431089361934,,,,,,,,,,,,
69,UP,6.748327349339082,854.0450000000001,b'stride0009',b'stride0011',b'stride0016',b'stride0006',,240.21774976450382,,0.0,148.9425164066105,,,,,,,,49.601971857427785,,,,13.451823479636992,,,,35.117494641065285,,,,135.06300863721214,163.56120275709023,166.0764329706752,159.8824705818219,,112.40732328711492,123.50335680144865,61.091039807080364,,,,,,,,,,,,
70,UP,6.4138739456090414,1612.62,b'stride0009',b'stride0011',b'stride0016',b'stance0006',,240.21774976450382,,,150.57429951002564,,,,,,,,49.601971857427785,,,,13.451823479636992,,,,35.117494641065285,,,,135.32608098102975,159.39251277884875,167.37398432430456,162.77959030807872,,105.71319166453812,124.5616669525458,61.26374462062846,,,,,,,,,,,,
71,UP,5.8533431481019536,1457.805,b'stride0009',b'stride0011',b'stride0016',b'stride0007',,240.21774976450382,,0.0,150.5086727792185,,,,,,,,49.601971857427785,,,,13.451823479636992,,,,35.117494641065285,,,,136.4111831525671,158.72495951578315,157.49021517470268,159.95749396602596,,107.8822123349291,127.88679118008633,57.15735733496916,,,,,,,,,,,,
72,UP,5.440301225342718,892.735,b'stride0009',b'stance0011',b'stride0016',b'stance0007',,240.21774976450382,,,151.99847642351506,,,,,,,,49.601971857427785,,,,13.451823479636992,,,,35.117494641065285,,,,130.93653426337409,169.01026039137994,163.45020892027742,166.77395491642642,,120.02369262330606,119.1843379946016,55.75900786719873,,,,,,,,,,,,
73,UP,5.238840987634614,765.785,b'stride0009',b'stride0012',b'stride0016',b'stance0007',,240.21774976450382,,,150.50103396639688,,,,,,,,49.601971857427785,,,,13.451823479636992,,,,35.117494641065285,,,,133.82858643488555,165.00961728693295,171.96484335619283,168.5649832458542,,114.68665993943213,113.29636729065513,57.69708814757388,,,,,,,,,,,,
74,UP,4.382957665222446,958.025,b'stride0009',b'stance0012',b'stride0016',b'stride0008',,240.21774976450382,,0.0,146.11381330902566,,,,,,,,49.601971857427785,,,,13.451823479636992,,,,35.117494641065285,,,,138.4032961408845,159.54228408830318,165.13938238253445,170.1843638145699,147.32271409935103,111.20822668818437,107.28013199084904,55.13123411195275,,,,,,,,,,,,
75,UP,3.2494597503244402,1620.865,b'stride0009',b'stance0012',b'stride0016',b'stance0008',,240.21774976450382,,,147.4638139910907,,,,,,,,49.601971857427785,,,,13.451823479636992,,,,35.117494641065285,,,,130.02023485200436,161.43151164066427,168.60650534441297,170.39260374624754,151.73551443822413,118.87698292350234,103.07486237104594,57.34246421833532,,,,,,,,,,,,
76,UP,3.088472546579698,1247.9299999999998,b'stride0009',b'stance0012',b'stride0016',b'stride0009',,240.21774976450382,,2.3987745229195285,144.77164962261907,,,,,,,,49.601971857427785,,,,13.451823479636992,,,,35.117494641065285,,,,134.90518967012744,156.829879797185,169.23068270450295,173.41510072562193,153.8659261414345,118.43338476519958,99.18485751218067,58.79004323038248,,,,,,,,,,,,
77,UP,2.5641307311597474,1491.195,b'stride0009',b'stance0012',b'stride0016',b'stride0009',,240.21774976450382,,2.3987745229195285,142.7493017426652,,,,,,,,49.601971857427785,,,,13.451823479636992,,,,35.117494641065285,,,,136.86091645181185,150.38925629183325,172.61709991053567,171.25208989356253,156.91312300615118,116.07525924163588,93.15497485583583,58.692958738405366,,,,,,,,,,,,
78,UP,1.526447560762491,1406.4299999999998,b'stride0009',b'stride0013',b'stride0016',b'stance0009',,240.21774976450382,,,140.36576975850474,,,,,,,,49.601971857427785,,,,13.451823479636992,,,,35.117494641065285,,,,139.13235766194717,142.94824209504247,166.5790870650231,177.52365160330518,164.8525361214577,110.04639105850848,95.88105710028258,62.90528290882497,,,,,,,,,,,,
79,UP,2.2007199649170843,1222.955,b'stride0009',b'stride0013',b'stride0016',b'stance0009',,240.21774976450382,,,135.7361812709433,,,,,,,,49.601971857427785,,,,13.451823479636992,,,,35.117494641065285,,,,138.51630088219173,150.87287366743755,174.53933818510404,175.60595521490544,171.12939837627195,117.9609025118488,88.98551113170879,66.26589039865921,,,,,,,,,,,,
80,UP,1.06798958881555,1681.28,b'stride0009',b'stride0013',b'stride0016',b'stance0009',,240.21774976450382,,,130.98515312602095,,,,,,,,49.601971857427785,,,,13.451823479636992,,,,35.117494641065285,,,,148.7271357637698,149.84432312858542,170.45795498185237,177.90485018178794,175.88417510293976,121.62689398894142,77.97079937411016,70.09444453373845,,,,,,,,,,,,
81,UP,1.3139404428895018,1420.19,b'stride0009',b'stride0013',b'stride0016',b'stride0010',,240.21774976450382,,,123.4092834294275,,,,,,,,49.601971857427785,,,,13.451823479636992,,,,35.117494641065285,,,,152.02930322121333,147.74167359127355,177.45906498599675,176.27159401112038,177.0301789583222,117.70818901797492,78.69539988520917,73.3956510357369,,,,,,,,,,,,
82,UP,0.3445178909951875,1799.025,b'stride0009',b'stride0013',b'stride0016',b'stance0010',,240.21774976450382,,,116.72730745667104,,,,,,,,49.601971857427785,,,,13.451823479636992,,,,35.117494641065285,,,,161.29026007584594,138.53587197231033,176.10120649621126,179.49745440201542,179.08976324752425,121.57841298138587,77.69839565465132,76.83347503641043,,,,,,,,,,,,
83,UP,0.698725559030516,2178.165,b'stride0009',b'stride0013',b'stride0016',b'stance0010',,240.21774976450382,,,116.96640760846599,,,,,,,,49.601971857427785,,,,13.451823479636992,,,,35.117494641065285,,,,161.7694877870943,143.46012752904048,177.4531957943214,177.32135584085174,169.31407474874902,119.31849172552712,78.20941574190329,80.4265914388355,,,,,,,,,,,,
84,UP,1.1339876403255686,1126.25,b'stride0009',b'stride0013',b'stride0016',b'stride0011',,240.21774976450382,,,111.24843622986943,,,,,,,,49.601971857427785,,,,13.451823479636992,,,,35.117494641065285,,,,158.15300093706696,143.49345331891357,172.90203945606547,165.68027191326354,160.70680495835515,135.50332344546777,72.32653999625624,85.90812737864435,,,,,,,,,,,,
85,UP,1.4433864430146905,1871.255,b'stride0009',b'stance0013',b'stride0016',b'stride0011',,240.21774976450382,,,110.1062400249435,,,,,,,,49.601971857427785,,,,13.451823479636992,,,,35.117494641065285,,,,159.5723128511075,141.40056730689847,168.64118050926882,171.9524739925926,140.36327501915693,139.24815626027356,70.80624211156116,85.88009632476634,,,,,,,,,,,,
86,UP,1.983511771412892,1000.975,b'stride0009',b'stride0014',b'stride0016',b'stride0011',,240.21774976450382,,,107.60392075672304,,,,,,,,49.601971857427785,,,,13.451823479636992,,,,35.117494641065285,,,,161.1289448145066,132.4561372412876,165.2823405159721,159.65649410814504,134.07894209038827,141.7179842657012,70.36116460869987,97.17987253903588,,,,,,,,,,,,
87,UP,1.968023138159205,2050.485,b'stride0009',b'stride0014',b'stride0016',b'stride0011',,240.21774976450382,,,98.84593856735164,,,,,,,,49.601971857427785,,,,13.451823479636992,,,,35.117494641065285,,,,169.44927443462342,127.92267953326271,165.27179210280303,164.2904587163815,135.9723967630905,147.72473574152284,71.87205099893856,100.85262092449604,,,,,,,,,,,,
88,UP,2.4539153021104205,1013.57,b'stride0009',b'stance0014',b'stride0016',b'stride0011',,240.21774976450382,,,95.67467355850467,,,,,,,,49.601971857427785,,,,13.451823479636992,,,,35.117494641065285,,,,170.94305815984274,130.2178465767601,156.10270365014884,156.2504854970351,127.92805979570096,147.5527918750678,67.83277562615083,106.34595482577468,,,,,,,,,,,,
89,UP,4.291459811386914,1544.525,b'stride0009',b'stride0015',b'stride0016',b'stride0011',,240.21774976450382,,,95.31778673426334,,,,,,,,49.601971857427785,,,,13.451823479636992,,,,35.117494641065285,,,,171.4735508842873,133.390880424861,147.78360247333364,154.17621824691176,123.53407179427205,154.43345191999407,66.78756836721847,106.38727648166457,,,,,,,,,,,,
90,UP,4.525610886914836,1016.81,b'stride0009',b'stance0015',b'stride0016',b'stance0011',,240.21774976450382,,,93.69669332468348,,,,,,,,49.601971857427785,,,,13.451823479636992,,,,35.117494641065285,,,,170.56002598532032,129.95410700229803,143.13262368127906,147.08939787145826,128.14759226621004,155.02653252689745,62.14896149375599,111.97608552159367,,,,,,,,,,,,
91,UP,5.412200262540946,1231.6,b'stance0009',b'stance0015',b'stride0016',b'stride0012',,,,,,,,,,,,,,,,,,,,,,,,,170.1420648289274,132.4641687923128,134.92427937330575,154.80010109061612,136.45036657064077,167.47877577464266,59.82059210616646,115.21184384931064,,,,,,,,,,,,
92,UP,5.959010921786139,1064.65,b'stride0010',b'stance0015',b'stride0016',b'stride0012',,,,,,,,,,,,,,,,,,,,,,,,,169.1356077852513,126.12303157349646,138.97438856062737,148.54125792254072,138.71046345697152,169.37297983883053,59.40435100201624,119.0502758979641,,,,,,,,,,,,
93,UP,5.589032070198954,655.105,b'stride0010',b'stride0016',b'stride0016',b'stride0012',,,,,,,,,,,,,,,,,,,,,,,,,162.18397301239938,122.90539976898947,141.9757397012714,150.37826225751348,133.56151047349806,173.38706366973702,59.71757381185189,110.87025955911402,,,,,,,,,,,,
94,UP,5.369901136005087,552.505,b'stance0010',b'stance0016',b'stride0016',b'stride0012',,,,,,,,,,,,,,,,,,,,,,,,,157.03639287241063,123.7448557863811,138.84496574630737,156.56485261847328,134.22200362146486,174.6131738413882,71.50017060519771,102.03757651572951,,,,,,,,,,,,
95,UP,5.388567761004376,736.55,b'stance0010',b'stance0016',b'stance0016',b'stride0012',,,,,,,,,,,,,,,,,,,,,,,,,163.0348224269055,123.54945814506807,140.98709204463682,163.6234236647321,139.9533886849889,177.7696944445401,72.51391450058564,95.49370152501027,,,,,,,,,,,,
96,UP,4.8246917724549565,808.2,b'stance0010',b'stance0016',b'stance0016',b'stride0012',,,,,,,,,,,,,,,,,,,,,,,,,161.77412692993096,125.66586682551606,147.68987476500655,162.80107268831208,141.48603695106053,177.02345794247012,,89.90628463055302,,,,,,,,,,,,
97,UP,4.109714900302102,464.29499999999996,b'stance0010',b'stance0016',b'stride0017',b'stride0012',,,,,,,,,,,,,,,,,,,,,,,,,162.17588815462017,121.55148505965319,150.42496278862353,178.1753245672692,146.19700948290708,179.6326823220459,,82.5903874988091,,,,,,,,,,,,
98,UP,4.54027628792053,774.47,b'stance0010',b'stride0017',b'stride0017',b'stride0012',,,,,,,,,,,,,,,,,,,,,,,,,164.4388538409811,118.31574172310768,149.67659509200868,175.89696511028296,144.67946403224855,177.00585925984518,,75.5380260656914,,,,,,,,,,,,
99,UP,4.267835636644259,408.52,b'stance0010',b'stance0017',b'stance0017',b'stride0012',,,,,,,,,,,,,,,,,,,,,,,,,167.0126077646615,112.82974701709922,146.63426138473488,176.45826642760497,143.43160002348105,172.92752880508033,,71.51751374088086,,,,,,,,,,,,
100,UP,3.3697086270536847,447.04499999999996,b'stance0010',b'stance0017',b'stride0018',b'stride0012',,,,,,,,,,,,,,,,,,,,,,,,,164.19073805744267,113.31620430143496,144.2713501795642,169.46007968630164,146.686959426731,175.86108251087543,61.742582858480645,64.66004361254708,,,,,,,,,,,,
101,UP,2.454486577303831,568.215,b'stance0010',b'stride0018',b'stride0018',b'stride0012',,,,,,,,,,,,,,,,,,,,,,,,,165.87481382625762,116.27956301608913,141.34471629184583,168.69777186516077,145.6661737018519,172.49376585788386,,62.23400565839566,,,,,,,,,,,,
102,UP,1.1465734589319354,570.405,b'stance0010',b'stance0018',b'stance0018',b'stride0012',,,,,,,,,,,,,,,,,,,,,,,,,159.36448209151786,120.5538937583739,144.29042200582242,164.79178731244934,142.9113962319713,171.11280085577764,60.7988713759424,58.23918818567782,,,,,,,,,,,,
103,UP,0.06247980799035169,263.225,b'stance0010',b'stride0019',b'stance0018',b'stride0012',,,,,,,,,,,,,,,,,,,,,,,,,158.5036127996172,118.37733467770576,141.65126884083088,160.96433485303208,138.81319527152462,160.8591298481765,,55.826203907655696,,,,,,,,,,,,
104,UP,1.0954144129050423,427.505,b'stance0010',b'stride0019',b'stance0018',b'stride0012',,,,,,,,,,,,,,,,,,,,,,,,,161.31023300972166,117.60908588549162,144.07419860130165,154.76162874690593,141.90455447970822,163.30250956941416,58.89720698764194,52.209453289851595,,,,,,,,,,,,
105,UP,1.5966226704981645,246.095,b'stance0010',b'stride0019',b'stance0018',b'stride0012',,,,,,,,,,,,,,,,,,,,,,,,,161.1422750534444,121.95444031851304,140.87590268004985,153.348703671361,139.657934253304,165.06186959718258,55.19423323952711,52.04256569916025,,,,,,,,,,,,
106,UP,1.8444986120681088,684.13,b'stance0010',b'stride0019',b'stance0018',b'stride0012',,,,,,,,,,,,,,,,,,,,,,,,,161.02130626767985,120.81044475492055,141.26888144030437,153.59567191606382,138.0416939677614,,,50.35676238694549,,,,,,,,,,,,
107,UP,3.4744268085417565,579.1700000000001,b'stance0010',b'stride0019',b'stance0018',b'stride0012',,,,,,,,,,,,,,,,,,,,,,,,,150.95363754027642,133.48449115266817,,145.42289937168962,133.31147639270125,165.43851218649644,,51.58219788921156,,,,,,,,,,,,
108,UP,4.427712389584773,320.225,b'stance0010',b'stride0019',b'stance0018',b'stride0012',,,,,,,,,,,,,,,,,,,,,,,,,161.0237585336253,140.487851700311,160.05586350404826,151.00588568062412,132.6312687876218,147.32639512484684,73.42528386058773,52.9724531846788,,,,,,,,,,,,
109,UP,5.3463573744932695,677.38,b'stance0010',b'stride0019',b'stride0019',b'stride0012',,,,,,,,,,,,,,,,,,,,,,,,,152.3484563415689,136.8591337865333,,150.71049750998327,126.51916880351519,138.9367607474925,,52.54363212819048,,,,,,,,,,,,
110,UP,6.288832393509384,364.415,b'stance0010',b'stride0019',b'stride0019',b'stride0012',,,,,,,,,,,,,,,,,,,,,,,,,154.57303049310428,143.87405267909227,157.77662785176898,146.76102031666727,123.37607892937277,133.67592072468534,71.40350411463845,52.2990787790431,,,,,,,,,,,,
111,UP,5.6594040688753395,491.03499999999997,b'stance0010',b'stride0019',b'stride0019',b'stride0012',,,,,,,,,,,,,,,,,,,,,,,,,150.20440843136564,138.49474565254332,159.2944237927768,146.85040747130884,118.05956712783768,110.91734973684679,73.10861320437488,53.2002565614315,,,,,,,,,,,,
112,UP,6.111333423825037,471.33000000000004,b'stance0010',b'stride0019',b'stance0019',b'stance0012',,,,,,,,,,,,,,,,,,,,,,,,,154.03669670468312,141.5875050308396,,148.7695273975144,116.30149050417842,97.81358747146875,,54.04692359326542,,,,,,,,,,,,
113,UP,6.248506994586388,813.845,b'stance0010',b'stride0019',b'stance0019',b'stride0013',,,,,,,,,,,,,,,,,,,,,,,,,151.52368954890093,143.07008553962652,,149.522918933232,112.57794216958972,87.3793898303992,,54.3520758432241,,,,,,,,,,,,
114,UP,7.521819612940822,198.685,b'stance0010',b'stride0019',b'stride0020',b'stride0013',,,,,,,,,,,,,,,,,,,,,,,,,154.23401284341494,151.2251314466729,158.33894513870916,149.3837066817547,110.47243715935944,88.0474585681413,68.35152995253432,55.11517713558135,,,,,,,,,,,,
115,UP,8.595594841777473,272.03000000000003,b'stance0010',b'stride0019',b'stride0020',b'stride0013',,,,,,,,,,,,,,,,,,,,,,,,,146.82352272517352,156.18226844584652,160.23182585937414,148.82525990390354,102.72896464491754,97.42047626685593,,54.345273394258086,,,,,,,,,,,,
116,UP,9.053339077608051,393.7,b'stance0010',b'stance0019',b'stride0020',b'stance0013',,,,,,,,,,,,,,,,,,,,,,,,,149.09284438023286,157.94545566601005,162.84832902120488,149.9572050592551,102.6200990048316,97.1364074806833,,54.367634434467135,,,,,,,,,,,,
117,UP,9.386831796062841,368.63,b'stance0010',b'stance0019',b'stride0020',b'stance0013',,,,,,,,,,,,,,,,,,,,,,,,,147.06922168427099,158.85268668900275,163.200901423692,152.17509655524114,97.56527248376555,98.82717651608556,70.17909786376164,54.729975047503885,,,,,,,,,,,,
118,UP,9.812850436528965,668.935,b'stance0010',b'stance0019',b'stride0020',b'stance0013',,,,,,,,,,,,,,,,,,,,,,,,,146.64234036620405,157.31178510570732,165.51766839387605,151.587463408356,97.96277513928541,98.75528761725745,66.37809700867747,54.90914123710084,,,,,,,,,,,,
119,UP,10.152832278032225,531.325,b'stance0010',b'stance0019',b'stride0020',b'stride0014',,,,,,,,,,,,,,,,,,,,,,,,,146.96854542324905,155.48056195404212,162.11475465114785,150.6355756100986,97.07075021162034,98.83140125361284,,56.51286212770442,,,,,,,,,,,,
120,UP,10.20285153875322,257.585,b'stance0010',b'stance0019',b'stride0020',b'stance0014',,,,,,,,,,,,,,,,,,,,,,,,,148.38193078428588,153.27210635776606,164.31755977442714,150.33456373490017,95.18799978633804,96.95399069888121,65.69622137863652,55.14592246675144,,,,,,,,,,,,
121,UP,10.339422426223718,505.18999999999994,b'stance0010',b'stance0019',b'stance0020',b'stance0014',,,,,,,,,,,,,,,,,,,,,,,,,144.7658530950885,152.18470054889843,164.42011886366862,152.07723784759827,91.23046616264394,97.51795763280548,66.37258396408168,55.17680110562971,,,,,,,,,,,,
122,UP,9.956646054761313,198.14999999999998,b'stance0010',b'stance0019',b'stance0020',b'stance0014',,,,,,,,,,,,,,,,,,,,,,,,,148.07010502741554,151.78442958707396,164.0641892342792,151.86059929279335,91.09000071323139,96.14720748304401,66.58587138097742,54.81571786992484,,,,,,,,,,,,
123,UP,10.035044033228779,274.03000000000003,b'stance0010',b'stance0019',b'stance0020',b'stance0014',,,,,,,,,,,,,,,,,,,,,,,,,144.72671291670136,153.6088618275007,164.55080138076173,152.99460140870343,89.50212466922888,98.77423896773855,68.07628360611577,54.35448040472343,,,,,,,,,,,,
124,UP,9.435995667757988,312.38,b'stance0010',b'stance0019',b'stride0021',b'stance0014',,,,,,,,,,,,,,,,,,,,,,,,,146.93758814464624,159.9628110984696,162.6101349871538,153.2014110399935,90.70793154507986,102.91254776302459,65.02264955245136,53.90017719348728,,,,,,,,,,,,
125,UP,9.347981150605111,163.05,b'stance0010',b'stance0019',b'stride0021',b'stance0014',,,,,,,,,,,,,,,,,,,,,,,,,145.33828745938942,156.5630316182062,164.53311627875235,157.07005922861717,91.75976183677123,101.88846012486292,68.29481275409582,54.814792503991455,,,,,,,,,,,,
126,UP,9.238944477727426,348.385,b'stance0010',b'stance0019',b'stride0021',b'stance0014',,,,,,,,,,,,,,,,,,,,,,,,,146.88051666510083,158.41584992499654,167.5543193818833,159.33527423706525,94.42578093042147,104.19377782304838,71.41620268971155,56.29411527917338,,,,,,,,,,,,
127,UP,9.067332104474126,507.24,b'stance0010',b'stance0019',b'stride0021',b'stance0014',,,,,,,,,,,,,,,,,,,,,,,,,148.56857603066973,157.90437928652264,164.25878341762908,158.44208305192655,96.52794570864,104.43071045989612,70.74674707981454,56.78455887902609,,,,,,,,,,,,
128,UP,9.139190629666986,136.065,b'stance0010',b'stance0019',b'stance0021',b'stance0014',,,,,,,,,,,,,,,,,,,,,,,,,146.99148847354328,155.57993557724313,167.1122506132843,158.81363072518008,95.8692528676803,103.34088837177069,72.93289871593574,57.78323382167366,,,,,,,,,,,,
129,UP,8.744585929949714,293.45,b'stance0010',b'stance0019',b'stance0021',b'stance0014',,,,,,,,,,,,,,,,,,,,,,,,,144.11951961053666,154.5809885469695,163.7129822158282,163.06304327895708,97.14124408417061,103.40446735292711,70.75036551165543,58.16470313934508,,,,,,,,,,,,
130,UP,9.044171005336626,220.31,b'stance0010',b'stance0019',b'stance0021',b'stance0014',,,,,,,,,,,,,,,,,,,,,,,,,142.3350835375118,154.3356474384533,162.64835733741154,163.6436358633807,95.8466016286577,103.36628358495885,70.46947889847932,59.14135815155542,,,,,,,,,,,,
131,UP,8.94959324777886,223.695,b'stance0010',b'stance0019',b'stance0021',b'stance0014',,,,,,,,,,,,,,,,,,,,,,,,,140.19369618496842,155.75139592362672,164.2306013593734,166.1014127364067,96.68365365145118,105.39405432292057,71.4279318826774,59.44410113905688,,,,,,,,,,,,
132,UP,8.599115851691238,118.95,b'stance0010',b'stance0019',b'stance0021',b'stance0014',,,,,,,,,,,,,,,,,,,,,,,,,139.96826302396315,158.5021449219433,163.22401728162095,164.99870041590543,98.13461828677072,107.32858593252122,71.57407370151442,59.402841976419325,,,,,,,,,,,,
133,UP,8.367349721546542,146.155,b'stance0010',b'stance0019',b'stance0021',b'stance0014',,,,,,,,,,,,,,,,,,,,,,,,,141.77753291608641,158.4415561591994,162.45318145709578,164.75242251619946,103.6895130429719,107.42598377689879,73.07205381477858,59.11071544285794,,,,,,,,,,,,
134,UP,8.283595949118329,62.655,b'stance0010',b'stance0019',b'stance0021',b'stance0014',,,,,,,,,,,,,,,,,,,,,,,,,140.84540299743512,158.3705510172771,162.92982844532153,165.70589751864514,102.60240078439496,105.68326899584197,72.67918676279079,59.099602003641095,,,,,,,,,,,,
135,UP,8.121654360920958,216.665,b'stance0010',b'stance0019',b'stance0021',b'stance0014',,,,,,,,,,,,,,,,,,,,,,,,,142.6832687219154,158.30013384695414,162.62975922814545,165.95854885497502,105.04275025909692,106.18805340782984,72.81102577590899,59.07417719881387,,,,,,,,,,,,
136,UP,7.997661143111799,144.985,b'stance0010',b'stance0019',b'stride0022',b'stance0014',,,,,,,,,,,,,,,,,,,,,,,,,142.89918418996416,155.51829344789536,163.15100868940033,164.9574500248519,105.99826327484497,101.60394955483407,70.63848001295179,59.2575611523916,,,,,,,,,,,,
137,UP,7.746706619698245,348.875,b'stance0010',b'stance0019',b'stance0022',b'stance0014',,,,,,,,,,,,,,,,,,,,,,,,,145.13607468224416,155.35888761302442,163.68969681691294,165.96711637025172,108.45837526394246,102.67131815876438,70.2802113520499,59.448616382575636,,,,,,,,,,,,
138,UP,7.841650395798735,197.66500000000002,b'stance0010',b'stance0019',b'stance0022',b'stance0014',,,,,,,,,,,,,,,,,,,,,,,,,145.01231729732336,156.04065581473003,165.28391888729823,165.528052738308,109.12799095471152,102.21040043680566,68.8755801521971,58.84175265838776,,,,,,,,,,,,
139,UP,7.416506847847686,264.755,b'stance0010',b'stance0019',b'stride0023',b'stance0014',,,,,,,,,,,,,,,,,,,,,,,,,144.0021087584455,156.30882027097232,165.36617701875053,165.1581585022357,107.64635609660445,102.05657732514157,68.12607307118782,58.611211670601605,,,,,,,,,,,,
140,UP,7.310529567831868,126.41999999999999,b'stance0010',b'stance0019',b'stride0023',b'stance0014',,,,,,,,,,,,,,,,,,,,,,,,,141.39199611240366,155.42386933142757,164.74326589998896,164.10161726513726,104.90734890772002,100.37768534778613,67.4815543464697,58.264011228229606,,,,,,,,,,,,
141,UP,7.208955160718373,117.78,b'stance0010',b'stance0019',b'stride0023',b'stance0014',,,,,,,,,,,,,,,,,,,,,,,,,142.446394276725,155.45989741828095,164.48188774312607,163.93507722215074,105.05498385457076,100.03725999985039,69.3129050463671,58.23515221753895,,,,,,,,,,,,
142,UP,7.288569561739129,173.615,b'stance0010',b'stance0019',b'stance0023',b'stance0014',,,,,,,,,,,,,,,,,,,,,,,,,143.4588903106002,154.17498195494434,162.1357217330039,162.99501267806687,101.88394116386706,100.62345183525089,68.6618878676383,58.1859110214057,,,,,,,,,,,,
143,UP,7.4032595628289934,134.515,b'stance0010',b'stance0019',b'stance0023',b'stride0015',,,,,,,,,,,,,,,,,,,,,,,,,145.02839944828355,153.2543455457901,163.7681883108766,162.25066992554213,102.3201620618271,98.31545897145789,68.70852103635262,57.355870626783314,,,,,,,,,,,,
144,UP,7.2082301705926115,147.335,b'stance0010',b'stance0019',b'stance0023',b'stance0015',,,,,,,,,,,,,,,,,,,,,,,,,148.56115178001724,154.2257370242949,162.33999654934007,161.53135321869635,105.75620944405681,99.16385658140351,68.37383648540987,56.981373182364635,,,,,,,,,,,,
145,UP,7.702894394080374,116.22999999999999,b'stance0010',b'stance0019',b'stance0023',b'stance0015',,,,,,,,,,,,,,,,,,,,,,,,,150.9815020190743,155.0027160305039,160.37465973991152,160.93916647118934,106.485943038849,99.12415278210457,67.94224159109612,57.33143090682108,,,,,,,,,,,,
146,UP,7.952979879481559,25.0,b'stance0010',b'stance0019',b'stance0023',b'stance0015',,,,,,,,,,,,,,,,,,,,,,,,,147.73047381373914,154.82703269717445,160.42564891849645,163.0143579215751,104.7453116120251,99.32765077451545,67.1286237267326,58.06177596203901,,,,,,,,,,,,
147,UP,8.118049211142294,122.29,b'stance0010',b'stance0019',b'stance0023',b'stance0015',,,,,,,,,,,,,,,,,,,,,,,,,147.70817595228164,154.64118406005102,158.29066769735766,162.65057778213253,104.09929907101235,100.51491571081982,67.3642018194963,59.24182530742951,,,,,,,,,,,,
148,UP,7.983763942950367,80.02,b'stance0010',b'stance0019',b'stance0023',b'stance0015',,,,,,,,,,,,,,,,,,,,,,,,,148.9771918830829,152.77326244859637,158.26355591017133,162.23553492404642,104.05034172888374,100.23690688549821,66.26014030208206,58.4226127108049,,,,,,,,,,,,
149,UP,7.879672921060803,91.805,b'stance0010',b'stance0019',b'stance0023',b'stance0015',,,,,,,,,,,,,,,,,,,,,,,,,150.9618205906645,153.91015765843144,157.44587657450816,162.5107571803544,105.55027171925121,99.75023925704515,65.58762970960102,58.61191620813362,,,,,,,,,,,,
150,UP,7.72557176034393,77.37,b'stance0010',b'stance0019',b'stance0023',b'stance0015',,,,,,,,,,,,,,,,,,,,,,,,,150.10540896615964,152.24751748857003,156.2800824996693,162.50000053886444,104.41239122662328,97.92638305043738,66.16916200180586,59.93187896104804,,,,,,,,,,,,
151,UP,7.656150128364574,129.025,b'stance0010',b'stance0019',b'stance0023',b'stance0015',,,,,,,,,,,,,,,,,,,,,,,,,150.09050126818428,151.727626014749,154.69309384465447,161.52317975507955,104.52748111271187,97.55544170463769,65.66855604979655,58.855779341561885,,,,,,,,,,,,
152,UP,7.543508602528066,25.695,b'stance0010',b'stance0019',b'stance0023',b'stance0015',,,,,,,,,,,,,,,,,,,,,,,,,148.95423027140103,151.98631575108593,157.19264048531156,160.910518023023,104.1835443401199,96.84225279963654,65.30434252653221,58.1845751131366,,,,,,,,,,,,
153,UP,7.531912306368304,151.6,b'stance0010',b'stance0019',b'stance0023',b'stance0015',,,,,,,,,,,,,,,,,,,,,,,,,149.9345778569215,152.35586682341244,159.51370517862136,160.9225368362417,104.68214918972869,96.68138972823918,66.05046360941269,58.18723687212429,,,,,,,,,,,,
154,UP,7.895053455124206,99.065,b'stance0010',b'stance0019',b'stance0023',b'stance0015',,,,,,,,,,,,,,,,,,,,,,,,,151.46732579084252,151.48717145076833,159.53186831383582,161.1438886035005,106.03098885764757,96.51658043614113,65.2608611806921,58.25227799461834,,,,,,,,,,,,
155,UP,7.775452734245392,92.41499999999999,b'stance0010',b'stance0019',b'stride0024',b'stance0015',,,,,,,,,,,,,,,,,,,,,,,,,151.47629886029662,152.2442825712474,159.38954006270228,160.6079901075288,106.86915743765867,97.3165333613462,64.65932258617023,57.95222516584565,,,,,,,,,,,,
156,UP,7.662179984055887,110.98499999999999,b'stance0010',b'stance0019',b'stance0024',b'stance0015',,,,,,,,,,,,,,,,,,,,,,,,,150.04997999072657,153.90234629008606,160.3683724709996,160.3533314281477,105.36974449986373,97.55398212986283,64.97393212208438,58.00232421842837,,,,,,,,,,,,
157,UP,7.494754524919814,40.675,b'stance0010',b'stance0019',b'stance0024',b'stance0015',,,,,,,,,,,,,,,,,,,,,,,,,149.22972919713106,153.7239220865523,159.2123687695442,159.73552859571677,105.4341804138714,96.92117471756484,65.0355209402842,57.68708786914304,,,,,,,,,,,,
158,UP,7.4057230784273065,19.880000000000003,b'stance0010',b'stance0019',b'stance0024',b'stance0015',,,,,,,,,,,,,,,,,,,,,,,,,148.93562058067928,153.67279340578304,158.74176353588933,159.8447585227925,104.32988952136655,97.255907878735,65.08383216469959,57.2240592030344,,,,,,,,,,,,
159,UP,7.40236762763451,45.945,b'stance0010',b'stance0019',b'stance0024',b'stance0015',,,,,,,,,,,,,,,,,,,,,,,,,149.34275058682027,153.88553152235144,158.44003649694605,158.61492038865126,104.7981352637092,97.9413320872915,64.75961187810884,56.907422297178414,,,,,,,,,,,,
160,UP,7.414537207258422,61.974999999999994,b'stance0010',b'stance0019',b'stance0024',b'stance0015',,,,,,,,,,,,,,,,,,,,,,,,,150.93802490683933,154.1469171193992,158.33685463959353,158.52143349387663,105.98446086172541,98.24380363503785,64.65961275615975,56.829115954463816,,,,,,,,,,,,
161,UP,7.3698430859598325,25.145,b'stance0010',b'stance0019',b'stance0024',b'stance0015',,,,,,,,,,,,,,,,,,,,,,,,,151.45058601313025,153.7192287183367,158.1006201463045,158.12926766580208,105.83427665569516,98.36610390912698,64.72460547494548,56.67320958158845,,,,,,,,,,,,
162,UP,7.347620200964333,47.915000000000006,b'stance0010',b'stance0019',b'stance0024',b'stance0015',,,,,,,,,,,,,,,,,,,,,,,,,153.0392423846946,153.0581533208856,158.482851631027,158.17391647801614,106.49843884698214,98.05117742693386,65.27709176590045,56.45420971456977,,,,,,,,,,,,
163,UP,7.273762566352203,25.18,b'stance0010',b'stance0019',b'stance0024',b'stance0015',,,,,,,,,,,,,,,,,,,,,,,,,152.0273824941187,153.1022875102112,158.59451630597718,158.68476683924365,105.85964317773279,97.55106203477574,65.48232394771377,56.199575884943044,,,,,,,,,,,,
164,UP,7.286214285097094,72.605,b'stance0010',b'stance0019',b'stance0024',b'stance0015',,,,,,,,,,,,,,,,,,,,,,,,,150.580851213939,151.640235286074,159.05369073176024,158.22821494735715,104.03288660346435,96.06013365361255,65.34112057827322,56.122637766394334,,,,,,,,,,,,
165,UP,7.271314417533522,49.695,b'stance0010',b'stance0019',b'stance0024',b'stance0015',,,,,,,,,,,,,,,,,,,,,,,,,148.80438791456578,152.6034572739471,159.78754458079374,157.92228174108436,102.12606489569636,96.06080489280339,65.44186594077425,56.14629974526915,,,,,,,,,,,,
166,UP,7.169236428272982,95.50999999999999,b'stance0010',b'stance0019',b'stance0024',b'stance0015',,,,,,,,,,,,,,,,,,,,,,,,,149.26061829395826,153.24247968286878,158.85267215653562,158.6176511698638,102.89851358954067,96.51679074525374,65.32973094827928,56.65658049661252,,,,,,,,,,,,
167,UP,7.192152973724483,68.755,b'stance0010',b'stance0019',b'stance0024',b'stance0015',,,,,,,,,,,,,,,,,,,,,,,,,147.38586075605878,153.68962186583457,160.20455051786635,158.37366765331745,102.07724443723656,96.24318066052889,64.81089422912424,56.39974152412604,,,,,,,,,,,,
168,UP,7.333799321989016,75.215,b'stance0010',b'stance0019',b'stance0024',b'stance0015',,,,,,,,,,,,,,,,,,,,,,,,,147.79223488448048,153.5615076303611,160.16432575380597,159.11251557425328,101.95845057433256,96.42826586563726,65.11522265608167,56.76415714322786,,,,,,,,,,,,
169,UP,7.387427616587433,143.875,b'stance0010',b'stance0019',b'stance0024',b'stance0015',,,,,,,,,,,,,,,,,,,,,,,,,148.17932559649097,154.5121937804302,159.30661207863216,159.07799648914144,101.63916635388613,96.68758976160458,65.00464655752226,57.31853010044455,,,,,,,,,,,,
170,UP,7.152890879292459,65.25,b'stance0010',b'stance0019',b'stance0024',b'stance0015',,,,,,,,,,,,,,,,,,,,,,,,,149.46095461135192,153.0804572501573,158.47106273784422,159.87307810430048,102.8297492220367,96.15920328326395,65.69810178986768,57.38796499828844,,,,,,,,,,,,
171,UP,7.218075717556833,87.725,b'stance0010',b'stance0019',b'stance0024',b'stance0015',,,,,,,,,,,,,,,,,,,,,,,,,150.4272359002975,152.69946404123004,157.8257044742241,160.28176618352413,103.161868270853,96.90040125830006,64.88492037222728,57.17874494813297,,,,,,,,,,,,
172,UP,7.264507033195061,60.715,b'stance0010',b'stance0019',b'stance0024',b'stance0015',,,,,,,,,,,,,,,,,,,,,,,,,151.14623971128006,153.13656574426616,157.8928439483467,160.39120969623875,103.18233154803525,97.11623490004821,64.71399408125583,57.23063820562055,,,,,,,,,,,,
173,UP,7.205365247648802,97.875,b'stance0010',b'stance0019',b'stance0024',b'stance0015',,,,,,,,,,,,,,,,,,,,,,,,,150.52587217310708,153.11899687885366,158.88962687680504,159.92352041914646,103.24644902850766,97.58468669403383,64.57566962640557,57.18606907959001,,,,,,,,,,,,
174,UP,7.239348719354103,52.879999999999995,b'stance0010',b'stance0019',b'stance0024',b'stance0015',,,,,,,,,,,,,,,,,,,,,,,,,148.73303032341843,152.9077025601041,158.8624561154601,159.57530881779564,102.7474244279729,97.36002140549675,64.30813527875847,57.463759107050166,,,,,,,,,,,,
175,UP,7.2670864879706265,74.61500000000001,b'stance0010',b'stance0019',b'stance0024',b'stance0015',,,,,,,,,,,,,,,,,,,,,,,,,148.6599804282698,153.75285127972512,158.9501792679921,160.26004166711581,102.5729182041195,97.40609548087338,64.78441562654781,57.246873375645976,,,,,,,,,,,,
176,UP,7.158764937436033,51.620000000000005,b'stance0010',b'stance0019',b'stance0024',b'stance0015',,,,,,,,,,,,,,,,,,,,,,,,,149.68520046157585,154.1128426030042,158.84903537580533,161.18203212939707,104.18714046386624,98.58639370180039,65.6871939514671,57.208232105709484,,,,,,,,,,,,
177,UP,7.216417830682652,72.43,b'stance0010',b'stance0019',b'stance0024',b'stance0015',,,,,,,,,,,,,,,,,,,,,,,,,150.43459776550068,155.2114994502867,160.02419010728906,161.64279813868302,104.13474471014425,99.51492396410407,65.7358916423465,57.511023635843856,,,,,,,,,,,,
178,UP,7.3907428299690645,22.55,b'stance0010',b'stance0019',b'stance0024',b'stance0015',,,,,,,,,,,,,,,,,,,,,,,,,149.17034010762595,154.17256405452463,160.8163927117745,161.5039594612203,103.37805211566686,98.13480593059045,65.36809806741701,57.34863922032899,,,,,,,,,,,,
179,UP,7.415428086058735,55.45,b'stance0010',b'stance0019',b'stance0024',b'stance0015',,,,,,,,,,,,,,,,,,,,,,,,,149.03932433683656,153.8817935538502,161.63433887362118,161.23366276988378,103.44711516039588,97.59526028935747,64.70966551270729,57.654863308610004,,,,,,,,,,,,
180,UP,7.417545920364436,65.74000000000001,b'stance0010',b'stance0019',b'stance0024',b'stance0015',,,,,,,,,,,,,,,,,,,,,,,,,149.00558992228972,154.5581750237577,161.69719037599572,161.19811961940664,103.36800030759734,97.99209920114812,64.63869345466505,57.75146575896957,,,,,,,,,,,,
181,UP,7.307406622607573,116.15,b'stance0010',b'stance0019',b'stance0024',b'stance0015',,,,,,,,,,,,,,,,,,,,,,,,,149.21403221436336,154.70804183360687,160.38375282989435,160.79890395020976,103.63881537339606,97.91067993619313,65.03670256300143,57.751138857992274,,,,,,,,,,,,
182,UP,7.099170678603425,75.595,b'stance0010',b'stance0019',b'stance0024',b'stance0015',,,,,,,,,,,,,,,,,,,,,,,,,148.28427451404374,154.47857829207362,158.78965431506492,160.59627332681438,102.46618788204269,97.43676563372355,65.11297662765843,57.864809781684286,,,,,,,,,,,,
183,UP,7.141573558328762,65.62,b'stance0010',b'stance0019',b'stance0024',b'stance0015',,,,,,,,,,,,,,,,,,,,,,,,,148.12934853889985,155.05053663305063,158.36232869558384,161.35322085280052,101.98541282209273,97.4440673315868,65.03275247515265,57.97399060103167,,,,,,,,,,,,
184,UP,7.147891849816165,46.985,b'stance0010',b'stance0019',b'stance0024',b'stance0015',,,,,,,,,,,,,,,,,,,,,,,,,148.49525253047904,154.68817729317124,158.35513487688752,161.10791711946703,102.34275252480396,97.17758142893324,64.28963355000981,57.77694539175775,,,,,,,,,,,,
185,UP,7.061898385451828,126.25,b'stance0010',b'stance0019',b'stance0024',b'stance0015',,,,,,,,,,,,,,,,,,,,,,,,,147.86597070199986,154.95742109446732,158.26430222889383,161.21756853801824,102.20079570055407,96.9701539053844,64.91018109517977,57.423009176333466,,,,,,,,,,,,
186,UP,7.17378306273269,64.68,b'stance0010',b'stance0019',b'stance0024',b'stance0015',,,,,,,,,,,,,,,,,,,,,,,,,147.17084890076546,153.78060982320824,158.09574245036606,163.4077518047991,101.44733418215138,96.49205008372525,65.21549814227674,57.588785298871514,,,,,,,,,,,,
187,UP,7.12562479421593,44.96,b'stance0010',b'stance0019',b'stance0024',b'stance0015',,,,,,,,,,,,,,,,,,,,,,,,,147.72709735286554,153.7051049780235,157.58076850411825,162.69500493098627,101.27431426238887,96.0754314426184,65.14871236382585,57.80124117200347,,,,,,,,,,,,
188,UP,7.166206327425028,46.370000000000005,b'stance0010',b'stance0019',b'stance0024',b'stance0015',,,,,,,,,,,,,,,,,,,,,,,,,148.57864263787823,153.85931266671554,158.3137065379509,162.7939612124272,102.16001235035165,95.96389909546556,65.5943423088222,57.6716435775476,,,,,,,,,,,,
189,UP,7.131281512236914,127.285,b'stance0010',b'stance0019',b'stance0024',b'stance0015',,,,,,,,,,,,,,,,,,,,,,,,,150.4221359824854,153.48527437470207,155.03648031672603,162.9151692395055,102.82079214988924,96.12893413933801,64.96499529411122,57.41428369278097,,,,,,,,,,,,
190,UP,7.1367798021794435,87.2,b'stance0010',b'stance0019',b'stance0024',b'stance0015',,,,,,,,,,,,,,,,,,,,,,,,,150.562151949043,153.59001080181966,156.1136652642297,162.84136699249675,103.51838538439063,96.63145060750546,64.0115086806073,57.7942871904653,,,,,,,,,,,,
191,UP,7.227279757836449,42.965,b'stance0010',b'stance0019',b'stance0024',b'stance0015',,,,,,,,,,,,,,,,,,,,,,,,,150.6468043928966,153.45075744118756,156.33197674117807,162.82709681193796,103.12650403762065,96.77201929586792,63.47520914532589,57.10886092682044,,,,,,,,,,,,
192,UP,7.211743756110723,42.055,b'stance0010',b'stance0019',b'stance0024',b'stance0015',,,,,,,,,,,,,,,,,,,,,,,,,150.2308818971718,153.5722955592382,156.55219744213002,162.66365027315342,102.73483296453708,96.54066628106246,63.82977662921763,57.28872839827105,,,,,,,,,,,,
193,UP,7.170817322050771,74.2,b'stance0010',b'stance0019',b'stance0024',b'stance0015',,,,,,,,,,,,,,,,,,,,,,,,,151.66834812389695,152.2023600341193,158.46856191939955,162.3169837326199,104.63591063704284,96.49094718105317,64.12665281233804,57.75652808552739,,,,,,,,,,,,
194,UP,7.075128554064743,90.87,b'stance0010',b'stance0019',b'stance0024',b'stance0015',,,,,,,,,,,,,,,,,,,,,,,,,151.91069022191854,153.15371687573887,156.81304171832193,162.6813009249349,104.43283062075452,95.87230322694022,63.770041106706216,57.979396722114984,,,,,,,,,,,,
195,UP,7.399167430508602,63.260000000000005,b'stance0010',b'stance0019',b'stance0024',b'stance0015',,,,,,,,,,,,,,,,,,,,,,,,,150.60898447245043,152.70941623562538,156.54079207799006,162.2276198332972,103.81739592586244,96.22850462118113,64.07477480580211,57.87311467580891,,,,,,,,,,,,
196,UP,7.463049121608717,142.765,b'stance0010',b'stance0019',b'stance0024',b'stance0015',,,,,,,,,,,,,,,,,,,,,,,,,148.53954661434383,152.56576681177117,156.646618483586,162.61204907098346,101.94835921189062,95.85243362700342,63.38989982722687,58.024030971705415,,,,,,,,,,,,
197,UP,7.003383242228048,101.7,b'stance0010',b'stance0019',b'stance0024',b'stance0015',,,,,,,,,,,,,,,,,,,,,,,,,148.43113231052672,154.24751606055864,157.58784002555612,162.83043875398465,101.85896341481465,95.46221332339671,63.132479801636464,58.2637657708633,,,,,,,,,,,,
198,UP,7.271680288218691,43.45,b'stance0010',b'stance0019',b'stance0024',b'stance0015',,,,,,,,,,,,,,,,,,,,,,,,,148.19535029026534,153.89427926684644,158.60093456785367,161.6341905370304,100.83508803923992,96.21534804426943,63.42857781151518,56.83756202289858,,,,,,,,,,,,
199,UP,7.2449886140717705,34.75,b'stance0010',b'stance0019',b'stance0024',b'stance0015',,,,,,,,,,,,,,,,,,,,,,,,,149.13275101756057,154.15167107013426,158.8088955505914,161.5809813220594,101.15737009811377,96.35719475758101,63.16777367642425,57.13935259325446,,,,,,,,,,,,
200,UP,7.105034456270846,23.785,b'stance0010',b'stance0019',b'stance0024',b'stance0015',,,,,,,,,,,,,,,,,,,,,,,,,148.96596579557956,154.3520530209732,158.95430638639934,161.78593624106486,101.07982482332262,96.37336579287205,63.18270846220466,56.86600078930847,,,,,,,,,,,,
201,UP,6.982408296609579,35.67,b'stance0010',b'stance0019',b'stance0024',b'stance0015',,,,,,,,,,,,,,,,,,,,,,,,,151.1004721970462,154.17074943086368,159.4946201692722,161.8827062956852,102.0530633380563,96.49349517838287,63.66989110832357,57.04882716378026,,,,,,,,,,,,
202,UP,6.935211139389536,68.07499999999999,b'stance0010',b'stance0019',b'stance0024',b'stance0015',,,,,,,,,,,,,,,,,,,,,,,,,151.01312153208613,152.98144982698173,160.8340626115031,162.4263006324886,102.90434291001621,95.91612230235032,63.582214982406896,57.509382351837885,,,,,,,,,,,,
203,UP,7.029938424535743,61.065,b'stance0010',b'stance0019',b'stance0024',b'stance0015',,,,,,,,,,,,,,,,,,,,,,,,,151.70114300062886,152.3564552114029,159.29476116963366,162.0274213027351,103.14589688379365,95.20828565285827,63.306618192958666,57.32553344717232,,,,,,,,,,,,
204,UP,7.016344251971063,63.400000000000006,b'stance0010',b'stance0019',b'stance0024',b'stance0015',,,,,,,,,,,,,,,,,,,,,,,,,152.3730727063364,153.04054710561292,160.5351988656988,162.08002922486705,103.14446879339013,96.2658767066725,63.5325682457818,57.23917727708451,,,,,,,,,,,,
205,UP,7.1091413180405825,30.634999999999998,b'stance0010',b'stance0019',b'stance0024',b'stance0015',,,,,,,,,,,,,,,,,,,,,,,,,152.2861678519469,152.99295809971056,159.28025406233007,161.58441422702077,102.18320157282743,95.79853633012688,63.642214330930415,56.95993717243924,,,,,,,,,,,,
206,UP,7.141757177272406,38.504999999999995,b'stance0010',b'stance0019',b'stance0024',b'stance0015',,,,,,,,,,,,,,,,,,,,,,,,,153.28001377555904,154.13576203827836,158.36196040549424,162.31487095347165,102.28330623150985,96.59908951580688,63.32021001360751,57.29548343259175,,,,,,,,,,,,
207,UP,7.16471309175469,56.995000000000005,b'stance0010',b'stance0019',b'stride0025',b'stance0015',,,,,,,,,,,,,,,,,,,,,,,,,153.3487579820811,154.58139253602553,160.41329986431305,161.97194120032435,102.09790307700759,96.79745083597214,64.35631354507225,57.1881324234447,,,,,,,,,,,,
208,UP,7.2553335937733054,46.584999999999994,b'stance0010',b'stance0019',b'stance0025',b'stance0015',,,,,,,,,,,,,,,,,,,,,,,,,152.31523786241735,155.9378927474609,160.38601840135115,161.91483500849716,101.56202137812897,97.13977719170288,64.63878635076354,57.13357561547974,,,,,,,,,,,,
209,UP,7.256908121167413,37.975,b'stance0010',b'stance0019',b'stance0025',b'stance0015',,,,,,,,,,,,,,,,,,,,,,,,,152.6628250931051,155.90350376498623,160.657855820124,161.83783560086692,101.73333390731476,97.25092154098999,64.61179673291723,57.048769082546954,,,,,,,,,,,,
210,UP,7.149292345731468,66.785,b'stance0010',b'stance0019',b'stance0025',b'stance0015',,,,,,,,,,,,,,,,,,,,,,,,,151.8998870314319,154.37427420578075,160.9782078916474,162.20339849411152,101.74647111793209,96.22449751979333,66.23386709129554,57.64263448534055,,,,,,,,,,,,
211,UP,7.180128926149822,64.71000000000001,b'stance0010',b'stance0019',b'stance0025',b'stance0015',,,,,,,,,,,,,,,,,,,,,,,,,152.10070800689834,155.32946303322498,159.54737672789975,162.11085248339205,102.13604609280955,97.02435839029124,66.63299735909803,57.1668410428088,,,,,,,,,,,,
212,UP,7.29911730489732,53.55,b'stance0010',b'stance0019',b'stance0025',b'stance0015',,,,,,,,,,,,,,,,,,,,,,,,,148.4742417937591,154.2390832040626,158.74373945938282,161.7717864557481,100.92931579123325,97.27525945917259,66.39996784437267,56.69273304862959,,,,,,,,,,,,
213,UP,7.130990865809395,23.455,b'stance0010',b'stance0019',b'stance0025',b'stance0015',,,,,,,,,,,,,,,,,,,,,,,,,148.85554666519636,154.53667365589885,158.90102454372186,161.70870044347015,100.98002194227331,96.54288415977736,65.74707944737906,56.47304658471356,,,,,,,,,,,,
214,UP,7.05271487584488,113.275,b'stance0010',b'stance0019',b'stance0025',b'stance0015',,,,,,,,,,,,,,,,,,,,,,,,,148.35482541904275,155.3761650561638,159.03775662168897,161.76049803334223,100.45321647578012,96.17390856219163,66.14608113317773,56.55914059279773,,,,,,,,,,,,
215,UP,7.036377138557991,14.395,b'stance0010',b'stance0019',b'stance0025',b'stance0015',,,,,,,,,,,,,,,,,,,,,,,,,148.16851772135655,155.3158561640875,158.72941070985996,162.61557264107714,100.55079616321798,96.20219830779152,65.29152512889654,56.48127209401737,,,,,,,,,,,,
216,UP,7.055717749989578,58.995,b'stance0010',b'stance0019',b'stance0025',b'stance0015',,,,,,,,,,,,,,,,,,,,,,,,,147.3247436697498,154.23989226466773,157.95440017357575,162.10536777863376,101.20646164254494,96.13775928044839,64.70901430218554,56.29320735378937,,,,,,,,,,,,
217,UP,6.975007427306129,60.425,b'stance0010',b'stance0019',b'stance0025',b'stance0015',,,,,,,,,,,,,,,,,,,,,,,,,146.53586242973972,156.02567703598277,157.15345580312814,161.950917455837,101.5288584619318,96.60967569018483,64.32120706521712,55.34308302577233,,,,,,,,,,,,
218,UP,6.91058847379458,88.58,b'stance0010',b'stance0019',b'stance0025',b'stance0015',,,,,,,,,,,,,,,,,,,,,,,,,147.93803734383442,157.65180460676936,157.35586941058511,161.95853303974144,100.61570944770631,96.42370919177141,63.03723523704504,55.23386790844886,,,,,,,,,,,,
219,UP,6.9429594952296085,36.485,b'stance0010',b'stance0019',b'stance0025',b'stance0015',,,,,,,,,,,,,,,,,,,,,,,,,147.95608006822354,157.93608666525745,157.49092380982336,161.97853923111117,100.48614802782318,96.7454403247628,63.28315641614367,55.43820790020776,,,,,,,,,,,,
220,UP,7.1015732252302595,76.05,b'stance0010',b'stance0019',b'stance0025',b'stance0015',,,,,,,,,,,,,,,,,,,,,,,,,147.81030892714514,155.90340603682546,157.99020108166968,162.24519655171298,100.58118504994071,97.32572910990733,63.43248299636949,55.461549911278055,,,,,,,,,,,,
221,UP,7.136176318684966,61.91,b'stance0010',b'stance0019',b'stance0025',b'stance0015',,,,,,,,,,,,,,,,,,,,,,,,,148.58320861379323,155.46898289637394,158.8063438755178,162.1658753401941,101.4151532035359,97.47027140061917,63.71766583176294,54.57498661401482,,,,,,,,,,,,
222,UP,7.098150617379218,43.625,b'stance0010',b'stance0019',b'stance0025',b'stance0015',,,,,,,,,,,,,,,,,,,,,,,,,148.21142996167103,155.96319387864628,159.13646979540087,161.7226606662174,101.4755046034491,97.68472009231863,64.06903144632362,54.68652573403541,,,,,,,,,,,,
223,UP,7.029818805107303,57.19,b'stance0010',b'stance0019',b'stance0025',b'stance0015',,,,,,,,,,,,,,,,,,,,,,,,,148.6184737404916,155.50653769839423,158.34774105788372,161.0033402563344,101.14765725887634,97.56535107680929,64.43460335201172,54.61980249301796,,,,,,,,,,,,
224,UP,7.048564429327693,34.22,b'stance0010',b'stance0019',b'stance0025',b'stance0015',,,,,,,,,,,,,,,,,,,,,,,,,148.93895298488314,155.20241583199783,158.9505671135379,161.45135678228428,100.93723246852183,96.87287634922141,64.49847689908634,55.21943897005184,,,,,,,,,,,,
225,UP,7.106697363297497,27.044999999999998,b'stance0010',b'stance0019',b'stance0025',b'stance0015',,,,,,,,,,,,,,,,,,,,,,,,,149.44650068366832,155.13825763533848,159.2959803039404,161.4956789502747,101.18470053710301,96.89582962804248,64.55348579570547,55.263980993734506,,,,,,,,,,,,
226,UP,7.143486419993038,31.645000000000003,b'stance0010',b'stance0019',b'stance0025',b'stance0015',,,,,,,,,,,,,,,,,,,,,,,,,149.527339300344,155.0898596935936,159.84644964524094,161.43130836130626,101.3721240369824,96.60836084272208,64.20588652439018,55.458849860580884,,,,,,,,,,,,
227,UP,7.07881868219652,12.12,b'stance0010',b'stance0019',b'stance0025',b'stance0015',,,,,,,,,,,,,,,,,,,,,,,,,148.7861850065479,155.28615864922395,160.08050041020977,160.8847183816686,101.21937481268452,96.65956061534733,63.80487437498344,55.855141520629786,,,,,,,,,,,,
228,UP,7.096516868628139,94.23,b'stance0010',b'stance0019',b'stance0025',b'stance0015',,,,,,,,,,,,,,,,,,,,,,,,,148.01277593051876,155.31251527419968,160.53809224332068,160.35993900003007,101.18025023532545,96.54695667144296,63.575030601532816,55.52404491167414,,,,,,,,,,,,
229,UP,7.056798669479825,77.12,b'stance0010',b'stance0019',b'stance0025',b'stance0015',,,,,,,,,,,,,,,,,,,,,,,,,148.31156692302966,154.1736479262479,159.19290145184024,160.0213715725387,101.11635413885116,96.64555904748248,63.81504644301623,55.681343284807795,,,,,,,,,,,,
230,UP,7.125808275917397,35.995000000000005,b'stance0010',b'stance0019',b'stance0025',b'stance0015',,,,,,,,,,,,,,,,,,,,,,,,,148.81699103602546,154.08411311975075,159.06249101768972,160.1616026827682,100.9785717477169,96.64665755956,63.9445810164346,55.98713450121684,,,,,,,,,,,,
231,UP,7.25468227080674,72.05000000000001,b'stance0010',b'stance0019',b'stance0025',b'stance0015',,,,,,,,,,,,,,,,,,,,,,,,,146.569187559849,156.03068677168713,157.86986093638504,160.5124521384366,99.47424104126465,97.77005757556574,62.954863516209116,56.29848589056613,,,,,,,,,,,,
232,UP,7.293926570935286,104.27000000000001,b'stance0010',b'stance0019',b'stance0025',b'stance0015',,,,,,,,,,,,,,,,,,,,,,,,,148.9807149286869,155.71254066275336,158.32745440934178,160.51070978749,100.95459530008323,97.63396142481562,63.028380087805786,56.6945702772893,,,,,,,,,,,,
233,UP,7.183358135472065,37.78,b'stance0010',b'stance0019',b'stance0025',b'stance0015',,,,,,,,,,,,,,,,,,,,,,,,,150.45127409301,155.68269667071218,157.25671193306928,160.95461815542288,101.60584182993146,97.3771335868893,63.04979938805357,56.56308887164313,,,,,,,,,,,,
234,UP,7.22413129397479,63.89,b'stance0010',b'stance0019',b'stance0025',b'stance0015',,,,,,,,,,,,,,,,,,,,,,,,,151.3703881711389,156.95366197015022,157.44870049480357,161.25300599443895,101.34442020763817,98.21602689562603,63.65653909753219,56.86636586070321,,,,,,,,,,,,
235,UP,7.258466600430977,46.545,b'stance0010',b'stance0019',b'stance0025',b'stance0015',,,,,,,,,,,,,,,,,,,,,,,,,151.82780531811233,157.16759488926152,156.82234448061917,161.0688823240031,102.38947888710403,97.84606088043206,62.353200474996584,56.120357501504145,,,,,,,,,,,,
236,UP,7.136539519787632,43.165,b'stance0010',b'stance0019',b'stance0025',b'stance0015',,,,,,,,,,,,,,,,,,,,,,,,,151.5723016619205,156.22284525318267,157.5039942028852,161.1203368759649,101.87514577623156,97.3119258517194,62.80615213484096,55.82961985239393,,,,,,,,,,,,
237,UP,7.057799293617858,49.715,b'stance0010',b'stance0019',b'stance0025',b'stance0015',,,,,,,,,,,,,,,,,,,,,,,,,151.3931620420166,156.13097636467342,158.06393543543675,160.74766510259752,101.92079337356368,97.50999932975805,63.43602921629285,55.613880675130744,,,,,,,,,,,,
238,UP,6.9912892481579965,70.635,b'stance0010',b'stance0019',b'stance0025',b'stance0015',,,,,,,,,,,,,,,,,,,,,,,,,150.54544986680372,156.03655700082118,157.05438010442805,161.2481938736552,100.94892326288252,97.1646960643946,63.04944992779444,56.65918100331031,,,,,,,,,,,,
239,UP,6.970783105666564,83.73,b'stance0010',b'stance0019',b'stance0025',b'stance0015',,,,,,,,,,,,,,,,,,,,,,,,,149.99813950075327,156.59571138300385,156.74657454320715,161.13385061126542,100.91451884868955,97.64651474311458,62.85935719206192,56.394060771807546,,,,,,,,,,,,
240,UP,6.928511702268701,55.53,b'stance0010',b'stance0019',b'stance0025',b'stance0015',,,,,,,,,,,,,,,,,,,,,,,,,150.10681330613326,157.37711547528815,156.69387924762088,161.0708457234331,101.26736142417191,98.45480096328228,62.64985783635939,56.180314950135156,,,,,,,,,,,,
241,UP,6.961057272348816,46.44,b'stance0010',b'stance0019',b'stance0025',b'stance0015',,,,,,,,,,,,,,,,,,,,,,,,,150.16344436956663,156.96697321325,157.35742345061828,161.27146228005884,101.80345353813442,97.88461867181522,63.38356291599936,56.424081705803005,,,,,,,,,,,,
242,UP,7.079093965745789,48.435,b'stance0010',b'stance0019',b'stance0025',b'stance0015',,,,,,,,,,,,,,,,,,,,,,,,,151.11920084383888,156.76191298555418,158.49859316025186,160.6436743699957,101.78344708650678,97.45172204419687,63.50413338993066,56.342582772692396,,,,,,,,,,,,
243,UP,7.062949152198699,53.379999999999995,b'stance0010',b'stance0019',b'stance0025',b'stance0015',,,,,,,,,,,,,,,,,,,,,,,,,150.8998572988854,156.85198980629846,157.87521289104188,161.05105796658182,101.98014407439373,97.35467630966578,64.30012234477431,56.30723781703236,,,,,,,,,,,,
244,UP,7.01958500527004,32.125,b'stance0010',b'stance0019',b'stance0025',b'stance0015',,,,,,,,,,,,,,,,,,,,,,,,,150.72191525317137,156.20491855683034,157.4635758893066,161.06404011053002,102.13896766991584,97.86026347829788,63.94426136468016,56.21676111035528,,,,,,,,,,,,
245,UP,7.017150665644513,65.355,b'stance0010',b'stance0019',b'stance0025',b'stance0015',,,,,,,,,,,,,,,,,,,,,,,,,151.21368170611677,156.52046873585306,157.43842442352658,160.75895614038134,102.16369742463063,97.85383416843015,64.26982734324775,56.30845610025425,,,,,,,,,,,,
246,UP,6.997654737642021,82.135,b'stance0010',b'stance0019',b'stance0025',b'stance0015',,,,,,,,,,,,,,,,,,,,,,,,,149.77903265547556,157.09128781602203,158.33705785079084,160.15971646814364,102.26165193506155,98.3149453552479,64.24527237209661,55.49576694104978,,,,,,,,,,,,
247,UP,6.987362759149475,41.955,b'stance0010',b'stance0019',b'stance0025',b'stance0015',,,,,,,,,,,,,,,,,,,,,,,,,148.62499469119695,157.03850638937325,158.51073013000376,161.44771209001337,101.27788588223524,98.74722455048068,63.70146709047893,55.848171176820856,,,,,,,,,,,,
248,UP,6.973319817138106,21.46,b'stance0010',b'stance0019',b'stance0025',b'stance0015',,,,,,,,,,,,,,,,,,,,,,,,,148.98076981745035,156.70485521716785,157.97248847415923,162.24653202605566,100.99791607704431,98.56703595300387,64.02151059815257,57.739841513919856,,,,,,,,,,,,
249,UP,6.984465662759077,59.515,b'stance0010',b'stance0019',b'stance0025',b'stance0015',,,,,,,,,,,,,,,,,,,,,,,,,147.61091257487772,156.13781796176517,157.71987444958125,162.07634034460455,101.36933031068294,98.2208836392455,62.91602588700269,56.364529673199414,,,,,,,,,,,,
250,UP,6.988618575965737,366.395,b'stance0010',b'stance0019',b'stance0025',b'stance0015',,,,,,,,,,,,,,,,,,,,,,,,,146.90143736680318,156.0573451475068,157.7830396941603,162.00094242062923,101.17608317792292,97.63594111916865,62.408877215325916,56.671087774893024,,,,,,,,,,,,
251,UP,7.528826867692758,55.934999999999995,b'stride0011',b'stance0019',b'stride0026',b'stride0016',,,,,,,,,,,,,,,,,,,,,,,,,146.3067905720592,161.65188844380026,161.34557863104155,160.65280249656692,102.62868658581979,96.0872240195593,68.30797612651034,57.40062471548096,,,,,,,,,,,,
252,UP,7.538380611124887,55.934999999999995,b'stance0011',b'stance0019',b'stance0026',b'stance0016',,,,,,,,,,,,,,,,,,,,,,,,,147.14900123346087,161.7763447207405,160.08769483139923,160.801326606551,102.46151375355943,96.37703407293479,67.03731575515528,57.3539452406568,,,,,,,,,,,,
