scorer,DLC_resnet50_SpiderDLC_62-111Jan20shuffle1_550000,DLC_resnet50_SpiderDLC_62-111Jan20shuffle1_550000,DLC_resnet50_SpiderDLC_62-111Jan20shuffle1_550000,DLC_resnet50_SpiderDLC_62-111Jan20shuffle1_550000,DLC_resnet50_SpiderDLC_62-111Jan20shuffle1_550000,DLC_resnet50_SpiderDLC_62-111Jan20shuffle1_550000,DLC_resnet50_SpiderDLC_62-111Jan20shuffle1_550000,DLC_resnet50_SpiderDLC_62-111Jan20shuffle1_550000,DLC_resnet50_SpiderDLC_62-111Jan20shuffle1_550000,DLC_resnet50_SpiderDLC_62-111Jan20shuffle1_550000,DLC_resnet50_SpiderDLC_62-111Jan20shuffle1_550000,DLC_resnet50_SpiderDLC_62-111Jan20shuffle1_550000,DLC_resnet50_SpiderDLC_62-111Jan20shuffle1_550000,DLC_resnet50_SpiderDLC_62-111Jan20shuffle1_550000,DLC_resnet50_SpiderDLC_62-111Jan20shuffle1_550000,DLC_resnet50_SpiderDLC_62-111Jan20shuffle1_550000,DLC_resnet50_SpiderDLC_62-111Jan20shuffle1_550000,DLC_resnet50_SpiderDLC_62-111Jan20shuffle1_550000,DLC_resnet50_SpiderDLC_62-111Jan20shuffle1_550000,DLC_resnet50_SpiderDLC_62-111Jan20shuffle1_550000,DLC_resnet50_SpiderDLC_62-111Jan20shuffle1_550000,DLC_resnet50_SpiderDLC_62-111Jan20shuffle1_550000,DLC_resnet50_SpiderDLC_62-111Jan20shuffle1_550000,DLC_resnet50_SpiderDLC_62-111Jan20shuffle1_550000,DLC_resnet50_SpiderDLC_62-111Jan20shuffle1_550000,DLC_resnet50_SpiderDLC_62-111Jan20shuffle1_550000,DLC_resnet50_SpiderDLC_62-111Jan20shuffle1_550000,DLC_resnet50_SpiderDLC_62-111Jan20shuffle1_550000,DLC_resnet50_SpiderDLC_62-111Jan20shuffle1_550000,DLC_resnet50_SpiderDLC_62-111Jan20shuffle1_550000,DLC_resnet50_SpiderDLC_62-111Jan20shuffle1_550000,DLC_resnet50_SpiderDLC_62-111Jan20shuffle1_550000,DLC_resnet50_SpiderDLC_62-111Jan20shuffle1_550000
bodyparts,L1,L1,L1,L2,L2,L2,L3,L3,L3,L4,L4,L4,R1,R1,R1,R2,R2,R2,R3,R3,R3,R4,R4,R4,Head,Head,Head,Body,Body,Body,Tail,Tail,Tail
coords,x,y,likelihood,x,y,likelihood,x,y,likelihood,x,y,likelihood,x,y,likelihood,x,y,likelihood,x,y,likelihood,x,y,likelihood,x,y,likelihood,x,y,likelihood,x,y,likelihood
0,715.2357788085938,701.8136596679688,0.9994897842407227,718.1270751953125,694.4098510742188,0.9975070953369141,674.7548217773438,682.8389892578125,1.0,599.1713256835938,696.9452514648438,0.9987891912460327,731.8629150390625,758.9208984375,0.9998124837875366,695.4984130859375,782.2781372070312,0.9999974966049194,633.1249389648438,776.9791259765625,0.9908308982849121,600.9568481445312,737.5723266601562,0.9621595144271851,671.8096313476562,738.7324829101562,0.999993085861206,666.387939453125,736.6314697265625,1.0,692.4686889648438,740.4899291992188,0.9041370153427124
1,715.169189453125,702.2059326171875,0.9990452527999878,718.258056640625,694.5785522460938,0.9990274906158447,674.8775634765625,682.6865234375,1.0,599.2142333984375,696.8574829101562,0.9986271858215332,732.03662109375,758.6340942382812,0.9999085068702698,695.5859375,781.9868774414062,0.9999967813491821,632.7106323242188,777.205810546875,0.9889224171638489,601.0081176757812,737.5175170898438,0.9521322250366211,671.7352905273438,738.8279418945312,0.9999934434890747,666.28515625,736.6123657226562,1.0,692.2689208984375,740.5106811523438,0.8706091642379761
2,716.8827514648438,701.099609375,0.9997727870941162,717.4237670898438,697.64306640625,0.9860135316848755,674.4715576171875,682.8109130859375,1.0,599.50830078125,697.2469482421875,0.9984315633773804,732.5568237304688,758.638671875,0.9999755620956421,694.9368286132812,782.30322265625,0.999991238117218,631.757080078125,776.016357421875,0.9905232787132263,601.3806762695312,737.4248657226562,0.9814049005508423,671.4969482421875,738.2853393554688,0.9999963641166687,665.0700073242188,736.045654296875,1.0,691.0050659179688,740.103271484375,0.885175347328186
3,716.2936401367188,701.587890625,0.9996039867401123,718.6785888671875,696.326171875,0.9994529485702515,674.7518920898438,682.7348022460938,1.0,602.1546020507812,698.080078125,0.9970002770423889,730.1819458007812,758.5380249023438,0.9999997019767761,692.80029296875,782.1425170898438,0.9999991655349731,630.247802734375,776.0200805664062,0.9463008046150208,601.6778564453125,737.62109375,0.9549158811569214,670.9406127929688,736.9190063476562,0.9999942183494568,661.8778076171875,734.0208129882812,1.0,687.7333374023438,737.18359375,0.6411125659942627
4,716.6102294921875,701.6423950195312,0.9999449849128723,716.600341796875,697.0565795898438,0.9983969926834106,674.3526000976562,682.4102783203125,1.0,599.1947021484375,697.8463745117188,0.9996689558029175,722.2788696289062,757.5884399414062,0.9999994039535522,644.0684814453125,786.1895751953125,0.9999803900718689,621.6837158203125,772.0176391601562,0.9999513626098633,601.8458862304688,737.9592895507812,0.9996556639671326,669.9484252929688,735.1695556640625,0.9999994039535522,657.9344482421875,732.8161010742188,1.0,646.7728271484375,731.15185546875,0.45357394218444824
5,712.314697265625,703.8805541992188,0.9999872446060181,676.4743041992188,686.6421508789062,0.9948296546936035,673.783447265625,683.1058959960938,0.9999997615814209,599.7520141601562,697.6651611328125,0.9999789595603943,694.7792358398438,774.273681640625,0.9999988079071045,639.2008056640625,785.988037109375,0.9999997615814209,619.5391845703125,769.0195922851562,0.9999997019767761,601.2481689453125,736.1104736328125,0.9999974370002747,664.0745239257812,735.40234375,0.9999992847442627,649.6580200195312,731.0850219726562,1.0,634.03662109375,724.3247680664062,0.9076859951019287
6,706.7205810546875,703.6566772460938,0.9999983310699463,675.6558837890625,687.7141723632812,0.9999046921730042,674.0473022460938,683.3892822265625,0.9999953508377075,600.6951904296875,697.3150634765625,0.9999992251396179,686.873291015625,770.40966796875,0.999999463558197,635.7251586914062,786.3840942382812,1.0,622.2227172851562,767.83056640625,0.9999984502792358,601.3310546875,733.5955200195312,0.9999995231628418,656.880126953125,732.8123168945312,0.999998927116394,640.8326416015625,729.6763305664062,1.0,626.1668701171875,723.2647094726562,0.9990019798278809
7,695.5106811523438,704.213623046875,0.9999954700469971,671.5570068359375,685.8373413085938,0.999995231628418,616.4341430664062,692.5166625976562,0.9983824491500854,600.9124755859375,697.5365600585938,0.9999991655349731,673.7001953125,756.9033203125,0.9999433159828186,639.0773315429688,783.6021118164062,0.9997904896736145,627.8209838867188,773.0411987304688,0.9999886751174927,612.2308349609375,750.7655029296875,0.9999963045120239,648.2492065429688,727.1682739257812,0.9999983310699463,630.8593139648438,726.7670288085938,0.9999995231628418,611.9766235351562,721.532958984375,0.9989931583404541
8,684.1873168945312,702.4683227539062,0.9999788999557495,660.4901733398438,679.7028198242188,0.9999912977218628,656.505615234375,678.330078125,0.9999865293502808,601.7006225585938,698.8435668945312,0.9999369382858276,660.8576049804688,755.100830078125,0.9999979138374329,667.9703979492188,773.7551879882812,0.9999889135360718,623.2962036132812,776.6314086914062,0.9999983906745911,599.7108764648438,749.9305419921875,0.9999969005584717,638.6614990234375,725.2894287109375,0.9999992847442627,623.2105102539062,724.5036010742188,1.0,602.4039916992188,722.11328125,0.99997878074646
9,670.705810546875,697.0801391601562,0.999962568283081,673.1521606445312,691.7745971679688,0.9996224641799927,636.5972900390625,670.1905517578125,0.9999604225158691,595.5429077148438,699.0156860351562,0.9994913935661316,647.4016723632812,749.96484375,0.9999756813049316,655.7771606445312,773.8173217773438,0.999997079372406,610.0427856445312,776.7930297851562,0.9999992847442627,584.3196411132812,746.86767578125,0.9999998807907104,630.874267578125,723.1453247070312,0.9999998211860657,613.1758422851562,722.7886962890625,1.0,592.5116577148438,720.6790161132812,0.9999988079071045
10,654.3518676757812,695.9417114257812,0.9999812841415405,660.77734375,687.9600219726562,0.9995741844177246,615.0009155273438,664.1492309570312,1.0,596.9257202148438,691.13037109375,0.9989758729934692,636.925537109375,747.1534423828125,0.9995929002761841,642.5157470703125,774.5938720703125,0.9999997615814209,596.173583984375,773.4296264648438,1.0,565.57177734375,744.8525390625,0.9999999403953552,621.8950805664062,719.6350708007812,0.9999998211860657,606.3104248046875,718.96435546875,1.0,588.2229614257812,711.5099487304688,0.999997615814209
11,642.6156005859375,692.26806640625,0.9999254941940308,648.8465576171875,686.7450561523438,0.9965581893920898,594.4541625976562,662.5115966796875,1.0,584.166748046875,687.9976196289062,0.8844703435897827,628.4813842773438,725.6380004882812,0.9958045482635498,627.8396606445312,769.5861206054688,0.9999955892562866,581.4230346679688,770.9282836914062,0.9999994039535522,549.99169921875,738.4635009765625,0.9996632933616638,610.1621704101562,715.3169555664062,0.9999998211860657,599.7349853515625,717.06298828125,1.0,579.7926635742188,711.1237182617188,0.999651312828064
12,629.2637329101562,690.2265625,0.9183099269866943,634.2922973632812,684.7574462890625,0.9195019006729126,577.4993896484375,662.4243774414062,0.9999961256980896,529.4344482421875,702.31494140625,0.9742299318313599,531.4658813476562,703.213623046875,0.9950162172317505,610.4369506835938,768.1110229492188,0.9935314059257507,607.7098999023438,770.2564697265625,0.9999730587005615,561.4552612304688,763.3248901367188,0.999800980091095,594.7274169921875,712.7021484375,0.9998170733451843,591.8715209960938,716.02783203125,1.0,618.5235595703125,718.6307373046875,0.9805370569229126
13,528.8544921875,729.3900756835938,0.9984449148178101,545.5432739257812,759.301025390625,0.9600638151168823,567.124755859375,658.80517578125,0.9996620416641235,614.2605590820312,738.968017578125,0.9998037815093994,519.6273803710938,694.4100952148438,0.999675989151001,569.1615600585938,666.8673095703125,0.9571136832237244,588.432861328125,767.9036865234375,0.9993817806243896,622.8023681640625,690.1250610351562,0.999812126159668,579.1007690429688,714.81298828125,0.9995338916778564,585.4081420898438,714.6244506835938,0.9999988079071045,612.8517456054688,715.0986938476562,0.9990177154541016
14,522.9732666015625,726.9613037109375,0.9862978458404541,530.2175903320312,753.1812133789062,0.9996833205223083,572.037109375,763.7220458984375,0.9988677501678467,603.9723510742188,732.7510986328125,0.9998329877853394,516.9918823242188,693.1215209960938,0.9999860525131226,557.2882690429688,667.4423217773438,0.993432879447937,572.3367309570312,759.7333374023438,0.9913185834884644,613.6925048828125,688.9844360351562,0.9999925494194031,565.8896484375,711.429443359375,0.999984622001648,577.341552734375,713.1674194335938,0.9999991059303284,601.3636474609375,711.5120849609375,0.9991865158081055
15,514.2691650390625,726.1834106445312,0.9935669898986816,514.636962890625,745.8544311523438,0.9999887943267822,554.9762573242188,757.0135498046875,0.9996985793113708,594.9449462890625,732.0263061523438,0.999977171421051,520.7621459960938,691.5530395507812,0.9999325275421143,550.5947265625,663.7081909179688,0.9939039945602417,558.5811157226562,656.042724609375,0.909077525138855,608.7337646484375,688.6069946289062,0.9999973177909851,556.65380859375,709.4365234375,0.999991774559021,568.7742919921875,710.5521850585938,0.9999982118606567,592.3216552734375,709.0953369140625,0.9996765851974487
16,505.84375,723.55810546875,0.9672623872756958,503.3540344238281,741.1133422851562,0.9999579191207886,542.384033203125,748.7039184570312,0.9381725788116455,589.9243774414062,729.3489990234375,0.9999405741691589,520.5238037109375,688.9725341796875,0.995719313621521,549.588623046875,664.5332641601562,0.7938164472579956,557.4298095703125,659.1544189453125,0.9364365935325623,607.6870727539062,687.5342407226562,0.9999845027923584,548.960205078125,707.4401245117188,0.9999867677688599,558.0753173828125,707.5140991210938,0.9999943971633911,584.2620239257812,708.7590942382812,0.9999761581420898
17,522.251220703125,703.7028198242188,0.8483289480209351,493.0079345703125,736.5942993164062,0.9989261627197266,500.335205078125,655.799072265625,0.8678411245346069,588.8065795898438,727.8614501953125,0.9998854994773865,514.7636108398438,687.1882934570312,0.9463222622871399,499.3900451660156,653.7623291015625,0.946043848991394,555.8187866210938,660.6505126953125,0.995879054069519,603.6757202148438,684.976806640625,0.9999850392341614,541.579345703125,704.9535522460938,0.999853253364563,549.1618041992188,705.2254028320312,0.9999978542327881,577.9235229492188,706.6920166015625,0.9999866485595703
18,487.9563903808594,719.9203491210938,0.9732155799865723,482.9003601074219,736.659912109375,0.998469352722168,531.3723754882812,740.3702392578125,0.9914018511772156,588.7304077148438,728.8372802734375,0.9962661266326904,506.5280456542969,675.1690673828125,0.23244640231132507,586.8532104492188,732.8358154296875,0.9958807229995728,531.1591796875,739.1333618164062,0.9987330436706543,597.5946655273438,685.1519775390625,0.9999065399169922,542.058349609375,702.6344604492188,0.9999004602432251,540.6873779296875,700.6541748046875,0.9999990463256836,568.7010498046875,707.5405883789062,0.9994409084320068
19,477.89886474609375,718.31640625,0.939367413520813,473.3880615234375,736.6179809570312,0.999794065952301,548.346923828125,661.5912475585938,0.999893069267273,584.683837890625,728.6770629882812,0.9749882221221924,493.2848205566406,664.2109375,0.26481854915618896,585.6602783203125,732.765625,0.9954676628112793,530.5641479492188,738.2627563476562,0.9999860525131226,471.79119873046875,732.28857421875,0.9998301863670349,541.6620483398438,700.2201538085938,0.9999969005584717,533.6157836914062,696.4407348632812,1.0,513.4091796875,691.7307739257812,0.9999933242797852
20,576.3143920898438,677.6746215820312,0.9987862706184387,553.390380859375,667.0066528320312,0.9999622106552124,547.1651611328125,661.0989379882812,0.9996083974838257,471.04571533203125,653.6790161132812,0.9997490048408508,475.4027404785156,660.2102661132812,0.1379338800907135,579.4190673828125,730.0460815429688,0.9999663829803467,530.5361938476562,738.9586791992188,0.9999999403953552,459.271728515625,732.2046508789062,0.9996607303619385,537.3394165039062,696.5230712890625,0.9999996423721313,525.5888671875,694.3509521484375,1.0,504.699462890625,689.5311889648438,0.9999992251396179
21,564.2061157226562,676.1328735351562,0.9999842643737793,551.5341186523438,664.771240234375,0.9999897480010986,468.286376953125,653.0198364257812,0.9986915588378906,471.58843994140625,660.3494262695312,0.9959437847137451,479.6163024902344,674.5888061523438,0.575183093547821,570.4978637695312,725.802978515625,0.99981689453125,529.3984375,738.9186401367188,1.0,453.8947448730469,731.3245849609375,0.9895700216293335,530.5105590820312,692.6861572265625,0.9999996423721313,518.2835693359375,692.92041015625,1.0,499.4747314453125,690.9608764648438,0.9986460208892822
22,457.83856201171875,709.9490966796875,0.9980760812759399,445.814697265625,728.7007446289062,0.9999918937683105,527.3388061523438,738.2440185546875,0.9985789060592651,561.5460205078125,718.9968872070312,0.9978201389312744,473.2340393066406,672.6364135742188,0.9998438358306885,559.8334350585938,722.956298828125,0.9998142719268799,528.216552734375,738.4039306640625,0.9999994039535522,444.888671875,726.3662719726562,0.9781771898269653,502.64642333984375,691.8710327148438,0.9999957084655762,515.5717163085938,691.8456420898438,0.9999999403953552,538.1890258789062,694.7753295898438,0.6283449530601501
23,452.7607727050781,707.5072021484375,0.9999102354049683,443.0921630859375,726.3674926757812,0.999998927116394,528.9163208007812,735.8677978515625,0.8646990060806274,549.912353515625,719.6897583007812,0.9214794039726257,458.2073974609375,672.6143188476562,0.9999498128890991,547.7732543945312,724.0145263671875,0.9999271631240845,527.7102661132812,737.8128051757812,0.9999997615814209,442.73333740234375,723.3411254882812,0.9343123435974121,496.162353515625,690.32275390625,0.99998939037323,508.6349792480469,690.14404296875,1.0,532.3710327148438,692.2330932617188,0.12775692343711853
24,546.8510131835938,669.37255859375,0.999993085861206,443.7179260253906,722.6275634765625,0.9999994039535522,528.73486328125,734.3419189453125,0.9453247785568237,531.0231323242188,709.7363891601562,0.6164246201515198,444.2343444824219,667.5325317382812,0.9999922513961792,467.85589599609375,653.4801025390625,0.999934196472168,527.9638671875,737.0997314453125,0.9999967813491821,548.2796630859375,671.3785400390625,0.7217747569084167,488.2215576171875,687.0009765625,0.999995768070221,503.3626708984375,687.97705078125,0.9999999403953552,519.9793090820312,691.8660278320312,0.7783588171005249
25,436.6862487792969,702.8919067382812,0.9999728202819824,443.65362548828125,721.0660400390625,0.9999997615814209,525.595703125,735.8087158203125,0.9983832836151123,519.7615966796875,708.46240234375,0.9997968673706055,434.3441467285156,660.207763671875,0.9999806880950928,466.68475341796875,652.3709716796875,0.9998119473457336,524.3668212890625,735.867431640625,0.9982618093490601,548.8085327148438,668.7672119140625,0.9987766146659851,481.31695556640625,685.6966552734375,0.9999998211860657,496.6305236816406,687.1072387695312,0.9999997019767761,517.8212280273438,688.1983032226562,0.999955415725708
26,426.560302734375,699.5433349609375,0.9998445510864258,443.3841247558594,719.2637329101562,0.999997079372406,515.2185668945312,734.890625,0.9964069128036499,516.2998046875,708.4229736328125,0.9999154210090637,424.1453552246094,660.1446533203125,0.9996164441108704,514.702392578125,717.505126953125,0.9980614185333252,513.6531982421875,736.8470458984375,0.9996551871299744,549.0910034179688,669.5532836914062,0.994714617729187,473.739501953125,684.3545532226562,0.9999931454658508,487.39581298828125,684.92333984375,0.9999998807907104,512.2534790039062,688.4108276367188,0.9998214244842529
27,419.24493408203125,696.538818359375,0.9998594522476196,445.08624267578125,720.1669921875,0.9999129772186279,476.96868896484375,633.8253784179688,0.9914286732673645,515.238525390625,707.8195190429688,0.9998941421508789,416.5636291503906,657.6217041015625,0.9990460872650146,513.92578125,714.8924560546875,0.9718095064163208,502.4517822265625,736.2318115234375,0.9997439384460449,545.4395751953125,667.1546020507812,0.9984560012817383,468.9805603027344,682.9550170898438,0.9999785423278809,479.65313720703125,681.6596069335938,0.9999997615814209,504.7143859863281,686.172119140625,0.9998764395713806
28,412.76617431640625,695.1432495117188,0.999659538269043,445.7210388183594,718.76953125,0.9996474981307983,485.92620849609375,737.9951171875,0.9978325963020325,514.3970336914062,708.283203125,0.9999825358390808,406.2876892089844,657.4273071289062,0.9999885559082031,462.7548522949219,647.8421630859375,0.9974990487098694,487.2170715332031,737.479736328125,0.9972639679908752,535.6091918945312,668.131103515625,0.9983389973640442,460.354736328125,680.6458740234375,0.9998887181282043,470.0638427734375,681.7152099609375,0.9999995827674866,498.9675598144531,683.9807739257812,0.9998223781585693
29,405.8308410644531,693.9235229492188,0.9992345571517944,404.5849609375,708.2217407226562,0.9925192594528198,466.4842529296875,737.1316528320312,0.9996076822280884,514.6102905273438,708.9984130859375,0.9997953176498413,397.3644714355469,659.0380249023438,0.9999433159828186,446.40771484375,636.0916137695312,0.9987567663192749,467.2291564941406,738.9448852539062,0.9987215995788574,525.2098999023438,663.4470825195312,0.9996997714042664,451.6752014160156,678.5823974609375,0.999986469745636,464.90740966796875,678.7720947265625,0.9999995231628418,490.7485046386719,681.9896850585938,0.9999445676803589
30,402.9757080078125,696.0838012695312,0.8261154890060425,398.99810791015625,708.6785888671875,0.9915456175804138,449.0334167480469,734.84814453125,0.9991121888160706,513.8682861328125,708.6502685546875,0.9996904134750366,393.13885498046875,661.3783569335938,0.9993948936462402,514.1348876953125,710.2708740234375,0.9854341745376587,449.54364013671875,735.9243774414062,0.999979555606842,514.6386108398438,659.1615600585938,0.9988762736320496,452.29119873046875,677.6677856445312,0.9988535046577454,454.6441955566406,678.94921875,1.0,483.3824157714844,680.669189453125,0.9996873140335083
31,394.4232177734375,696.2749633789062,0.8812065124511719,391.6865539550781,710.3375854492188,0.9877358675003052,435.6864013671875,735.7100219726562,0.9998435974121094,388.2649841308594,662.5806884765625,0.998878002166748,389.3316955566406,661.1594848632812,0.9994120597839355,512.3610229492188,709.3257446289062,0.9990190267562866,437.2126159667969,735.7938842773438,0.9982099533081055,502.2600402832031,654.187744140625,0.9983938932418823,446.4300537109375,676.963623046875,0.9998039603233337,448.2635803222656,678.9761962890625,1.0,474.0870056152344,681.7492065429688,0.9999017119407654
32,481.7011413574219,646.517333984375,0.9921847581863403,385.9384765625,708.3759765625,0.9872053861618042,449.7539367675781,630.6326293945312,0.9999836683273315,386.1002502441406,653.5679931640625,0.9812129735946655,388.1558837890625,658.0518798828125,0.9998931884765625,505.28497314453125,707.7584228515625,0.9999207854270935,425.915283203125,725.6890258789062,0.9998633861541748,485.00714111328125,650.53759765625,0.9738895893096924,433.83514404296875,679.0994262695312,0.9999045133590698,440.8092041015625,678.3955078125,1.0,467.0711669921875,681.0585327148438,0.9981042146682739
33,377.0842590332031,697.8616333007812,0.998082160949707,408.1793518066406,718.6433715820312,0.9968236684799194,417.56231689453125,731.3519897460938,0.9999958276748657,374.3487243652344,649.5250854492188,0.9984899759292603,385.3800048828125,660.7144165039062,0.9999756813049316,500.2243957519531,705.3189086914062,0.9957945346832275,420.0090026855469,726.809326171875,0.9749508500099182,375.3736877441406,702.7401733398438,0.6282839775085449,424.7037353515625,679.31591796875,0.999992847442627,436.05938720703125,678.932373046875,1.0,459.7287292480469,683.262939453125,0.9998211860656738
34,369.6529541015625,697.6464233398438,0.9989078044891357,380.47613525390625,715.4755249023438,0.9998125433921814,418.4013671875,730.6377563476562,0.9999996423721313,359.70343017578125,647.2788696289062,0.9991787075996399,384.45880126953125,661.4712524414062,0.999634861946106,496.1048278808594,702.92236328125,0.9886402487754822,451.63970947265625,632.8209228515625,0.9870892763137817,451.6769714355469,656.5488891601562,0.33267611265182495,418.2079162597656,680.4677734375,0.9999982118606567,430.0209655761719,681.1057739257812,1.0,453.6808776855469,681.7655639648438,0.9999560117721558
35,365.0262756347656,699.8119506835938,0.9998855590820312,365.40869140625,714.9010620117188,0.9999933242797852,416.95098876953125,731.1276245117188,0.9999995827674866,350.2214660644531,651.42626953125,0.9816349744796753,483.91650390625,695.6544189453125,0.9996768236160278,485.3565368652344,701.8912353515625,0.9766861200332642,419.75103759765625,726.647216796875,0.959087610244751,362.83819580078125,711.3734130859375,0.28867027163505554,412.60369873046875,680.8278198242188,0.9999730587005615,420.88897705078125,680.2427978515625,1.0,448.2340393066406,682.1403198242188,0.9967652559280396
36,455.1279602050781,646.0175170898438,0.999992311000824,357.3013916015625,720.5680541992188,0.9999994039535522,416.84716796875,730.1219482421875,0.9999889135360718,342.56134033203125,657.2991333007812,0.9996657967567444,476.29229736328125,696.5650634765625,0.9999743700027466,421.176513671875,712.8938598632812,0.9011521339416504,419.0934143066406,727.4149780273438,0.9959222078323364,358.51995849609375,715.7487182617188,0.7576758861541748,422.7721252441406,678.1475830078125,0.9999973177909851,415.0642395019531,681.0454711914062,1.0,440.23565673828125,683.9029541015625,0.9039040803909302
37,452.1466979980469,646.2719116210938,0.9999895095825195,345.0863037109375,724.3499145507812,0.9999985694885254,419.8139953613281,625.6448974609375,0.9999988079071045,342.6758728027344,656.7987670898438,0.9999290704727173,463.4043273925781,695.2102661132812,0.9981922507286072,466.03466796875,702.9675903320312,0.9933516979217529,418.37530517578125,727.6177368164062,0.9966123104095459,343.06109619140625,722.5779418945312,0.997984766960144,415.31378173828125,676.8482055664062,0.9999995827674866,407.2035217285156,676.9413452148438,1.0,393.9968566894531,674.642822265625,0.9600924253463745
38,363.526123046875,696.4074096679688,0.9996514320373535,338.2547302246094,727.015625,0.9999897480010986,403.0084228515625,625.464111328125,0.9999921321868896,453.0765380859375,705.0917358398438,0.9975794553756714,346.6080322265625,657.8076782226562,0.9997696876525879,416.3202209472656,713.7735595703125,0.9524005651473999,417.3295593261719,729.2208862304688,0.9994996786117554,334.6037902832031,725.4419555664062,0.9989916086196899,391.2039794921875,679.8759155273438,0.9999864101409912,402.1963806152344,677.8897094726562,1.0,424.3580017089844,681.8651123046875,0.9615866541862488
39,363.5652770996094,693.3272705078125,0.9981143474578857,329.2435607910156,724.6699829101562,0.9999967813491821,415.87152099609375,730.0084838867188,0.9999860525131226,436.476806640625,705.4580688476562,0.9999759197235107,347.5177001953125,658.8309936523438,0.999990701675415,378.4224853515625,630.51025390625,0.9856666326522827,417.1062927246094,728.7035522460938,0.9958949089050293,326.69525146484375,723.9226684570312,0.9997544288635254,380.1437683105469,680.5274658203125,0.9999990463256836,393.3709716796875,680.7705688476562,1.0,419.2381286621094,679.6949462890625,0.9999916553497314
40,357.52239990234375,692.3458862304688,0.9406185150146484,323.6358947753906,722.98291015625,0.9999990463256836,416.3896179199219,729.3941040039062,0.999913215637207,417.5857849121094,703.828369140625,0.9999616146087646,344.9027404785156,660.8515625,0.9999892115592957,363.97283935546875,630.6865844726562,0.998877227306366,418.5849609375,728.0982055664062,0.9964058995246887,319.7497863769531,722.166259765625,0.9689903259277344,372.93499755859375,679.7877197265625,0.9999995231628418,388.4181823730469,680.302734375,0.9999998807907104,410.94207763671875,679.9346313476562,0.9999990463256836
41,355.5686950683594,690.6251220703125,0.9760202765464783,314.9655456542969,720.0280151367188,0.9999980926513672,356.58349609375,631.1942138671875,0.7636943459510803,403.80914306640625,700.701171875,0.9998880624771118,329.16241455078125,660.6361694335938,0.999988853931427,353.0928955078125,634.7113647460938,0.9998168349266052,417.32318115234375,727.6618041992188,0.29651153087615967,436.8013000488281,655.7049560546875,0.9616912603378296,365.09661865234375,680.914306640625,0.999998152256012,378.7937927246094,681.2775268554688,0.9999996423721313,402.6723327636719,677.8003540039062,0.9999984502792358
42,345.311767578125,689.5980834960938,0.9908182621002197,312.5682373046875,716.7061157226562,0.9999979734420776,404.15435791015625,726.4696655273438,0.9494550228118896,394.8078308105469,701.0508422851562,0.9999451637268066,314.0562744140625,659.8500366210938,0.9999927282333374,352.7654724121094,633.3195190429688,0.9989540576934814,434.2837219238281,646.568359375,0.2916695475578308,427.81231689453125,654.5797729492188,0.9906591773033142,356.79595947265625,679.7723388671875,0.9999998807907104,372.83148193359375,681.1134643554688,0.9999998807907104,395.3995056152344,679.7245483398438,0.9999995231628418
43,323.5190734863281,697.587890625,0.9816513061523438,310.7969970703125,712.6499633789062,0.9999504685401917,398.49261474609375,729.9452514648438,0.9883463382720947,394.1172180175781,704.6956176757812,0.9970283508300781,299.0518493652344,659.5408325195312,0.9999855160713196,346.3038330078125,639.9725341796875,0.9984016418457031,399.4005126953125,728.360595703125,0.9982860088348389,420.3527526855469,653.7706909179688,0.9989066123962402,351.17767333984375,680.9867553710938,0.9999990463256836,365.8335876464844,680.24267578125,0.9999992847442627,389.431396484375,679.1957397460938,0.999995231628418
44,311.32879638671875,699.50048828125,0.9992603659629822,310.3565979003906,711.9535522460938,0.9999963641166687,352.22540283203125,632.6583862304688,0.9964495301246643,396.50482177734375,706.5906982421875,0.9998464584350586,290.5057373046875,661.0565185546875,0.999746561050415,343.6379089355469,641.2916259765625,0.9898619651794434,386.55169677734375,729.6085205078125,0.9979446530342102,412.0838928222656,650.6603393554688,0.9921602010726929,344.708251953125,681.352294921875,0.9999938011169434,358.0064697265625,680.3797607421875,1.0,380.9001770019531,680.8178100585938,0.9999444484710693
45,398.44744873046875,647.7081298828125,0.9986369609832764,307.263671875,711.0407104492188,0.9999494552612305,352.2248840332031,629.45654296875,0.999557375907898,279.7988586425781,664.818603515625,0.9983482360839844,282.2020568847656,662.5631713867188,0.9965234994888306,394.4762268066406,710.0912475585938,0.9976892471313477,373.0766906738281,731.4524536132812,0.9998103380203247,302.697021484375,707.2236328125,0.9957574009895325,351.47320556640625,678.5429077148438,0.9999288320541382,349.6830139160156,679.9682006835938,0.9999998807907104,373.220703125,681.6846923828125,0.9936522841453552
46,384.4092712402344,648.124267578125,0.9999210834503174,357.95867919921875,634.3104858398438,0.9994338154792786,353.170654296875,629.6734619140625,0.9999954700469971,276.09765625,666.9249267578125,0.9992647171020508,277.8012390136719,663.6760864257812,0.9865624904632568,395.4743957519531,708.6088256835938,0.9998477101325989,357.6704406738281,732.922119140625,0.999976396560669,293.13201904296875,706.1932983398438,0.9998234510421753,352.4998474121094,677.5269775390625,0.9999998807907104,341.594482421875,679.4668579101562,1.0,327.5809631347656,679.7992553710938,0.9944629669189453
47,373.0005187988281,648.5908203125,0.9997290372848511,358.3758239746094,632.6444091796875,0.997789740562439,339.796875,736.6151123046875,0.999911904335022,273.0732421875,666.190185546875,0.9979746341705322,274.4171142578125,662.3763427734375,0.9992680549621582,394.3810729980469,709.6093139648438,0.9971016645431519,340.885498046875,738.9630126953125,0.9999426603317261,281.5226135253906,709.0054931640625,0.9925950765609741,340.25677490234375,678.7352905273438,0.9999837875366211,335.48577880859375,681.036376953125,1.0,359.8428649902344,684.53759765625,0.9855849742889404
48,355.2414855957031,653.1554565429688,0.9958537817001343,355.13983154296875,634.7784423828125,0.9999759197235107,322.77423095703125,734.3511962890625,0.9992424249649048,271.88665771484375,661.2684326171875,0.9681552648544312,389.66357421875,703.1156005859375,0.999729335308075,392.1283874511719,707.6492919921875,0.9963595867156982,323.13177490234375,735.4505615234375,0.9998429417610168,270.5806884765625,708.5254516601562,0.4619273245334625,335.4362487792969,677.7178955078125,0.9999990463256836,326.2339172363281,680.4727172851562,1.0,312.9140625,683.1113891601562,0.9129315614700317
49,263.6031188964844,701.489990234375,0.9986414313316345,304.3341064453125,716.9334716796875,0.9993285536766052,307.4573059082031,732.3819580078125,0.9999996423721313,265.2623291015625,653.210693359375,0.9787838459014893,269.9795227050781,662.5938720703125,0.9998594522476196,387.63214111328125,706.727783203125,0.7900978326797485,351.9057922363281,630.6642456054688,0.9767169952392578,340.5839538574219,657.709228515625,0.9755798578262329,308.5159912109375,681.8767700195312,0.9999980926513672,320.7184143066406,681.3013305664062,0.9999998807907104,346.595703125,685.2742919921875,0.999830424785614
50,258.785400390625,700.3147583007812,0.9986565113067627,294.4948425292969,720.0873413085938,0.9988620281219482,296.43634033203125,729.9638671875,0.9999970197677612,256.5350341796875,652.0721435546875,0.9543420672416687,265.47259521484375,663.2059936523438,0.9999767541885376,377.1088562011719,705.9686889648438,0.9406274557113647,340.0775146484375,627.7091064453125,0.7334896922111511,338.86798095703125,655.8970336914062,0.9883817434310913,301.8708190917969,682.5293579101562,0.999995768070221,315.0290832519531,683.9691772460938,0.9999999403953552,339.1326599121094,684.7935791015625,0.9996888041496277
51,342.9348449707031,652.1420288085938,0.9654000997543335,326.82708740234375,623.7933959960938,0.9977638125419617,295.6806945800781,729.7722778320312,0.9999765157699585,241.92013549804688,649.1482543945312,0.9980957508087158,367.2724304199219,701.7317504882812,0.9987678527832031,370.1414794921875,707.3143920898438,0.8926941752433777,294.48931884765625,727.1502075195312,0.9718687534332275,250.03318786621094,707.336181640625,0.9981729388237,297.79132080078125,683.2633056640625,0.9998934864997864,304.1499938964844,683.0120849609375,1.0,334.638671875,687.557861328125,0.9884796142578125
52,339.5294189453125,655.453125,0.9745625853538513,345.4387512207031,647.8768920898438,0.9999247789382935,304.38055419921875,624.9290161132812,0.9998915195465088,232.3079071044922,647.7318725585938,0.9999290704727173,355.6766662597656,704.5975341796875,0.9660766124725342,358.60064697265625,709.3317260742188,0.9923601150512695,295.915771484375,726.758056640625,0.999936580657959,244.6578369140625,705.6218872070312,0.9999040365219116,305.7647705078125,682.4070434570312,0.9999998807907104,295.35321044921875,680.1747436523438,1.0,279.4454650878906,676.6690673828125,0.9991648197174072
53,237.3992919921875,700.2590942382812,0.9814904928207397,241.9435577392578,717.50439453125,0.999980092048645,293.26190185546875,730.2415161132812,0.9998533725738525,226.60301208496094,649.289794921875,0.9995661973953247,228.602294921875,649.6161499023438,0.9979380369186401,346.9945983886719,710.1626586914062,0.8743060827255249,295.2169189453125,727.684814453125,0.9989984035491943,237.80316162109375,709.0330810546875,0.9956464767456055,291.0520324707031,683.6307983398438,0.9999671578407288,291.2701110839844,681.5590209960938,1.0,319.3887634277344,686.8275146484375,0.9925910234451294
54,235.9812774658203,700.8868408203125,0.9965952634811401,233.72421264648438,717.5045776367188,0.9999942779541016,293.69415283203125,729.5350952148438,0.9999886751174927,334.814208984375,707.3955078125,0.9999862909317017,224.6077423095703,650.9025268554688,0.9992179870605469,257.73876953125,629.000244140625,0.9997086524963379,294.96044921875,727.1714477539062,0.9455304145812988,233.8875274658203,715.38037109375,0.9687774181365967,275.1278991699219,680.4481811523438,0.9999983906745911,283.06243896484375,681.5466918945312,0.9999999403953552,308.1911926269531,681.35400390625,0.9986916780471802
55,233.9217071533203,701.2400512695312,0.9942353963851929,224.38087463378906,719.8916015625,0.9999899864196777,293.8749084472656,729.9389038085938,0.9999938011169434,319.84808349609375,708.9027709960938,0.9999709129333496,217.68016052246094,647.0809326171875,0.9910702109336853,248.5430908203125,633.8712768554688,0.9998356699943542,295.5891418457031,729.5563354492188,0.9672656655311584,221.369140625,717.3269653320312,0.9874899387359619,266.02374267578125,681.4033813476562,0.9999973773956299,277.7139587402344,680.83544921875,0.9999996423721313,303.78265380859375,683.828857421875,0.9999178647994995
56,237.32403564453125,694.105224609375,0.998091459274292,213.9234161376953,721.975341796875,0.9999942779541016,293.61962890625,730.1981201171875,0.9997577667236328,303.0501708984375,708.6682739257812,0.9983886480331421,215.06007385253906,648.4121704101562,0.994002103805542,245.57778930664062,635.1217651367188,0.9995592832565308,294.9037780761719,728.0155639648438,0.9981345534324646,212.93588256835938,720.2355346679688,0.9963117241859436,258.7973937988281,679.8157348632812,0.9999998807907104,271.17474365234375,680.8555908203125,0.9999997615814209,295.7831726074219,680.2443237304688,0.9999849796295166
57,235.412109375,692.454345703125,0.9916576147079468,203.46380615234375,721.609130859375,0.9999984502792358,292.03546142578125,725.9442749023438,0.9994635581970215,290.1628723144531,704.2927856445312,0.9999898672103882,222.40577697753906,661.5594482421875,0.9998098611831665,244.09063720703125,633.830810546875,0.9990779161453247,293.97418212890625,727.62109375,0.9851599931716919,324.76824951171875,659.2664184570312,0.9958800077438354,250.6414031982422,680.4185791015625,0.999999463558197,263.9437255859375,682.327880859375,0.9999998807907104,289.7281494140625,679.5728759765625,0.9999970197677612
58,233.280029296875,690.734375,0.9456396102905273,196.65673828125,723.1061401367188,0.9999991655349731,288.1167907714844,730.2021484375,0.9810647964477539,289.83868408203125,706.1663818359375,0.9999697804450989,210.16546630859375,658.9915771484375,0.9999966621398926,243.12429809570312,637.0906372070312,0.9915387630462646,253.78021240234375,629.2734985351562,0.9955551624298096,317.4498291015625,660.5758666992188,0.9937945008277893,245.4798126220703,680.5029296875,0.9999998807907104,259.25836181640625,681.2615356445312,1.0,283.747802734375,681.957275390625,0.9999951124191284
59,228.23873901367188,692.5040893554688,0.66681307554245,189.524169921875,722.043701171875,0.999998927116394,271.2231140136719,735.8699951171875,0.999663233757019,290.3335266113281,706.81787109375,0.9999918937683105,198.90716552734375,657.6884765625,0.9999766945838928,241.64266967773438,634.66552734375,0.44374001026153564,252.15032958984375,630.1468505859375,0.9996316432952881,309.11590576171875,658.9797973632812,0.9994537830352783,238.36672973632812,681.6324462890625,0.999999463558197,252.0228271484375,681.9196166992188,0.9999998807907104,277.148681640625,682.3682250976562,0.9999867677688599
60,220.89768981933594,693.7448120117188,0.6127874851226807,188.8892822265625,719.9110107421875,0.9999881982803345,254.97509765625,735.3865356445312,0.9999760985374451,291.2367858886719,707.2991943359375,0.9999942183494568,186.92799377441406,658.1061401367188,0.9999643564224243,291.47412109375,707.8087768554688,0.9158619046211243,255.52294921875,738.8408813476562,0.9960848093032837,298.5977783203125,658.7880859375,0.9982246160507202,234.0911865234375,681.9071655273438,0.9999915361404419,244.08831787109375,681.141357421875,1.0,271.83294677734375,684.7725830078125,0.9996298551559448
61,281.8330993652344,654.5809936523438,0.9990107417106628,187.61073303222656,720.1510620117188,0.9996076822280884,197.57273864746094,641.3846435546875,0.9998788833618164,174.8876953125,657.4981689453125,0.9998472929000854,178.7793426513672,657.991943359375,0.9935480952262878,290.5823059082031,708.2135620117188,0.9999261498451233,239.20779418945312,735.7073364257812,0.9998440742492676,186.40122985839844,718.4685668945312,0.9990397095680237,247.73777770996094,681.4287109375,0.9999917149543762,238.0189971923828,683.4219970703125,1.0,230.74429321289062,685.7815551757812,0.3574482202529907
62,268.7238464355469,652.7755737304688,0.9999951124191284,251.18887329101562,633.597900390625,0.9999393224716187,196.6746368408203,641.3033447265625,0.9999977350234985,165.72674560546875,657.216552734375,0.9999980926513672,288.5228271484375,704.3727416992188,0.9992613792419434,289.63079833984375,709.2372436523438,0.999996542930603,227.68162536621094,735.1947631835938,1.0,187.95578002929688,716.36279296875,0.9999990463256836,243.4977569580078,679.7947387695312,1.0,230.80859375,683.350830078125,1.0,213.17408752441406,689.6852416992188,0.9999971389770508
63,255.72164916992188,652.6524658203125,0.9998393058776855,250.26803588867188,635.4442138671875,0.9999870657920837,197.28775024414062,639.6841430664062,0.9999990463256836,160.82666015625,660.0748901367188,0.9999759197235107,287.7379455566406,704.7242431640625,0.9999053478240967,289.2657165527344,708.0376586914062,0.9990010261535645,215.64630126953125,729.8969116210938,0.9999991059303284,187.3822021484375,716.4900512695312,0.9999972581863403,235.03245544433594,680.2120361328125,0.9999998807907104,223.12913513183594,683.5753173828125,1.0,206.0208282470703,689.3333129882812,0.999658465385437
64,178.9560089111328,702.2532958984375,0.9997666478157043,247.80389404296875,636.4441528320312,0.9999794960021973,198.03968811035156,641.0194702148438,0.9999985098838806,151.50831604003906,660.21826171875,0.999574601650238,280.66729736328125,703.8681640625,0.9981611967086792,280.8399353027344,708.1177368164062,0.9907100200653076,203.32139587402344,726.8340454101562,0.9628512859344482,186.2721405029297,708.169189453125,0.962299108505249,222.98025512695312,679.5134887695312,0.9999076128005981,216.79579162597656,682.2398681640625,0.9999995231628418,242.5242462158203,685.5026245117188,0.9901485443115234
65,232.12777709960938,652.4442138671875,0.9963330030441284,241.80299377441406,634.336181640625,0.9999974966049194,196.51829528808594,641.15869140625,1.0,146.33409118652344,660.8984985351562,0.9998767375946045,273.9168395996094,703.1906127929688,0.9996923804283142,274.2903747558594,706.7599487304688,0.9807643890380859,198.67745971679688,727.0422973632812,0.9999797344207764,160.4556121826172,707.5089721679688,0.9995657205581665,217.66912841796875,679.9922485351562,0.9999939799308777,208.26083374023438,682.1136474609375,0.9999998807907104,191.2859344482422,684.2802124023438,0.9068388938903809
66,229.2838897705078,658.9461059570312,0.9998960494995117,230.82937622070312,629.5836791992188,0.9999992251396179,195.05148315429688,641.315185546875,1.0,141.88710021972656,661.8187255859375,0.9999920129776001,264.7850341796875,704.2689819335938,0.9999116063117981,204.23193359375,723.7589111328125,0.9986110925674438,197.57427978515625,727.7799072265625,1.0,145.9608612060547,708.3638305664062,0.9999979734420776,213.1283416748047,678.63037109375,1.0,198.28514099121094,682.1967163085938,1.0,183.51426696777344,683.2991943359375,0.9999561309814453
67,230.34800720214844,656.9151611328125,0.9998645782470703,215.0632781982422,625.431884765625,0.9981425404548645,190.75843811035156,644.4729614257812,0.9999639987945557,141.19329833984375,662.496826171875,0.9999819397926331,252.75221252441406,706.4183959960938,0.9999088048934937,256.5157775878906,711.3612670898438,0.9995226860046387,197.06663513183594,729.6282958984375,1.0,135.22796630859375,704.8960571289062,0.9999578595161438,207.6973876953125,679.3951416015625,0.9999998807907104,192.12477111816406,681.7649536132812,1.0,175.1100311279297,682.70556640625,0.9995918273925781
68,228.39231872558594,659.3800048828125,0.9995207786560059,231.38282775878906,651.7321166992188,0.9996594190597534,182.66868591308594,638.6994018554688,0.9999500513076782,141.14125061035156,661.6785888671875,0.999965488910675,242.93756103515625,707.7232666015625,0.9995895624160767,199.8257598876953,723.3587646484375,0.9999949932098389,196.07386779785156,729.9189453125,0.9999998807907104,131.0229034423828,700.43505859375,0.9999801516532898,199.16281127929688,680.1563110351562,0.9999999403953552,185.06655883789062,680.8209228515625,1.0,168.20518493652344,681.8985595703125,0.9999834299087524
69,123.26882934570312,696.562744140625,0.9543497562408447,231.888427734375,653.2647705078125,0.9845932126045227,171.5059051513672,630.7447509765625,0.9993002414703369,140.51266479492188,662.3986206054688,0.9972236156463623,139.99176025390625,662.7296752929688,0.9970772862434387,229.77606201171875,716.5311279296875,0.9993971586227417,198.38882446289062,729.843505859375,0.9999992847442627,143.2923126220703,718.475830078125,0.9998914003372192,188.20457458496094,679.21826171875,0.9995306134223938,179.72496032714844,681.4228515625,1.0,203.65164184570312,681.12841796875,0.9910286664962769
70,119.512939453125,697.4856567382812,0.9927273392677307,125.7240982055664,718.744384765625,0.9998550415039062,152.0126953125,630.569091796875,0.999754786491394,216.59031677246094,713.83935546875,0.9898251295089722,137.3153533935547,660.2201538085938,0.9701766967773438,211.15753173828125,715.93603515625,0.996882975101471,199.7790069580078,730.8765258789062,0.999873161315918,228.48184204101562,660.1719360351562,0.9995115995407104,168.14962768554688,678.9741821289062,0.999840259552002,173.40728759765625,680.40380859375,0.9999991655349731,199.89297485351562,682.4769897460938,0.9998418688774109
71,109.92900848388672,696.9658813476562,0.9998908042907715,110.32087707519531,713.7055053710938,0.9999808073043823,197.75892639160156,730.353515625,0.9965883493423462,197.0953369140625,704.1048583984375,0.999633252620697,134.39862060546875,659.0082397460938,0.9905948638916016,197.9550323486328,713.2540893554688,0.9952058792114258,200.60691833496094,729.0067138671875,0.997368335723877,226.43655395507812,659.9727172851562,0.9907147884368896,154.95712280273438,679.1699829101562,0.999995768070221,168.50234985351562,679.6097412109375,0.9999998211860657,191.65121459960938,680.9024658203125,0.9999806880950928
72,105.05491638183594,696.6845092773438,0.9996220469474792,98.42539978027344,710.9622802734375,0.9999902248382568,195.39990234375,725.4345092773438,0.5629705190658569,186.8650665283203,699.6893920898438,0.9993743896484375,127.16919708251953,658.3173217773438,0.9955641031265259,132.90745544433594,633.6185302734375,0.9958235025405884,142.0528106689453,627.2960815429688,0.12544894218444824,221.80841064453125,660.8737182617188,0.950738787651062,146.51217651367188,676.77099609375,0.9999997615814209,161.0648651123047,678.8726806640625,0.9999998807907104,183.64712524414062,678.1959228515625,0.9999990463256836
73,108.7228775024414,692.4483032226562,0.9995065331459045,88.34215545654297,711.3795776367188,0.9999693632125854,191.8864288330078,725.561767578125,0.7624603509902954,182.09971618652344,701.3096923828125,0.990181565284729,101.05980682373047,641.7044677734375,0.99924236536026,131.90895080566406,630.9752197265625,0.995326578617096,194.7342071533203,726.0128784179688,0.8336751461029053,86.36150360107422,709.020751953125,0.9976383447647095,140.95738220214844,675.33837890625,0.999997615814209,153.8402099609375,677.5179443359375,0.9999998807907104,179.08665466308594,678.4102172851562,0.999992311000824
74,112.37118530273438,689.5987548828125,0.9999916553497314,81.21929931640625,714.49365234375,0.9996404647827148,182.94476318359375,727.0825805664062,0.9956833124160767,184.01675415039062,704.2184448242188,0.9973511099815369,92.4521713256836,643.0261840820312,0.9994150400161743,131.7149200439453,631.7327880859375,0.9956916570663452,183.64439392089844,727.348876953125,0.9972186088562012,78.14514923095703,712.4296875,0.9982391595840454,133.34527587890625,675.2647094726562,0.9999997019767761,147.66502380371094,677.8215942382812,1.0,173.62303161621094,679.7850952148438,0.999992847442627
75,111.61621856689453,688.6964721679688,0.9997305870056152,77.05866241455078,716.444580078125,0.999822735786438,134.1397705078125,629.0230102539062,0.9968591928482056,79.90919494628906,636.3397827148438,0.9952033758163452,105.42196655273438,656.3598022460938,0.9988410472869873,179.20462036132812,712.7385864257812,0.9908109903335571,170.0814666748047,728.9533081054688,0.9998086094856262,73.59323120117188,715.0491333007812,0.9987045526504517,130.24342346191406,676.8643188476562,0.9999881982803345,140.52476501464844,676.8060302734375,1.0,166.98785400390625,680.3409423828125,0.9993127584457397
76,107.1290054321289,691.7998046875,0.9536032676696777,194.42015075683594,649.17138671875,0.9999663233757019,133.56097412109375,630.7999877929688,0.9999969005584717,76.58599090576172,638.773681640625,0.9949513673782349,95.86184692382812,654.3887329101562,0.9759612679481506,184.23800659179688,711.3717651367188,0.9976303577423096,148.63449096679688,727.7570190429688,0.9999903440475464,72.38546752929688,715.4260864257812,0.9999482035636902,141.9280242919922,676.8760375976562,0.9999997019767761,132.30662536621094,676.025146484375,1.0,121.9526138305664,677.5955200195312,0.9928653240203857
77,176.12969970703125,648.6962280273438,0.9995304346084595,71.85128784179688,718.8441162109375,0.9999371767044067,133.89537048339844,628.5004272460938,0.9999992847442627,72.0433349609375,643.7424926757812,0.9566254615783691,81.35918426513672,654.9442749023438,0.9992774128913879,184.50421142578125,710.7507934570312,0.9999357461929321,129.92474365234375,727.793701171875,0.9999568462371826,69.95491790771484,716.3422241210938,0.9999637603759766,135.9222412109375,676.7156372070312,0.9999986886978149,127.68961334228516,676.4620361328125,1.0,119.85818481445312,677.8892211914062,0.942878007888794
78,162.70431518554688,645.0800170898438,0.9999909996986389,142.42442321777344,631.597412109375,0.9995889663696289,132.4828338623047,629.467529296875,0.9999823570251465,67.52657318115234,648.345703125,0.9893369674682617,69.59245300292969,654.1430053710938,0.9993613362312317,182.65948486328125,707.6665649414062,0.999957799911499,113.80626678466797,727.444091796875,0.9999955892562866,67.58049774169922,717.6575317382812,0.9999948740005493,131.6955108642578,673.8704223632812,1.0,120.85843658447266,675.4849243164062,1.0,106.72965240478516,678.5944213867188,0.985584557056427
79,148.17779541015625,644.9613647460938,0.9932212829589844,67.91030883789062,720.3697509765625,0.9995136260986328,99.06666564941406,724.5864868164062,0.9999600648880005,178.16448974609375,705.8854370117188,0.9873192310333252,57.7960090637207,652.2642822265625,0.9999710917472839,177.22442626953125,706.196044921875,0.9997243881225586,100.50414276123047,723.3466796875,0.9570313692092896,61.82355499267578,720.2432861328125,0.9997108578681946,105.30973052978516,676.7613525390625,0.9999979734420776,114.78743743896484,676.4360961914062,1.0,138.3802947998047,680.5094604492188,0.999564528465271
80,134.32106018066406,649.7211303710938,0.4849413335323334,133.74900817871094,634.52099609375,0.999947190284729,65.57237243652344,634.7108154296875,0.9991647005081177,47.500404357910156,652.049560546875,0.9746932983398438,48.219627380371094,653.0396728515625,0.9986938238143921,168.6569061279297,704.624267578125,0.9994803667068481,96.32485961914062,720.6964111328125,0.9995321035385132,56.53089904785156,719.717529296875,0.9999666213989258,111.45506286621094,674.33251953125,0.9999979734420776,109.30856323242188,676.650390625,1.0,133.61305236816406,679.7391967773438,0.992043673992157
81,131.7954864501953,645.9992065429688,0.9228712320327759,127.96398162841797,626.7371215820312,0.9996566772460938,64.36675262451172,633.0691528320312,0.9999421834945679,35.010433197021484,651.578857421875,0.9992929697036743,38.89088821411133,651.3037719726562,0.9964284896850586,63.60247802734375,632.669189453125,0.99784255027771,93.6852035522461,718.996826171875,0.9996367692947388,52.09479522705078,718.69189453125,0.9999954700469971,109.9631576538086,673.6376342773438,0.9999987483024597,101.64016723632812,675.3602294921875,1.0,88.32102966308594,681.8598022460938,0.94907546043396
82,132.0732421875,645.265869140625,0.9998003244400024,115.90279388427734,620.5479736328125,0.9999042749404907,63.99033737182617,632.05615234375,0.999983012676239,30.31317901611328,652.315185546875,0.9972666501998901,33.00574493408203,651.9688110351562,0.9975237846374512,151.86607360839844,703.906005859375,0.999345064163208,93.0126724243164,719.881591796875,0.9999575614929199,43.1064453125,718.4545288085938,0.9999639987945557,104.71234130859375,672.9791259765625,0.9999995827674866,95.93944549560547,675.2578735351562,1.0,119.10276794433594,678.7715454101562,0.9418919682502747
83,129.72703552246094,644.6229858398438,0.9999337196350098,101.71662902832031,618.0718994140625,0.9999809265136719,65.38230895996094,630.9027099609375,0.9999420046806335,24.150541305541992,652.6159057617188,0.9943315982818604,26.181461334228516,652.707763671875,0.9996466636657715,144.53968811035156,703.3408203125,0.9997572898864746,93.05561828613281,719.1869506835938,0.999950110912323,36.87399673461914,714.566162109375,0.9998413324356079,99.59905242919922,671.5042724609375,0.9999995231628418,88.2099609375,673.4156494140625,1.0,71.53659057617188,676.2579345703125,0.9914748072624207
84,32.86672592163086,692.2127075195312,0.9991753697395325,25.91315460205078,713.8394165039062,0.9999887347221375,70.04656219482422,626.0594482421875,0.9967635869979858,132.22865295410156,701.3922729492188,0.9059644937515259,21.43033218383789,650.0150146484375,0.9999901056289673,133.17869567871094,704.0398559570312,0.9999319314956665,93.36766052246094,720.1083374023438,0.9999963045120239,25.444488525390625,709.8245239257812,0.9855530261993408,91.12432098388672,671.5866088867188,0.9999570846557617,82.62876892089844,672.9916381835938,1.0,102.96192169189453,675.3507080078125,0.6519255638122559
85,20.87921142578125,692.4677124023438,0.9927268028259277,16.195756912231445,708.7927856445312,0.9999946355819702,66.25029754638672,622.5186157226562,0.9999676942825317,120.80810546875,700.7570190429688,0.9794304370880127,15.223004341125488,648.2828979492188,0.9999706745147705,119.02281188964844,705.054443359375,0.9965062141418457,92.84123992919922,720.3812255859375,0.999985933303833,13.899099349975586,707.6016235351562,0.9959627389907837,65.65314483642578,672.7111206054688,0.9999621510505676,75.64669799804688,671.5673217773438,1.0,101.07308959960938,675.4156494140625,0.9967116117477417
86,8.300031661987305,688.9221801757812,0.9776344299316406,12.096015930175781,702.0848999023438,0.9994139671325684,59.45366668701172,626.214111328125,0.9561258554458618,104.58860778808594,701.718994140625,0.8417176008224487,11.738096237182617,646.2885131835938,0.9999665021896362,101.45642852783203,704.2593994140625,0.9989948272705078,93.54389190673828,720.8120727539062,0.9999617338180542,128.87916564941406,647.7645263671875,0.6228017807006836,60.013790130615234,671.27783203125,0.9998574256896973,69.81649780273438,671.4758911132812,1.0,96.6992416381836,673.924560546875,0.9965274333953857
87,4.166677951812744,687.03662109375,0.9424115419387817,129.57296752929688,645.7669067382812,0.9869158267974854,92.39968872070312,721.289794921875,0.9774038791656494,87.9561996459961,689.1898193359375,0.8392066359519958,11.516830444335938,643.410400390625,0.999369204044342,48.83467102050781,621.0565795898438,0.9954204559326172,91.73929595947266,721.5339965820312,0.9969370365142822,125.57337951660156,646.6506958007812,0.7289766073226929,50.14472579956055,669.6923828125,0.9999972581863403,63.317298889160156,672.6741333007812,0.9999994039535522,86.50514221191406,671.7571411132812,0.9999464750289917
88,119.69121551513672,647.0499877929688,0.42659324407577515,123.2464828491211,644.8238525390625,0.9973592758178711,48.20086669921875,620.9376220703125,0.9980951547622681,82.4687728881836,689.2203369140625,0.2666164040565491,75.00507354736328,674.1022338867188,0.15236330032348633,45.600685119628906,625.0074462890625,0.8498595952987671,54.167911529541016,616.8640747070312,0.17125865817070007,117.91437530517578,645.7894287109375,0.6998501420021057,50.054325103759766,668.4667358398438,0.9997981190681458,56.61086654663086,669.4774780273438,0.9999998211860657,81.40077209472656,671.31298828125,0.9996803998947144
89,112.40982055664062,644.8134765625,0.5216780304908752,115.97505187988281,645.1278686523438,0.9897322654724121,44.98719024658203,618.8294677734375,0.9987512826919556,80.61615753173828,692.1212768554688,0.9504873156547546,70.81340789794922,673.2767944335938,0.6732835173606873,80.19574737548828,700.174072265625,0.9983457326889038,80.73855590820312,720.1718139648438,0.9997284412384033,113.08647918701172,646.6207275390625,0.7200956344604492,43.026798248291016,668.0672607421875,0.9998569488525391,51.374237060546875,667.3556518554688,1.0,73.25839233398438,671.3367919921875,0.9998460412025452
90,103.05921173095703,644.9722900390625,0.9433532953262329,51.76234817504883,618.313232421875,0.999891996383667,33.750770568847656,617.40966796875,0.999889612197876,80.91087341308594,694.0338134765625,0.8366211652755737,67.46598815917969,674.94091796875,0.8926564455032349,80.29600524902344,701.9459228515625,0.9999956488609314,66.12635803222656,721.2764282226562,0.999992311000824,106.07219696044922,644.6697387695312,0.7537940740585327,46.75711441040039,663.64697265625,0.9999984502792358,42.361839294433594,663.51904296875,1.0,68.35569763183594,671.1102905273438,0.9943408966064453
91,92.65351104736328,644.54345703125,0.9813944101333618,51.62498474121094,616.4312133789062,0.9999749660491943,14.12293815612793,615.7398681640625,0.976272702217102,79.25896453857422,694.6825561523438,0.3381275534629822,66.01256561279297,674.368896484375,0.24442312121391296,80.9019775390625,700.0624389648438,0.9999861717224121,50.70953369140625,716.8998413085938,0.9999862909317017,95.24939727783203,643.2066040039062,0.2044174075126648,45.77293014526367,662.9268798828125,0.9999997615814209,36.43205642700195,663.0389404296875,1.0,25.611806869506836,664.0811157226562,0.994046688079834
92,81.66925811767578,639.053466796875,0.9985414743423462,50.0439338684082,615.7791748046875,0.9999565482139587,43.87529754638672,616.5401000976562,0.16912174224853516,79.44917297363281,694.056396484375,0.340023934841156,82.7891845703125,645.7998657226562,0.5390797853469849,82.005126953125,699.1226196289062,0.9998177289962769,30.72464942932129,715.4220581054688,0.999999463558197,84.41658020019531,641.0813598632812,0.8477374315261841,40.2249641418457,660.8013305664062,0.9999998807907104,30.768198013305664,662.2677001953125,1.0,18.091474533081055,664.8386840820312,0.999603271484375
93,72.10811614990234,634.3460693359375,0.9982579350471497,49.084922790527344,615.5283203125,0.9999314546585083,44.71418762207031,614.453857421875,0.020550966262817383,2.6944100856781006,637.56982421875,0.20119068026542664,71.35954284667969,642.6519165039062,0.9893907308578491,82.2343978881836,699.6197509765625,0.9996180534362793,15.44930648803711,709.987060546875,0.9979082942008972,3.2988061904907227,685.1557006835938,0.8994630575180054,35.403499603271484,659.1336669921875,1.0,23.353050231933594,660.9012451171875,1.0,11.206653594970703,664.0364990234375,0.9998270273208618
94,57.655799865722656,633.6993408203125,0.9994076490402222,46.96799087524414,613.9107055664062,0.9558919668197632,-1.4927029609680176,625.3121337890625,0.0009202361106872559,2.8740081787109375,637.68115234375,0.058697909116744995,59.0725212097168,634.487548828125,0.9981358051300049,77.37635040283203,694.71142578125,0.9087951183319092,4.336821556091309,693.32958984375,0.08149176836013794,4.559061527252197,683.8243408203125,0.2252112627029419,27.13309097290039,658.3980102539062,0.9999974370002747,16.70976448059082,660.3843383789062,0.9999998807907104,11.25514030456543,662.8193359375,0.19455969333648682
95,49.806182861328125,633.748291015625,0.9828565120697021,49.469234466552734,615.4513549804688,0.9009543657302856,37.461368560791016,653.0675048828125,0.00039905309677124023,70.99942779541016,692.604248046875,0.006497234106063843,50.85578155517578,631.45654296875,0.954559326171875,70.82130432128906,693.6568603515625,0.8949737548828125,5.316807746887207,685.3475341796875,0.010575979948043823,5.773134231567383,681.793212890625,0.04647016525268555,23.58255386352539,658.7313232421875,0.9974416494369507,10.35000228881836,660.3612670898438,0.9998776912689209,35.6708869934082,661.3019409179688,0.22141456604003906
96,50.215370178222656,632.9102172851562,0.7745729684829712,44.40256118774414,611.452880859375,0.8445058465003967,35.99177551269531,614.0094604492188,6.264448165893555e-05,68.16510009765625,690.4156494140625,0.0009840428829193115,50.22715377807617,637.783447265625,0.9103264808654785,63.82098388671875,692.1219482421875,0.9752893447875977,7.583454132080078,684.10546875,0.0007417798042297363,3.3417587280273438,667.2362670898438,0.0002697110176086426,22.900146484375,658.1683959960938,0.9315330982208252,6.451672554016113,657.715087890625,0.9437577128410339,3.736268997192383,659.13134765625,0.004519641399383545
97,49.56801223754883,632.4085083007812,0.8561415672302246,32.63010787963867,603.8759155273438,0.44495001435279846,29.768478393554688,608.8294067382812,5.21242618560791e-05,54.356224060058594,691.1279907226562,7.483363151550293e-05,48.29480743408203,637.4461059570312,0.9968225359916687,55.36711883544922,693.6983642578125,0.44653862714767456,7.7336554527282715,682.7876586914062,0.0030014514923095703,3.682166576385498,665.970703125,0.00258752703666687,16.432979583740234,655.745849609375,0.9991276264190674,6.711187839508057,657.2236938476562,0.9972788095474243,1.4939517974853516,656.1234741210938,0.03642904758453369
98,50.22385025024414,635.3336181640625,0.02785971760749817,52.14847183227539,631.6348876953125,3.549456596374512e-05,2.1113672256469727,670.6478881835938,4.500150680541992e-06,1.061863660812378,608.9498291015625,2.6106834411621094e-05,49.17609405517578,638.521484375,0.15897336602210999,289.9308776855469,498.644287109375,1.8894672393798828e-05,10.179405212402344,671.5629272460938,0.0010928809642791748,52.77253723144531,631.8928833007812,0.0001856684684753418,6.229925155639648,656.474853515625,0.07530832290649414,1.8612008094787598,652.5491943359375,0.198715478181839,2.6372735500335693,657.6563110351562,9.170174598693848e-05
99,3.3581018447875977,-1.9764456748962402,1.1920928955078125e-07,-1.339367389678955,-4.075139999389648,1.430511474609375e-06,844.7900390625,489.5317687988281,3.069639205932617e-06,1188.2103271484375,340.9377136230469,4.023313522338867e-06,1264.443359375,292.544189453125,1.1026859283447266e-06,289.75274658203125,499.3458251953125,5.117058753967285e-05,846.858154296875,485.11175537109375,1.2814998626708984e-06,760.3375854492188,458.9776611328125,3.5315752029418945e-05,1.1689186096191406,2.2950475215911865,7.957220077514648e-06,-0.20109844207763672,-2.8393616676330566,3.129243850708008e-06,1.0076994895935059,4.279362678527832,8.64267349243164e-06
100,909.7877807617188,392.1769714355469,2.086162567138672e-07,-1.3507375717163086,-4.087933540344238,1.430511474609375e-06,845.2155151367188,489.4551086425781,2.5033950805664062e-06,229.1827850341797,301.1457824707031,2.771615982055664e-06,1264.4591064453125,292.9961853027344,2.115964889526367e-06,290.1224670410156,499.3847351074219,3.108382225036621e-05,2.7688021659851074,-0.14820098876953125,1.0728836059570312e-06,760.7108154296875,459.2576599121094,8.732080459594727e-06,1.166776180267334,2.229228973388672,7.718801498413086e-06,-0.16093158721923828,-2.7550063133239746,3.129243850708008e-06,1.010451078414917,4.228391647338867,8.672475814819336e-06
101,1283.0218505859375,2.3236565589904785,1.7881393432617188e-07,-1.3625211715698242,-4.173362731933594,1.341104507446289e-06,-0.5726709365844727,0.059488534927368164,9.834766387939453e-07,1194.5601806640625,339.2341613769531,2.8014183044433594e-06,1263.568359375,292.5943908691406,1.5795230865478516e-06,289.9787902832031,498.3091125488281,7.212162017822266e-06,2.9359893798828125,0.04880857467651367,1.0728836059570312e-06,761.306396484375,458.4290466308594,1.7881393432617188e-06,1.2419991493225098,2.324761390686035,7.62939453125e-06,-0.24002647399902344,-2.770226001739502,3.0100345611572266e-06,1.0475575923919678,4.317075252532959,8.612871170043945e-06
102,909.5914916992188,392.2283020019531,5.066394805908203e-06,805.2445678710938,394.2027282714844,1.4007091522216797e-06,845.1520385742188,485.6201171875,1.4007091522216797e-06,229.50640869140625,301.1528625488281,4.231929779052734e-06,1264.6629638671875,293.4195251464844,4.082918167114258e-06,290.1611633300781,500.2279968261719,0.0002473592758178711,909.9698486328125,389.5864562988281,3.3974647521972656e-06,761.0095825195312,459.7447204589844,3.159046173095703e-06,1.144263505935669,2.2304420471191406,8.225440979003906e-06,-0.1516261100769043,-2.8227295875549316,3.069639205932617e-06,1.0641870498657227,4.314793586730957,9.119510650634766e-06
103,1283.2900390625,2.357442855834961,1.1920928955078125e-07,-1.3760242462158203,-4.235942840576172,1.3709068298339844e-06,-0.5856542587280273,0.13332271575927734,9.238719940185547e-07,1194.5443115234375,339.0269470214844,4.589557647705078e-06,1263.1722412109375,292.5710754394531,1.1324882507324219e-06,289.8383483886719,498.89599609375,1.7702579498291016e-05,2.877516746520996,-0.09132766723632812,1.0132789611816406e-06,761.2630004882812,458.54254150390625,5.602836608886719e-06,1.2554824352264404,2.2319741249084473,7.4803829193115234e-06,-0.18246746063232422,-2.7693357467651367,2.950429916381836e-06,1.037139892578125,4.18929386138916,8.434057235717773e-06
104,370.6054992675781,1.5370190143585205,5.960464477539063e-08,-1.329634189605713,-4.052468299865723,1.4603137969970703e-06,844.7569580078125,489.4599304199219,2.115964889526367e-06,1188.69482421875,341.1634521484375,5.602836608886719e-06,1264.0673828125,292.90325927734375,1.5497207641601562e-06,289.80853271484375,499.6192321777344,7.888674736022949e-05,2.7447242736816406,-0.05074453353881836,1.0728836059570312e-06,760.3319702148438,458.6731872558594,3.159046173095703e-06,1.112609624862671,2.1460843086242676,8.195638656616211e-06,-0.21808290481567383,-2.870082378387451,3.129243850708008e-06,1.1213500499725342,4.335338592529297,9.208917617797852e-06
105,754.3641967773438,1.155146837234497,1.4901161193847656e-07,-1.2945971488952637,-3.96976375579834,1.4007091522216797e-06,844.8917236328125,489.2795104980469,3.1888484954833984e-06,1188.3560791015625,341.37164306640625,9.626150131225586e-06,1264.5054931640625,293.318603515625,3.2186508178710938e-06,290.0696105957031,499.53302001953125,5.5730342864990234e-05,847.0380859375,485.4827880859375,1.430511474609375e-06,760.491943359375,459.0806884765625,2.9206275939941406e-06,1.2023484706878662,2.2676215171813965,7.957220077514648e-06,-0.19687652587890625,-2.820589065551758,3.1888484954833984e-06,0.9907832145690918,4.350582122802734,8.791685104370117e-06
106,242.84686279296875,1.8301117420196533,8.940696716308594e-08,-1.3650736808776855,-4.2964935302734375,1.2218952178955078e-06,-0.5648846626281738,-0.06353092193603516,8.344650268554688e-07,1194.521484375,338.92974853515625,6.854534149169922e-06,1263.111083984375,292.4300842285156,2.115964889526367e-06,289.9669189453125,498.3027038574219,1.2010335922241211e-05,2.828052043914795,-0.12763023376464844,9.238719940185547e-07,761.1765747070312,458.32989501953125,2.9206275939941406e-06,1.2961816787719727,2.3321242332458496,7.18235969543457e-06,-0.2562289237976074,-2.6535420417785645,2.8312206268310547e-06,1.0869441032409668,4.246542453765869,7.987022399902344e-06
107,909.673095703125,392.5616760253906,4.6193599700927734e-06,-1.2806601524353027,-3.7860970497131348,1.5497207641601562e-06,233.20925903320312,295.234375,1.5497207641601562e-06,229.6109619140625,301.37921142578125,6.139278411865234e-06,1264.837890625,293.36956787109375,4.470348358154297e-06,290.3663635253906,500.13275146484375,0.00017651915550231934,910.0712890625,389.8278503417969,1.519918441772461e-06,760.76708984375,459.5448913574219,4.380941390991211e-06,1.0792715549468994,2.1577160358428955,8.58306884765625e-06,-0.1795058250427246,-2.8125176429748535,3.248453140258789e-06,1.0654568672180176,4.3251190185546875,9.506940841674805e-06
108,1283.2044677734375,2.3587543964385986,2.086162567138672e-07,-1.3759312629699707,-4.250670433044434,1.3113021850585938e-06,-0.5883398056030273,0.04318356513977051,8.642673492431641e-07,1196.2823486328125,339.326171875,3.606081008911133e-06,1263.435302734375,292.1197204589844,7.748603820800781e-07,289.93304443359375,498.3061218261719,1.0520219802856445e-05,2.8240060806274414,-0.12471199035644531,9.834766387939453e-07,761.0156860351562,458.4284973144531,7.838010787963867e-06,1.2165794372558594,2.1966161727905273,7.331371307373047e-06,-0.2292485237121582,-2.7949323654174805,2.86102294921875e-06,1.04463791847229,4.265489101409912,8.046627044677734e-06
109,1283.0662841796875,2.339982032775879,1.7881393432617188e-07,-1.4226446151733398,-4.054079055786133,1.4007091522216797e-06,844.995361328125,489.5320739746094,1.4901161193847656e-06,1196.172607421875,339.5117492675781,3.0994415283203125e-06,1264.5374755859375,293.2481994628906,2.592802047729492e-06,289.8763732910156,499.0541076660156,4.8786401748657227e-05,2.7182507514953613,-0.13661956787109375,1.0132789611816406e-06,760.4876098632812,458.7453308105469,7.718801498413086e-06,1.1724658012390137,2.1937661170959473,7.957220077514648e-06,-0.24871587753295898,-2.903904438018799,3.039836883544922e-06,0.982877254486084,4.225594997406006,8.58306884765625e-06
