scorer,DLC_resnet50_SpidersV2Jul3shuffle1_1030000,DLC_resnet50_SpidersV2Jul3shuffle1_1030000,DLC_resnet50_SpidersV2Jul3shuffle1_1030000,DLC_resnet50_SpidersV2Jul3shuffle1_1030000,DLC_resnet50_SpidersV2Jul3shuffle1_1030000,DLC_resnet50_SpidersV2Jul3shuffle1_1030000,DLC_resnet50_SpidersV2Jul3shuffle1_1030000,DLC_resnet50_SpidersV2Jul3shuffle1_1030000,DLC_resnet50_SpidersV2Jul3shuffle1_1030000,DLC_resnet50_SpidersV2Jul3shuffle1_1030000,DLC_resnet50_SpidersV2Jul3shuffle1_1030000,DLC_resnet50_SpidersV2Jul3shuffle1_1030000,DLC_resnet50_SpidersV2Jul3shuffle1_1030000,DLC_resnet50_SpidersV2Jul3shuffle1_1030000,DLC_resnet50_SpidersV2Jul3shuffle1_1030000,DLC_resnet50_SpidersV2Jul3shuffle1_1030000,DLC_resnet50_SpidersV2Jul3shuffle1_1030000,DLC_resnet50_SpidersV2Jul3shuffle1_1030000,DLC_resnet50_SpidersV2Jul3shuffle1_1030000,DLC_resnet50_SpidersV2Jul3shuffle1_1030000,DLC_resnet50_SpidersV2Jul3shuffle1_1030000,DLC_resnet50_SpidersV2Jul3shuffle1_1030000,DLC_resnet50_SpidersV2Jul3shuffle1_1030000,DLC_resnet50_SpidersV2Jul3shuffle1_1030000,DLC_resnet50_SpidersV2Jul3shuffle1_1030000,DLC_resnet50_SpidersV2Jul3shuffle1_1030000,DLC_resnet50_SpidersV2Jul3shuffle1_1030000,DLC_resnet50_SpidersV2Jul3shuffle1_1030000,DLC_resnet50_SpidersV2Jul3shuffle1_1030000,DLC_resnet50_SpidersV2Jul3shuffle1_1030000,DLC_resnet50_SpidersV2Jul3shuffle1_1030000,DLC_resnet50_SpidersV2Jul3shuffle1_1030000,DLC_resnet50_SpidersV2Jul3shuffle1_1030000,DLC_resnet50_SpidersV2Jul3shuffle1_1030000,DLC_resnet50_SpidersV2Jul3shuffle1_1030000,DLC_resnet50_SpidersV2Jul3shuffle1_1030000,DLC_resnet50_SpidersV2Jul3shuffle1_1030000,DLC_resnet50_SpidersV2Jul3shuffle1_1030000,DLC_resnet50_SpidersV2Jul3shuffle1_1030000,DLC_resnet50_SpidersV2Jul3shuffle1_1030000,DLC_resnet50_SpidersV2Jul3shuffle1_1030000,DLC_resnet50_SpidersV2Jul3shuffle1_1030000,DLC_resnet50_SpidersV2Jul3shuffle1_1030000,DLC_resnet50_SpidersV2Jul3shuffle1_1030000,DLC_resnet50_SpidersV2Jul3shuffle1_1030000,DLC_resnet50_SpidersV2Jul3shuffle1_1030000,DLC_resnet50_SpidersV2Jul3shuffle1_1030000,DLC_resnet50_SpidersV2Jul3shuffle1_1030000,DLC_resnet50_SpidersV2Jul3shuffle1_1030000,DLC_resnet50_SpidersV2Jul3shuffle1_1030000,DLC_resnet50_SpidersV2Jul3shuffle1_1030000,DLC_resnet50_SpidersV2Jul3shuffle1_1030000,DLC_resnet50_SpidersV2Jul3shuffle1_1030000,DLC_resnet50_SpidersV2Jul3shuffle1_1030000,DLC_resnet50_SpidersV2Jul3shuffle1_1030000,DLC_resnet50_SpidersV2Jul3shuffle1_1030000,DLC_resnet50_SpidersV2Jul3shuffle1_1030000,DLC_resnet50_SpidersV2Jul3shuffle1_1030000,DLC_resnet50_SpidersV2Jul3shuffle1_1030000,DLC_resnet50_SpidersV2Jul3shuffle1_1030000,DLC_resnet50_SpidersV2Jul3shuffle1_1030000,DLC_resnet50_SpidersV2Jul3shuffle1_1030000,DLC_resnet50_SpidersV2Jul3shuffle1_1030000,DLC_resnet50_SpidersV2Jul3shuffle1_1030000,DLC_resnet50_SpidersV2Jul3shuffle1_1030000,DLC_resnet50_SpidersV2Jul3shuffle1_1030000,DLC_resnet50_SpidersV2Jul3shuffle1_1030000,DLC_resnet50_SpidersV2Jul3shuffle1_1030000,DLC_resnet50_SpidersV2Jul3shuffle1_1030000,DLC_resnet50_SpidersV2Jul3shuffle1_1030000,DLC_resnet50_SpidersV2Jul3shuffle1_1030000,DLC_resnet50_SpidersV2Jul3shuffle1_1030000,DLC_resnet50_SpidersV2Jul3shuffle1_1030000,DLC_resnet50_SpidersV2Jul3shuffle1_1030000,DLC_resnet50_SpidersV2Jul3shuffle1_1030000,DLC_resnet50_SpidersV2Jul3shuffle1_1030000,DLC_resnet50_SpidersV2Jul3shuffle1_1030000,DLC_resnet50_SpidersV2Jul3shuffle1_1030000,DLC_resnet50_SpidersV2Jul3shuffle1_1030000,DLC_resnet50_SpidersV2Jul3shuffle1_1030000,DLC_resnet50_SpidersV2Jul3shuffle1_1030000
bodyparts,Head,Head,Head,Body,Body,Body,Tail,Tail,Tail,L1,L1,L1,L2,L2,L2,L3,L3,L3,L4,L4,L4,Lm1,Lm1,Lm1,Lm2,Lm2,Lm2,Lm3,Lm3,Lm3,Lm4,Lm4,Lm4,Lb1,Lb1,Lb1,Lb2,Lb2,Lb2,Lb3,Lb3,Lb3,Lb4,Lb4,Lb4,R1,R1,R1,R2,R2,R2,R3,R3,R3,R4,R4,R4,Rm1,Rm1,Rm1,Rm2,Rm2,Rm2,Rm3,Rm3,Rm3,Rm4,Rm4,Rm4,Rb1,Rb1,Rb1,Rb2,Rb2,Rb2,Rb3,Rb3,Rb3,Rb4,Rb4,Rb4
coords,x,y,likelihood,x,y,likelihood,x,y,likelihood,x,y,likelihood,x,y,likelihood,x,y,likelihood,x,y,likelihood,x,y,likelihood,x,y,likelihood,x,y,likelihood,x,y,likelihood,x,y,likelihood,x,y,likelihood,x,y,likelihood,x,y,likelihood,x,y,likelihood,x,y,likelihood,x,y,likelihood,x,y,likelihood,x,y,likelihood,x,y,likelihood,x,y,likelihood,x,y,likelihood,x,y,likelihood,x,y,likelihood,x,y,likelihood,x,y,likelihood
0,544.9888305664062,771.6948852539062,0.9999998211860657,531.88427734375,767.77099609375,0.9999997615814209,516.9517211914062,766.0556030273438,0.999990701675415,577.223876953125,773.4924926757812,0.9991134405136108,568.8345947265625,749.6456909179688,0.9981153011322021,514.2811889648438,720.9149169921875,0.9999976754188538,484.9598083496094,750.4573364257812,0.9999812841415405,548.492919921875,764.3111572265625,0.9997848868370056,547.4622192382812,757.674560546875,0.9999949932098389,532.5003051757812,754.03955078125,0.999934732913971,519.4993896484375,757.0831909179688,0.9999728798866272,544.3536376953125,768.92529296875,0.9999982714653015,540.5130004882812,766.6602172851562,0.9999983310699463,538.0086669921875,765.3729858398438,0.9999985694885254,534.4269409179688,765.5616455078125,0.9999997615814209,568.9677124023438,794.1118774414062,0.9999942779541016,547.2147827148438,788.8384399414062,0.9994593262672424,522.8988647460938,793.2210693359375,0.9848564863204956,507.9253845214844,788.0296020507812,0.999459981918335,547.0797119140625,779.7567749023438,0.9999114274978638,534.8922119140625,775.0265502929688,0.9998533725738525,530.3270874023438,777.0711059570312,0.9999691843986511,517.9481201171875,773.894775390625,0.9998428821563721,542.5982055664062,774.21826171875,0.9999998807907104,538.89990234375,774.432373046875,0.9999998807907104,535.4143676757812,772.8642578125,0.9999997615814209,532.2171020507812,770.9586791992188,1.0
1,544.8992919921875,771.5764770507812,0.9999997615814209,532.0624389648438,767.3370971679688,0.9999997019767761,517.2482299804688,765.4035034179688,0.9999914169311523,576.4893798828125,773.5586547851562,0.9964264035224915,568.88232421875,749.8524169921875,0.9985300302505493,514.2166748046875,720.9778442382812,0.9999982118606567,484.9825744628906,750.5071411132812,0.9999822378158569,548.3189086914062,763.7174682617188,0.9998165369033813,547.82666015625,757.4113159179688,0.9999938011169434,532.5565185546875,753.6162719726562,0.9999299049377441,519.4326171875,756.5111694335938,0.9999760389328003,544.82421875,768.7340698242188,0.9999974966049194,540.3327026367188,766.0567626953125,0.9999979734420776,538.1234130859375,764.8017578125,0.9999983906745911,534.4822387695312,765.0233764648438,0.9999997019767761,569.4743041992188,793.758544921875,0.9999955892562866,547.8936157226562,789.1296997070312,0.9997235536575317,522.62255859375,793.0045776367188,0.9959825277328491,507.750732421875,787.5621337890625,0.9995335340499878,547.5042114257812,779.4782104492188,0.9999130964279175,534.9986572265625,774.345703125,0.9997849464416504,530.2627563476562,776.2151489257812,0.9999693632125854,518.477783203125,773.1582641601562,0.9998841285705566,542.4834594726562,773.9262084960938,0.9999998807907104,538.8602294921875,774.1983642578125,0.9999999403953552,535.5082397460938,772.6473388671875,0.9999997615814209,532.45361328125,770.6199951171875,1.0
2,544.9635620117188,771.372314453125,0.9999998807907104,531.3679809570312,766.744140625,0.9999996423721313,517.186767578125,765.0438842773438,0.9999926090240479,575.7684326171875,773.8307495117188,0.9943298101425171,569.3532104492188,750.3041381835938,0.9981045722961426,514.180419921875,720.9275512695312,0.999998152256012,485.2490539550781,750.44677734375,0.9999803304672241,548.4784545898438,763.5542602539062,0.9998459815979004,548.2063598632812,757.171875,0.9999949932098389,532.61328125,753.2578735351562,0.9999375343322754,519.5490112304688,756.24365234375,0.9999755620956421,544.9121704101562,768.5166625976562,0.999997615814209,540.2095947265625,765.726806640625,0.9999982118606567,538.0691528320312,764.5140380859375,0.9999988079071045,534.346435546875,764.71728515625,0.9999997615814209,569.408935546875,793.9556274414062,0.9999946355819702,548.390380859375,789.1431274414062,0.9997220635414124,522.3441162109375,793.0423583984375,0.9965226650238037,507.5879821777344,787.4354858398438,0.9994626045227051,547.7453002929688,779.244384765625,0.9999247789382935,534.9592895507812,774.0217895507812,0.9998003244400024,530.07666015625,775.83740234375,0.9999674558639526,518.512451171875,772.7546997070312,0.9998948574066162,542.4595336914062,773.6832275390625,1.0,538.8260498046875,774.0222778320312,1.0,535.4468994140625,772.4727783203125,0.9999998211860657,532.3809204101562,770.34619140625,1.0
3,544.4826049804688,770.5142211914062,0.9999997019767761,531.6898803710938,766.6267700195312,0.9999996423721313,517.4886474609375,764.9754028320312,0.9999904632568359,575.782470703125,773.451171875,0.9953976273536682,569.0823364257812,749.7797241210938,0.9981058239936829,514.2947998046875,721.1669311523438,0.999997615814209,485.1074523925781,750.3546142578125,0.999981164932251,548.0,762.9254150390625,0.9998176097869873,548.2807006835938,756.5498046875,0.9999938011169434,532.8263549804688,753.1215209960938,0.9999313354492188,520.2284545898438,756.2536010742188,0.9999681711196899,544.3526000976562,767.7791748046875,0.9999956488609314,540.3985595703125,765.4056396484375,0.9999983310699463,538.0808715820312,764.2256469726562,0.9999983310699463,534.5387573242188,764.44287109375,0.9999997019767761,568.6627807617188,794.3240966796875,0.9999887943267822,547.6517333984375,788.968017578125,0.9995991587638855,521.9791259765625,792.5748901367188,0.9970048666000366,508.0817565917969,786.71533203125,0.9994849562644958,546.9501953125,778.7515258789062,0.999933660030365,534.9070434570312,774.1001586914062,0.9998581409454346,529.8822631835938,775.4633178710938,0.9999703168869019,518.5032958984375,772.6597290039062,0.9998750686645508,542.4365234375,773.0961303710938,0.9999998807907104,538.8739013671875,773.4345092773438,0.9999998807907104,535.3995361328125,772.1079711914062,0.9999998807907104,532.4364013671875,770.1611938476562,1.0
4,544.7061157226562,770.9584350585938,0.9999995231628418,531.2522583007812,766.3947143554688,0.9999995231628418,517.2401733398438,765.0186767578125,0.999988853931427,575.8342895507812,773.7208251953125,0.9898831844329834,569.5486450195312,750.1966552734375,0.997035562992096,514.1502685546875,721.366943359375,0.9999979734420776,484.96234130859375,750.5933837890625,0.9999776482582092,548.2313842773438,762.9328002929688,0.9997720718383789,548.43505859375,756.7967529296875,0.9999924898147583,532.5303344726562,752.8305053710938,0.9999265074729919,519.38525390625,756.0042114257812,0.9999734163284302,544.7067260742188,768.1453247070312,0.999993085861206,539.9423217773438,765.1492919921875,0.9999974370002747,537.7529296875,764.0720825195312,0.9999982118606567,534.1057739257812,764.2958984375,0.9999997019767761,569.3966674804688,793.0459594726562,0.999992847442627,547.9524536132812,789.1908569335938,0.9997649192810059,522.2359619140625,791.8251342773438,0.9975634813308716,508.2038879394531,786.8377075195312,0.9995809197425842,547.2817993164062,778.7662353515625,0.9998961687088013,535.0731201171875,773.6734619140625,0.9997706413269043,529.8035278320312,775.2289428710938,0.9999430775642395,518.891845703125,772.5314331054688,0.9998525381088257,542.3013916015625,773.2732543945312,0.9999999403953552,538.8018798828125,773.6708984375,0.9999998807907104,535.4735107421875,772.2365112304688,0.9999997019767761,532.4436645507812,770.1702880859375,1.0
5,544.7501220703125,770.949462890625,0.9999996423721313,531.7807006835938,766.6318359375,0.9999995827674866,517.5219116210938,765.1004638671875,0.9999879598617554,576.0800170898438,773.6001586914062,0.9935677647590637,568.7239379882812,750.1150512695312,0.9976507425308228,514.2388305664062,721.0070190429688,0.9999972581863403,484.8507080078125,750.564208984375,0.9999750852584839,548.0501708984375,762.938720703125,0.9998220801353455,548.0987548828125,756.4879760742188,0.9999923706054688,532.783935546875,753.2152709960938,0.9999263286590576,520.2426147460938,756.4241333007812,0.9999579191207886,544.297607421875,767.80224609375,0.9999943971633911,540.3257446289062,765.3071899414062,0.9999982118606567,537.9810791015625,764.1871337890625,0.9999978542327881,534.5447387695312,764.4722290039062,0.9999996423721313,568.8068237304688,794.526611328125,0.9999845623970032,547.6519775390625,788.7868041992188,0.9995394945144653,522.0474243164062,792.3786010742188,0.9963517189025879,508.3627624511719,786.9088745117188,0.9994637370109558,546.7546997070312,778.6472778320312,0.9999171495437622,534.7914428710938,774.2025756835938,0.9998558759689331,529.7955322265625,775.69482421875,0.999962329864502,518.708984375,772.8438720703125,0.9998143911361694,542.5030517578125,773.0879516601562,0.9999998807907104,538.9474487304688,773.4716796875,0.9999999403953552,535.4742431640625,772.1716918945312,0.9999997615814209,532.5936889648438,770.3359985351562,0.9999998807907104
6,544.8472290039062,770.69873046875,0.9999995827674866,531.5527954101562,766.533203125,0.9999995231628418,517.38232421875,765.1358642578125,0.999987006187439,576.2888793945312,772.944091796875,0.9962061643600464,568.8123168945312,749.6080322265625,0.9987916350364685,514.0452880859375,720.9802856445312,0.9999983310699463,484.98443603515625,750.8287963867188,0.9999704360961914,548.0506591796875,762.6776733398438,0.999756932258606,547.8125,756.4805908203125,0.9999932646751404,532.4569091796875,752.8228759765625,0.9999129772186279,519.4490356445312,756.070556640625,0.9999713897705078,542.7158813476562,766.9410400390625,0.9999922513961792,540.0568237304688,765.1333618164062,0.9999974370002747,537.7666015625,764.07421875,0.9999978542327881,534.3068237304688,764.3558959960938,0.9999996423721313,568.6951293945312,793.259033203125,0.9999896287918091,548.7030029296875,789.1318359375,0.999535322189331,522.7568359375,792.720458984375,0.9965605735778809,507.939697265625,787.1915893554688,0.9992799758911133,547.1846313476562,778.8389282226562,0.9998985528945923,535.0459594726562,773.9224243164062,0.9997454881668091,530.1093139648438,775.687255859375,0.999957799911499,518.7515869140625,772.8187866210938,0.9998098611831665,542.4735107421875,772.9531860351562,0.9999998807907104,538.8910522460938,773.3599243164062,0.9999998807907104,535.5291137695312,772.0204467773438,0.9999997019767761,532.4408569335938,770.2045288085938,1.0
7,544.9981689453125,770.8519897460938,0.9999995827674866,531.5611572265625,766.7198486328125,0.9999994039535522,517.22265625,765.3726196289062,0.999983549118042,576.0783081054688,773.3826904296875,0.9952574968338013,569.1875610351562,749.6961059570312,0.9985669851303101,513.9603271484375,721.2584228515625,0.9999982118606567,484.8786926269531,750.4181518554688,0.9999827146530151,548.1454467773438,762.8187255859375,0.9997771978378296,548.0875854492188,756.5122680664062,0.999993085861206,532.5625610351562,752.9769287109375,0.9999099969863892,519.4452514648438,756.2891235351562,0.9999680519104004,544.9769287109375,767.9569702148438,0.9999934434890747,540.2135009765625,765.3256225585938,0.9999973773956299,537.86865234375,764.1876220703125,0.9999974370002747,534.3660278320312,764.4877319335938,0.9999995827674866,568.8717651367188,793.687255859375,0.9999873638153076,548.24072265625,789.2520751953125,0.9994451403617859,522.6942749023438,792.7092895507812,0.9940857887268066,508.3865966796875,787.9437866210938,0.9991326332092285,547.3822631835938,778.9054565429688,0.9998787045478821,534.9812622070312,774.1439208984375,0.9996824264526367,530.0364990234375,775.8486328125,0.9999499320983887,518.707275390625,773.053955078125,0.9997644424438477,542.6423950195312,773.1715698242188,0.9999997615814209,539.009033203125,773.5899658203125,0.9999998807907104,535.5814819335938,772.26123046875,0.9999996423721313,532.501953125,770.4620971679688,1.0
8,544.85546875,770.74609375,0.9999996423721313,531.91845703125,766.5833129882812,0.9999996423721313,517.5075073242188,765.0098266601562,0.999988317489624,575.8759155273438,773.4845581054688,0.9947123527526855,568.6016235351562,749.85107421875,0.9983325004577637,514.1697998046875,721.2805786132812,0.9999974370002747,484.9530029296875,750.5139770507812,0.9999629259109497,547.9825439453125,762.6967163085938,0.9998005628585815,547.9483032226562,756.4142456054688,0.9999932646751404,532.7726440429688,753.0966796875,0.9999175071716309,520.2974243164062,756.3845825195312,0.9999614357948303,542.8601684570312,767.01611328125,0.9999939203262329,540.3253173828125,765.1620483398438,0.9999980926513672,538.0211791992188,764.04736328125,0.999997615814209,534.61865234375,764.3696899414062,0.9999996423721313,568.7495727539062,794.364013671875,0.9999845623970032,547.814208984375,789.054931640625,0.9993172883987427,522.119873046875,792.6268920898438,0.9951921105384827,508.5248718261719,786.9209594726562,0.9995302557945251,546.7347412109375,778.865234375,0.9999058246612549,534.744140625,773.8639526367188,0.999833345413208,529.7972412109375,775.8194580078125,0.9999562501907349,518.8440551757812,772.7685546875,0.9998107552528381,542.5543823242188,772.8250122070312,0.9999999403953552,539.0210571289062,773.2615356445312,0.9999998807907104,535.5393676757812,771.884033203125,0.9999997615814209,532.6317138671875,770.1216430664062,0.9999998807907104
9,544.8939819335938,770.8051147460938,0.9999995231628418,531.5037841796875,766.4879150390625,0.9999994039535522,517.1661987304688,765.1329345703125,0.9999861717224121,576.2957153320312,773.4086303710938,0.9938247203826904,569.26708984375,749.9476928710938,0.9980630278587341,514.0330200195312,721.2081909179688,0.9999978542327881,484.8418273925781,750.6018676757812,0.9999756813049316,548.2344360351562,762.840087890625,0.9997780323028564,548.2890625,756.5196533203125,0.9999933838844299,532.5300903320312,752.7492065429688,0.9999136328697205,519.2947387695312,756.032470703125,0.999970555305481,544.8716430664062,767.9404907226562,0.999991774559021,540.123779296875,765.0462646484375,0.9999966621398926,537.8499145507812,763.9683837890625,0.9999971985816956,534.2564086914062,764.2509765625,0.9999995827674866,569.1568603515625,793.6183471679688,0.9999916553497314,548.1878662109375,789.406494140625,0.999477744102478,522.746337890625,792.3938598632812,0.9954897165298462,508.0984191894531,787.8990478515625,0.9992193579673767,547.3241577148438,778.7415161132812,0.9998583793640137,534.9737548828125,773.8333129882812,0.9997059106826782,529.9248046875,775.6070556640625,0.9999381303787231,518.8893432617188,772.7697143554688,0.9998236894607544,542.5677490234375,773.056640625,0.9999998211860657,539.0097045898438,773.5059814453125,0.9999999403953552,535.6248779296875,772.157470703125,0.9999996423721313,532.5315551757812,770.2959594726562,1.0
10,544.8755493164062,770.8504638671875,0.9999995827674866,531.786865234375,766.618896484375,0.9999995827674866,517.6041259765625,765.1517944335938,0.9999881982803345,575.887939453125,773.4140625,0.993206262588501,568.8416748046875,749.4766235351562,0.9985290765762329,514.4281005859375,721.0886840820312,0.9999979734420776,484.53314208984375,750.3776245117188,0.999966025352478,547.80712890625,762.708984375,0.9997855424880981,548.0288696289062,756.4353637695312,0.9999935626983643,532.7079467773438,753.0985717773438,0.9999334812164307,520.3518676757812,756.3477783203125,0.9999647736549377,542.8687133789062,767.0006103515625,0.9999937415122986,540.2650756835938,765.1678466796875,0.9999980926513672,537.942138671875,764.0653076171875,0.9999979138374329,534.5297241210938,764.3638916015625,0.9999997019767761,568.7258911132812,794.3832397460938,0.9999788999557495,548.2804565429688,789.0048217773438,0.9995829463005066,522.5935668945312,792.6196899414062,0.9949396252632141,508.46875,787.455810546875,0.9994213581085205,547.3306884765625,778.7721557617188,0.9999032020568848,535.2169189453125,774.0042724609375,0.9997871518135071,530.0113525390625,775.9024047851562,0.9999563694000244,518.621826171875,773.0413208007812,0.999765157699585,542.656005859375,772.9498291015625,0.9999998211860657,539.0536499023438,773.3743286132812,0.9999998807907104,535.6458740234375,772.0587158203125,0.9999996423721313,532.6105346679688,770.307861328125,1.0
11,544.83544921875,770.6513671875,0.9999996423721313,531.5774536132812,766.5232543945312,0.9999995231628418,517.3721313476562,765.06396484375,0.9999874830245972,575.9862060546875,772.9139404296875,0.9964218139648438,569.25537109375,749.3779296875,0.9984169006347656,514.0009765625,721.1088256835938,0.9999984502792358,485.0596008300781,750.8839111328125,0.9999669194221497,547.8821411132812,762.6781005859375,0.9997765421867371,548.004150390625,756.5026245117188,0.9999929666519165,532.4812622070312,752.8952026367188,0.9999231696128845,519.5725708007812,755.9912719726562,0.9999713897705078,542.6969604492188,766.96826171875,0.9999922513961792,540.0590209960938,765.148193359375,0.9999974966049194,537.7938232421875,764.0789184570312,0.9999978542327881,534.3341674804688,764.3646240234375,0.9999996423721313,568.4578857421875,793.0000610351562,0.9999879598617554,548.3743896484375,789.2807006835938,0.9995067119598389,522.52587890625,792.3363037109375,0.9974337816238403,507.91278076171875,786.6512451171875,0.9993922710418701,547.1535034179688,778.7999267578125,0.9998931884765625,535.009033203125,773.8790893554688,0.9997568130493164,530.12939453125,775.5491333007812,0.9999579191207886,518.807373046875,772.6516723632812,0.999820351600647,542.4642944335938,772.937744140625,0.9999999403953552,538.8931274414062,773.3765869140625,0.9999999403953552,535.5568237304688,772.01416015625,0.9999997019767761,532.4882202148438,770.179931640625,1.0
12,544.9052124023438,770.76513671875,0.9999996423721313,531.52685546875,766.4946899414062,0.9999995231628418,517.2764892578125,765.0567626953125,0.9999874830245972,576.2158813476562,773.2167358398438,0.9951422214508057,569.4788208007812,749.4171752929688,0.998603105545044,513.9785766601562,721.2014770507812,0.9999986886978149,485.33221435546875,750.87158203125,0.9999744892120361,548.1168212890625,762.6856079101562,0.9997732043266296,548.2401733398438,756.4498291015625,0.9999933242797852,532.459228515625,752.7393798828125,0.9999173879623413,519.403076171875,756.0880126953125,0.9999733567237854,544.8508911132812,767.8846435546875,0.9999922513961792,540.0804443359375,765.1351928710938,0.9999973773956299,537.8197631835938,764.0303344726562,0.9999978542327881,534.3111572265625,764.3253173828125,0.9999996423721313,568.8787841796875,793.6681518554688,0.9999891519546509,548.6151733398438,789.437255859375,0.999661922454834,522.505126953125,792.5375366210938,0.997014582157135,507.9836120605469,787.0098876953125,0.9991987347602844,547.4534301757812,779.0135498046875,0.9998852014541626,534.9717407226562,773.9376220703125,0.9997239708900452,530.0524291992188,775.7626953125,0.9999527931213379,518.6911010742188,772.758544921875,0.9998033046722412,542.4710693359375,773.03515625,0.9999998211860657,538.8662719726562,773.4786987304688,0.9999999403953552,535.4910888671875,772.0841064453125,0.9999997615814209,532.4097290039062,770.218505859375,1.0
13,544.8380126953125,770.7550659179688,0.9999996423721313,531.8245239257812,766.5772094726562,0.9999996423721313,517.530517578125,765.0375366210938,0.9999891519546509,575.8989868164062,773.55810546875,0.9944400191307068,569.1569213867188,749.3615112304688,0.9987643361091614,514.5125732421875,721.0445556640625,0.999997615814209,485.1236572265625,750.625244140625,0.9999719858169556,547.8070068359375,762.6041870117188,0.999812126159668,548.165771484375,756.3429565429688,0.9999940395355225,532.6484985351562,752.9249267578125,0.9999350905418396,520.2818603515625,756.2283325195312,0.9999676942825317,542.8390502929688,766.9812622070312,0.9999946355819702,540.2380981445312,765.116455078125,0.9999983310699463,538.00732421875,764.0335693359375,0.9999982118606567,534.5740966796875,764.3363037109375,0.9999997615814209,568.7515869140625,794.263671875,0.999984085559845,548.4657592773438,789.2576904296875,0.9994785785675049,522.068603515625,792.3469848632812,0.9962877035140991,508.3809509277344,787.000244140625,0.9995018839836121,547.1514892578125,778.8305053710938,0.9999182224273682,535.0980224609375,774.0571899414062,0.9997928738594055,529.94482421875,775.7579345703125,0.9999605417251587,518.4620361328125,772.8555297851562,0.9998303651809692,542.5737915039062,772.892822265625,0.9999998807907104,538.9588012695312,773.3231811523438,0.9999999403953552,535.5723876953125,771.9788208007812,0.9999997615814209,532.5628051757812,770.1770629882812,1.0
14,544.7981567382812,770.7529907226562,0.9999995231628418,531.5429077148438,766.4437255859375,0.9999994039535522,517.1782836914062,765.1988525390625,0.9999842643737793,576.5142822265625,773.3457641601562,0.9919614195823669,570.4878540039062,751.9817504882812,0.9972493648529053,514.3668823242188,721.4588623046875,0.9999980926513672,485.223876953125,750.9331665039062,0.9999653697013855,548.2413940429688,762.716796875,0.9997676014900208,548.1510009765625,756.4508666992188,0.9999924302101135,532.6476440429688,752.7384033203125,0.9999146461486816,519.5663452148438,756.1980590820312,0.9999653100967407,544.8247680664062,767.8759765625,0.9999908208847046,540.1332397460938,765.0679931640625,0.9999969005584717,537.8617553710938,763.9984130859375,0.9999971389770508,534.3260498046875,764.2542114257812,0.9999995231628418,568.7669677734375,793.51708984375,0.9999836683273315,548.2127685546875,789.3915405273438,0.9993770122528076,522.3770751953125,792.5100708007812,0.9961118102073669,508.0187072753906,787.498046875,0.9991039037704468,547.0359497070312,778.5752563476562,0.999872088432312,534.8265991210938,773.8677978515625,0.9997422695159912,529.912841796875,775.5496826171875,0.9999372959136963,518.63818359375,772.6412963867188,0.999788224697113,542.54541015625,772.9560546875,0.9999998211860657,538.9534912109375,773.3883056640625,0.9999998807907104,535.6114501953125,772.0874633789062,0.9999997019767761,532.5366821289062,770.2239379882812,0.9999998807907104
15,544.8379516601562,770.761962890625,0.9999995827674866,531.8269653320312,766.47607421875,0.9999995827674866,517.5648803710938,764.9957885742188,0.999988853931427,575.7733154296875,773.526611328125,0.9952735900878906,569.0050048828125,749.4703369140625,0.9984384775161743,514.391357421875,721.0282592773438,0.9999977350234985,485.123291015625,750.4016723632812,0.9999746084213257,547.8457641601562,762.498779296875,0.9997717142105103,548.1937255859375,756.1874389648438,0.9999920129776001,532.6737060546875,752.9130859375,0.9999282956123352,520.315673828125,756.1541137695312,0.999965488910675,542.7933349609375,766.8358764648438,0.9999934434890747,540.210693359375,764.977783203125,0.9999979734420776,537.9564819335938,763.8760375976562,0.9999977350234985,534.5104370117188,764.233154296875,0.9999996423721313,568.6594848632812,793.7368774414062,0.9999840259552002,548.3644409179688,789.1053466796875,0.9996155500411987,522.4642944335938,792.2490234375,0.9968956708908081,508.7772521972656,786.80615234375,0.9996367692947388,547.0656127929688,778.6592407226562,0.999906599521637,535.079833984375,774.0352783203125,0.9998102188110352,530.0718994140625,775.7074584960938,0.9999597072601318,518.8027954101562,772.6615600585938,0.9998054504394531,542.5546875,772.8670043945312,0.9999999403953552,539.0083618164062,773.3184814453125,0.9999999403953552,535.6346435546875,771.9243774414062,0.9999997615814209,532.6730346679688,770.1170654296875,0.9999998807907104
16,544.8284301757812,770.7468872070312,0.9999995231628418,531.57080078125,766.5418701171875,0.9999995231628418,517.4271850585938,765.1245727539062,0.999987006187439,575.9930419921875,773.1239624023438,0.996285080909729,569.2726440429688,749.4778442382812,0.9981769919395447,514.1015014648438,721.076904296875,0.9999982118606567,485.2551574707031,750.7947998046875,0.999974250793457,547.8931274414062,762.7024536132812,0.9997519850730896,548.235595703125,756.5587158203125,0.9999934434890747,532.4135131835938,752.8392333984375,0.9999160766601562,519.4718627929688,756.0543823242188,0.9999732971191406,544.7531127929688,767.8831176757812,0.9999911785125732,540.0431518554688,765.1344604492188,0.9999969005584717,537.7787475585938,764.0941162109375,0.9999977350234985,534.3174438476562,764.388671875,0.9999996423721313,568.562255859375,793.1934204101562,0.9999897480010986,548.5130615234375,789.33203125,0.9995964169502258,522.5626220703125,792.1358032226562,0.9973400831222534,507.8841552734375,786.8612060546875,0.9993768930435181,547.3568115234375,779.0720825195312,0.999879002571106,534.9440307617188,773.79638671875,0.9997384548187256,530.0676879882812,775.6849975585938,0.9999507665634155,518.7880249023438,772.746337890625,0.9998300671577454,542.4503784179688,773.0303955078125,0.9999998807907104,538.8820190429688,773.4784545898438,0.9999999403953552,535.5471801757812,772.028076171875,0.9999997615814209,532.4736328125,770.18896484375,1.0
17,544.8345947265625,770.857177734375,0.9999995827674866,531.5062255859375,766.647705078125,0.9999994039535522,517.2671508789062,765.1316528320312,0.9999854564666748,575.8995971679688,773.3372802734375,0.9952425956726074,569.0386352539062,749.7579345703125,0.9983001947402954,513.8248291015625,721.2838134765625,0.9999986290931702,485.18072509765625,750.3446044921875,0.9999797344207764,548.0020751953125,762.7335205078125,0.9997437000274658,548.3121337890625,756.5552978515625,0.9999929666519165,532.4464111328125,752.7925415039062,0.9999136924743652,519.4833984375,756.0156860351562,0.9999697208404541,544.8070678710938,767.9348754882812,0.9999920129776001,540.1566772460938,765.2344360351562,0.9999967217445374,537.812255859375,764.142333984375,0.9999973177909851,534.2879638671875,764.4369506835938,0.9999996423721313,568.7206420898438,793.11767578125,0.9999911189079285,548.2449340820312,789.3525390625,0.9996631145477295,522.5018920898438,792.2275390625,0.9970946311950684,508.13427734375,786.9639892578125,0.9993128180503845,547.2747192382812,778.9521484375,0.9998694658279419,534.8184814453125,773.9036254882812,0.9997217059135437,529.938232421875,775.6831665039062,0.9999456405639648,518.6887817382812,772.842529296875,0.9998281002044678,542.5126342773438,773.1249389648438,0.9999998211860657,538.9108276367188,773.58154296875,0.9999998807907104,535.5203247070312,772.1854248046875,0.9999996423721313,532.4814453125,770.3217163085938,1.0
18,544.8360595703125,770.8150634765625,0.9999997019767761,531.7683715820312,766.6707763671875,0.9999997019767761,517.4176635742188,765.260986328125,0.9999897480010986,575.6676635742188,773.76611328125,0.995305061340332,568.6800537109375,749.9680786132812,0.9984487295150757,514.322998046875,720.9032592773438,0.999998152256012,485.3844299316406,750.6962890625,0.9999791979789734,547.8360595703125,762.7642211914062,0.9998122453689575,548.3297729492188,756.4937744140625,0.9999942779541016,532.5324096679688,752.8843383789062,0.9999303221702576,520.0433959960938,756.34326171875,0.9999745488166809,542.84521484375,767.02197265625,0.9999940395355225,540.2437133789062,765.1375122070312,0.9999982118606567,537.9811401367188,764.0880126953125,0.9999984502792358,534.5033569335938,764.4136352539062,0.9999997615814209,568.6419067382812,794.0394897460938,0.999984860420227,547.7235717773438,789.4004516601562,0.9995840787887573,522.3341064453125,792.4431762695312,0.9968302249908447,508.3276672363281,786.802978515625,0.9995819330215454,547.2420654296875,779.0073852539062,0.9999038577079773,534.920166015625,773.9920654296875,0.9998345375061035,529.7990112304688,775.7243041992188,0.9999690055847168,518.6539916992188,772.826171875,0.999863862991333,542.5743408203125,772.92529296875,0.9999998807907104,538.9900512695312,773.3895263671875,0.9999998807907104,535.5368041992188,772.0396728515625,0.9999998807907104,532.5104370117188,770.1777954101562,1.0
19,544.7118530273438,771.0276489257812,0.9999995827674866,531.4512939453125,766.6432495117188,0.9999994039535522,517.0608520507812,765.259765625,0.9999858140945435,576.1322631835938,773.6868896484375,0.994896650314331,574.8167724609375,754.6819458007812,0.9971084594726562,514.04638671875,721.528076171875,0.9999985694885254,484.95843505859375,750.6926879882812,0.9999668598175049,548.1986694335938,763.0673217773438,0.999786376953125,548.5057983398438,756.7689208984375,0.999993085861206,532.3883666992188,752.9590454101562,0.9999140501022339,519.1412353515625,756.2064819335938,0.9999700784683228,544.7149047851562,768.1764526367188,0.9999933242797852,539.9952392578125,765.2471313476562,0.9999970197677612,537.80810546875,764.2023315429688,0.9999978542327881,534.2079467773438,764.482421875,0.9999996423721313,568.867919921875,793.6951904296875,0.9999897480010986,548.4176025390625,789.0826416015625,0.9996920824050903,522.5014038085938,792.060302734375,0.9980762004852295,508.4677734375,786.665771484375,0.9995545148849487,547.0806274414062,778.8600463867188,0.9998630285263062,535.0118408203125,773.937744140625,0.9997426271438599,530.0095825195312,775.6650390625,0.9999536275863647,518.9022216796875,772.7984619140625,0.9998570680618286,542.4057006835938,773.323486328125,0.9999998211860657,538.8439331054688,773.7688598632812,0.9999998807907104,535.5565795898438,772.3309936523438,0.9999997019767761,532.4856567382812,770.4036865234375,0.9999998807907104
20,544.3795776367188,770.3353881835938,0.9999996423721313,531.70751953125,766.6641845703125,0.9999996423721313,517.3873901367188,765.2811279296875,0.9999880790710449,575.8810424804688,773.488037109375,0.9963305592536926,568.858642578125,749.58154296875,0.9987242221832275,514.2828979492188,721.002197265625,0.9999982118606567,485.1671447753906,750.8867797851562,0.9999741315841675,547.845458984375,762.6949462890625,0.999828577041626,548.1401977539062,756.399169921875,0.9999935626983643,532.3834838867188,753.1102905273438,0.9999352693557739,519.9592895507812,756.3843994140625,0.9999698400497437,542.7026977539062,767.0255737304688,0.9999944567680359,540.0911254882812,765.1480102539062,0.9999983310699463,537.8867797851562,764.1063232421875,0.9999984502792358,534.4205932617188,764.4446411132812,0.9999997615814209,568.4629516601562,793.704345703125,0.9999818801879883,547.8109130859375,789.5878295898438,0.999431848526001,522.2960815429688,792.3914794921875,0.9975778460502625,508.4803771972656,786.8805541992188,0.9995841979980469,546.770263671875,778.9270629882812,0.9998868703842163,534.7739868164062,774.1414184570312,0.9998307228088379,529.8109130859375,775.6453857421875,0.9999676942825317,518.5671997070312,772.9208374023438,0.9998142719268799,542.4022827148438,772.9813842773438,0.9999998807907104,538.8466796875,773.4263305664062,1.0,535.4337158203125,772.0795288085938,0.9999998807907104,532.4682006835938,770.2294311523438,1.0
21,544.75146484375,770.7457885742188,0.999999463558197,531.5364379882812,766.4703369140625,0.9999995827674866,517.1988525390625,765.1534423828125,0.9999878406524658,576.4183349609375,773.3938598632812,0.9957982301712036,568.9967041015625,749.5593872070312,0.9984424114227295,514.056396484375,721.4515991210938,0.9999983310699463,485.1653747558594,750.8253784179688,0.999975323677063,548.0592041015625,762.557861328125,0.9997692108154297,548.4485473632812,756.2752075195312,0.999993085861206,532.3040771484375,752.7711791992188,0.9999215602874756,519.2081298828125,756.1734008789062,0.9999748468399048,542.5769653320312,766.7855224609375,0.9999915361404419,540.0077514648438,764.9251708984375,0.9999971985816956,537.8049926757812,763.9480590820312,0.9999979734420776,534.2655029296875,764.2597045898438,0.9999996423721313,568.80029296875,793.3378295898438,0.9999916553497314,548.043701171875,789.692626953125,0.9996124505996704,522.3507080078125,791.9583740234375,0.9986124038696289,508.0813903808594,786.1911010742188,0.9995599985122681,546.9580078125,779.0805053710938,0.9998738765716553,534.7951049804688,773.9112548828125,0.9997679591178894,529.8743896484375,775.558837890625,0.9999558925628662,518.727783203125,772.57861328125,0.9998534321784973,542.378662109375,772.9984130859375,0.9999998211860657,538.8084106445312,773.5156860351562,0.9999998807907104,535.53662109375,772.0813598632812,0.9999997615814209,532.5297241210938,770.1921997070312,1.0
22,544.79248046875,770.7786865234375,0.9999995231628418,531.5050048828125,766.466796875,0.9999996423721313,517.0577392578125,765.1336059570312,0.9999878406524658,576.200927734375,773.5089721679688,0.995369017124176,568.7742919921875,749.6696166992188,0.998726487159729,513.8751831054688,721.4462280273438,0.9999984502792358,485.0520935058594,750.8153076171875,0.9999728798866272,548.2763061523438,762.612060546875,0.9997668266296387,548.3997802734375,756.2993774414062,0.9999934434890747,532.2649536132812,752.7615966796875,0.9999180436134338,519.15771484375,756.1931762695312,0.9999746680259705,544.802001953125,767.820068359375,0.9999912977218628,539.9959716796875,764.9254150390625,0.9999971389770508,537.814453125,763.9375610351562,0.9999978542327881,534.2354736328125,764.2598876953125,0.9999996423721313,569.03271484375,793.785888671875,0.9999918937683105,548.1658935546875,789.6476440429688,0.9996025562286377,522.198974609375,792.3561401367188,0.9971569180488586,508.0399169921875,786.8901977539062,0.9993585348129272,547.0420532226562,779.1290283203125,0.9998716711997986,534.5831909179688,773.8966064453125,0.9997497797012329,529.7518310546875,775.6709594726562,0.9999462366104126,518.7295532226562,772.6378173828125,0.9998519420623779,542.4019775390625,773.0345458984375,0.9999998211860657,538.8264770507812,773.5291748046875,0.9999999403953552,535.5123291015625,772.0980224609375,0.9999997019767761,532.4370727539062,770.1716918945312,1.0
23,544.3011474609375,770.2555541992188,0.9999996423721313,531.78515625,766.682861328125,0.9999996423721313,517.4229125976562,765.3558959960938,0.9999892115592957,576.1644287109375,773.5785522460938,0.9970370531082153,568.7359619140625,749.3821411132812,0.999165415763855,514.4248657226562,721.19775390625,0.9999980926513672,485.156005859375,750.8728637695312,0.9999737739562988,547.7681884765625,762.6631469726562,0.9998438358306885,548.0050048828125,756.3331298828125,0.9999939203262329,532.3921508789062,753.1943969726562,0.9999463558197021,519.914794921875,756.6256713867188,0.9999743700027466,542.6172485351562,766.9830322265625,0.9999954700469971,540.0350952148438,765.1580200195312,0.9999985694885254,537.8781127929688,764.1066284179688,0.9999986886978149,534.4705200195312,764.4677124023438,0.9999997615814209,568.5162963867188,793.9383544921875,0.9999845623970032,547.8465576171875,789.374267578125,0.999442458152771,522.6068115234375,792.9011840820312,0.9977244138717651,508.1307678222656,787.1141357421875,0.9996060132980347,546.8204345703125,778.9622192382812,0.9999054670333862,534.7510986328125,774.0969848632812,0.9998511075973511,529.886474609375,775.8187255859375,0.9999717473983765,518.5785522460938,772.9315185546875,0.9998365044593811,542.3743896484375,772.878173828125,0.9999999403953552,538.8190307617188,773.34716796875,1.0,535.44970703125,771.9694213867188,0.9999998211860657,532.5038452148438,770.1627807617188,1.0
24,544.7739868164062,770.921142578125,0.9999995231628418,531.4714965820312,766.5071411132812,0.9999995231628418,517.111572265625,765.1939086914062,0.999984622001648,576.0740966796875,773.7935180664062,0.9933109879493713,574.5768432617188,754.7335815429688,0.9971915483474731,513.7885131835938,721.5408325195312,0.9999984502792358,485.0195007324219,750.6143798828125,0.9999808073043823,548.1509399414062,762.7368774414062,0.9997721910476685,548.5853881835938,756.4702758789062,0.9999915361404419,532.20458984375,752.7945556640625,0.9999071359634399,518.917236328125,756.2069702148438,0.9999738931655884,544.842529296875,768.0160522460938,0.9999908208847046,540.0162353515625,765.028564453125,0.9999964237213135,537.7913818359375,763.9711303710938,0.9999973773956299,534.1945190429688,764.264404296875,0.9999995231628418,569.0831909179688,793.5422973632812,0.9999898672103882,548.3997802734375,789.84716796875,0.9995445013046265,522.70166015625,792.1306762695312,0.9975939989089966,508.23565673828125,787.1514282226562,0.9993005990982056,546.9703369140625,778.7836303710938,0.9998528957366943,534.9185180664062,773.979248046875,0.9997273683547974,529.8593139648438,775.4238891601562,0.9999467134475708,518.8372802734375,772.7506103515625,0.9998100996017456,542.4610595703125,773.1162719726562,0.9999998807907104,538.8866577148438,773.6072998046875,0.9999998807907104,535.6566772460938,772.2621459960938,0.9999997019767761,532.5834350585938,770.326904296875,0.9999998807907104
25,544.710693359375,770.7548217773438,0.9999997615814209,531.7688598632812,766.7167358398438,0.9999996423721313,517.483642578125,765.2969970703125,0.9999890923500061,576.0459594726562,773.516357421875,0.9966073036193848,568.6163940429688,749.5472412109375,0.9991222620010376,514.4471435546875,721.2223510742188,0.999998152256012,485.2247314453125,750.9541625976562,0.9999730587005615,547.9536743164062,762.721923828125,0.9998454451560974,547.9896240234375,756.4193115234375,0.9999945163726807,532.3966064453125,753.1079711914062,0.9999428987503052,519.9617309570312,756.510498046875,0.9999744892120361,544.151123046875,767.6416015625,0.9999951720237732,540.1307373046875,765.2311401367188,0.9999985694885254,537.96044921875,764.1522216796875,0.9999985694885254,534.4762573242188,764.4996337890625,0.9999997615814209,568.5855712890625,793.7318725585938,0.9999886155128479,547.5040283203125,789.4999389648438,0.9994999766349792,522.1828002929688,792.5842895507812,0.997957706451416,508.3449401855469,786.4983520507812,0.9996983408927917,546.8509521484375,778.8764038085938,0.9998983144760132,534.678955078125,774.2174682617188,0.999853253364563,529.8287353515625,775.6396484375,0.9999730587005615,518.6231079101562,772.8181762695312,0.9998481273651123,542.350341796875,772.9732666015625,0.9999998807907104,538.8082885742188,773.421875,1.0,535.4275512695312,772.0712890625,0.9999998807907104,532.516845703125,770.2030639648438,1.0
26,544.9239501953125,770.5764770507812,0.9999996423721313,531.8055419921875,766.4181518554688,0.9999996423721313,517.454345703125,765.0543823242188,0.9999885559082031,576.0401000976562,772.7845458984375,0.9971296191215515,569.1050415039062,749.2697143554688,0.9990239143371582,514.0908203125,721.4375,0.9999983310699463,485.5052185058594,750.7283935546875,0.9999773502349854,548.12646484375,762.5323486328125,0.9997653961181641,548.3587646484375,756.451416015625,0.9999949336051941,532.480712890625,752.6531982421875,0.9999232292175293,519.4567260742188,756.12255859375,0.9999785423278809,542.6923217773438,766.6701049804688,0.9999927282333374,540.0592041015625,764.8452758789062,0.999997615814209,537.8790893554688,763.9074096679688,0.9999979138374329,534.4660034179688,764.2116088867188,0.9999997615814209,568.1251831054688,792.5673828125,0.9999743700027466,549.154541015625,789.2965698242188,0.9995614886283875,522.9322509765625,792.0687255859375,0.9985690116882324,507.9866943359375,785.8331298828125,0.9996160268783569,547.0972290039062,779.0470581054688,0.9998942017555237,535.388671875,774.0679321289062,0.9996416568756104,530.22119140625,775.5469360351562,0.9999690055847168,518.8915405273438,772.627685546875,0.9998575448989868,542.5687866210938,772.826171875,0.9999998211860657,538.9638671875,773.328125,0.9999999403953552,535.820556640625,771.9374389648438,0.9999997615814209,532.781494140625,770.1312866210938,1.0
27,546.2854614257812,770.89208984375,0.9999998807907104,532.6098022460938,766.4129638671875,0.9999997019767761,518.1609497070312,764.0950927734375,0.9999929666519165,575.3685302734375,773.9307861328125,0.9876762628555298,573.9864501953125,755.8945922851562,0.9987354874610901,514.8477172851562,721.6787109375,0.9999967813491821,487.28521728515625,751.2604370117188,0.9999237060546875,549.3052978515625,763.6263427734375,0.9997173547744751,549.7598876953125,757.2074584960938,0.9999967813491821,534.4938354492188,751.9534912109375,0.9999101161956787,521.557373046875,754.13232421875,0.9999803304672241,546.1544189453125,768.1917724609375,0.9999985694885254,541.7733154296875,765.2321166992188,0.9999966621398926,538.395751953125,764.0369873046875,0.9999964833259583,535.6995849609375,764.1605224609375,0.9999996423721313,568.6914672851562,793.2133178710938,0.9999769330024719,549.5440673828125,789.5238647460938,0.9993489980697632,523.008056640625,791.3516235351562,0.9971485733985901,507.6651916503906,784.4503173828125,0.9994773864746094,549.3275146484375,778.700927734375,0.9999449849128723,535.8192138671875,773.0117797851562,0.9996846914291382,530.3755493164062,774.305419921875,0.9999749064445496,519.2767944335938,771.6483764648438,0.9999377727508545,543.952392578125,773.1138916015625,0.9999997615814209,540.2275390625,773.3650512695312,0.9999998807907104,536.0577392578125,772.5219116210938,0.9999999403953552,533.5612182617188,769.7290649414062,1.0
28,549.9423217773438,770.3389892578125,0.9999997615814209,536.2525024414062,765.6350708007812,0.9999978542327881,521.8812255859375,762.2014770507812,0.9999761581420898,576.2614135742188,773.9215698242188,0.9842849373817444,574.4920043945312,757.3770751953125,0.9975622296333313,516.4749145507812,721.730224609375,0.9999720454216003,495.2137451171875,751.2220458984375,0.9995613694190979,554.3611450195312,764.4635620117188,0.9990943074226379,552.4614868164062,756.5711059570312,0.9999933242797852,539.0927734375,752.431396484375,0.9998054504394531,526.011962890625,753.9083862304688,0.9999587535858154,548.8683471679688,766.86767578125,0.9999985694885254,546.4332275390625,764.5112915039062,0.9999992847442627,542.5912475585938,763.4143676757812,0.9999960660934448,539.2086181640625,763.4637451171875,0.999996542930603,569.6397705078125,792.7465209960938,0.9999951124191284,554.955810546875,788.757080078125,0.9995647668838501,523.5947265625,789.1702270507812,0.9990392923355103,508.9740905761719,784.4039916992188,0.999780535697937,553.880126953125,776.527099609375,0.999773383140564,541.9760131835938,772.5132446289062,0.9995986223220825,533.99853515625,773.9949951171875,0.9999593496322632,521.6488037109375,769.9714965820312,0.9999523162841797,547.3901977539062,772.740966796875,0.9999998211860657,544.028564453125,772.5150146484375,0.9999996423721313,539.7215576171875,771.5283813476562,0.9999998807907104,536.9454956054688,769.3626098632812,0.9999991655349731
29,556.8464965820312,771.6618041992188,0.999998927116394,541.9414672851562,765.7992553710938,0.9999961853027344,527.6087646484375,761.3446044921875,0.9999417662620544,579.9970703125,776.2162475585938,0.9995577931404114,578.2588500976562,762.9793701171875,0.9994964599609375,516.9161376953125,722.3021850585938,0.9979388117790222,513.8696899414062,729.5130004882812,0.9999018311500549,564.2108154296875,766.427978515625,0.9996318221092224,557.783447265625,758.2479248046875,0.9998558163642883,545.7464599609375,752.1851806640625,0.9999109506607056,532.2137451171875,753.08251953125,0.999933123588562,557.3469848632812,767.2822265625,0.9999821186065674,553.1618041992188,764.9358520507812,0.9999984502792358,549.3729858398438,763.6176147460938,0.9999995827674866,545.6589965820312,763.46533203125,0.9999980926513672,578.4530639648438,791.7703247070312,0.9999969005584717,563.1773681640625,787.0927734375,0.9999961853027344,523.0125732421875,790.3245849609375,0.8565754890441895,507.5938720703125,782.8839111328125,0.9999278783798218,560.6009521484375,776.8349609375,0.999871015548706,549.7252807617188,773.9407958984375,0.9996799230575562,538.7061157226562,776.32666015625,0.9997904300689697,524.5418701171875,771.1980590820312,0.9997735023498535,553.4771118164062,772.862060546875,0.9999986886978149,549.5703125,773.25048828125,0.9999997019767761,545.8136596679688,771.8496704101562,0.9999998807907104,542.7105102539062,769.4411010742188,0.9999991655349731
30,564.2224731445312,771.6578979492188,0.9999997615814209,549.4307250976562,766.1471557617188,0.9999991655349731,534.6154174804688,762.56005859375,0.9999932050704956,590.8643188476562,780.2380981445312,0.9990160465240479,582.5572509765625,765.8990478515625,0.9999161958694458,566.3419799804688,741.7801513671875,0.9995580911636353,513.6006469726562,727.5037841796875,0.9999974966049194,572.7129516601562,769.4197387695312,0.9984615445137024,561.9380493164062,760.2763061523438,0.9999834299087524,555.6769409179688,755.1400756835938,0.9999896287918091,543.662109375,753.6948852539062,0.999976396560669,564.5868530273438,768.529296875,0.999998927116394,561.3589477539062,765.8362426757812,0.9999988079071045,557.68359375,764.2559204101562,0.999996542930603,553.6560668945312,764.1787719726562,0.9999964237213135,585.6529541015625,788.861083984375,0.9999017119407654,564.0178833007812,785.96337890625,0.9999516010284424,527.7583618164062,788.520263671875,0.8743102550506592,512.892333984375,777.8611450195312,0.9999945163726807,563.432861328125,776.4950561523438,0.9997215270996094,554.340087890625,772.5772094726562,0.9995481967926025,544.8118896484375,774.5059204101562,0.9999141693115234,533.0880126953125,771.1329956054688,0.9998974204063416,561.269775390625,774.0189819335938,0.999999463558197,557.6233520507812,773.8118896484375,0.999999463558197,553.546142578125,772.5183715820312,0.9999995231628418,551.0973510742188,769.5221557617188,0.9999997019767761
31,571.9775390625,772.9632568359375,0.9999979734420776,555.376953125,767.669677734375,0.9999972581863403,540.9785766601562,763.8162231445312,0.9999970197677612,597.7988891601562,780.843017578125,0.9991649985313416,582.5707397460938,768.1163940429688,0.9948692321777344,566.4810791015625,742.4512329101562,0.9998337626457214,516.0540161132812,731.1563720703125,0.9999993443489075,578.4736938476562,769.8043823242188,0.9991793632507324,567.3876342773438,760.2379760742188,0.9998728632926941,560.9906005859375,755.7379150390625,0.9999940395355225,548.1194458007812,753.90625,0.9999890327453613,572.5397338867188,768.7416381835938,0.999992311000824,568.177490234375,766.3775024414062,0.9999994039535522,563.4823608398438,765.1654052734375,0.9999996423721313,558.9844360351562,765.2903442382812,0.9999972581863403,601.2415771484375,792.7460327148438,0.9999780654907227,579.1346435546875,784.4065551757812,0.9989928603172302,533.7476196289062,788.3734741210938,0.9556179046630859,524.1986083984375,780.4497680664062,0.9999966621398926,573.2134399414062,775.6510620117188,0.9991209506988525,564.9472045898438,775.2620849609375,0.9995408058166504,553.2974243164062,776.5535278320312,0.9997844696044922,539.1085815429688,772.4585571289062,0.999990701675415,568.95068359375,774.713134765625,0.9999971985816956,564.7340698242188,775.3619384765625,0.9999992847442627,560.5027465820312,774.2239990234375,0.9999995231628418,556.8189697265625,772.2788696289062,0.9999996423721313
32,577.7694702148438,773.1251831054688,0.9999998807907104,562.3175659179688,766.9916381835938,0.9999998807907104,547.4423217773438,763.1997680664062,0.9999989867210388,602.3329467773438,781.34619140625,0.9866452217102051,586.0748901367188,766.8364868164062,0.9999262094497681,574.6858520507812,742.1793823242188,0.9999916553497314,521.5289916992188,735.501220703125,0.9999995231628418,585.6678466796875,773.400634765625,0.9976838231086731,575.5715942382812,763.3827514648438,0.9999579787254333,568.3490600585938,758.8016967773438,0.9999983310699463,551.7510986328125,754.3621215820312,0.9999815821647644,578.6976928710938,769.3927612304688,0.9999998211860657,574.1904296875,766.668212890625,0.9999985694885254,569.6583251953125,765.2548828125,0.9999994039535522,566.4172973632812,764.9994506835938,0.9999998807907104,605.29736328125,792.427978515625,0.9999990463256836,582.492919921875,784.1631469726562,0.9998471736907959,537.8258666992188,785.146240234375,0.9999661445617676,527.2277221679688,776.4022216796875,0.999992847442627,581.671875,776.8199462890625,0.9998894929885864,572.0123291015625,775.0579833984375,0.9997891187667847,560.4503784179688,775.120361328125,0.9998887777328491,546.8267822265625,771.8778686523438,0.9999829530715942,574.797119140625,775.5252685546875,0.9999995827674866,571.7346801757812,774.6981201171875,0.9999998807907104,567.4183349609375,772.67578125,0.9999999403953552,563.77392578125,770.1576538085938,1.0
33,583.7933959960938,773.2852783203125,0.9999995827674866,568.4503173828125,766.6799926757812,0.9999982118606567,554.110107421875,764.2398071289062,0.9999964833259583,605.2426147460938,779.4876708984375,0.9996150135993958,595.3445434570312,765.449951171875,0.9979287981987,586.2619018554688,741.158935546875,0.9999995231628418,530.1233520507812,738.9832153320312,1.0,590.4013671875,771.7843017578125,0.9984993934631348,585.2283325195312,763.3448486328125,0.9999622702598572,575.4363403320312,758.2643432617188,0.9999852180480957,557.6548461914062,755.0028076171875,0.9999948740005493,583.7955322265625,769.2063598632812,0.9999996423721313,581.1502075195312,767.3071899414062,0.9999999403953552,576.5144653320312,765.7574462890625,0.9999998211860657,572.5194091796875,765.5084228515625,0.9999995827674866,607.0283203125,792.14208984375,0.9999986886978149,587.7631225585938,786.5634155273438,0.9999980926513672,545.224365234375,786.1945190429688,0.9999792575836182,529.1868896484375,777.5795288085938,0.9999951124191284,590.8804321289062,778.6942138671875,0.9998162388801575,578.2402954101562,775.4766845703125,0.9998331069946289,563.3086547851562,777.8387451171875,0.9998226165771484,553.0496826171875,772.470458984375,0.9999875426292419,581.2706909179688,776.131103515625,0.9999997615814209,576.6795043945312,775.5042114257812,0.9999995827674866,572.5300903320312,774.139892578125,0.9999998807907104,569.59619140625,771.1232299804688,0.9999997615814209
34,589.9281616210938,774.1658325195312,0.9999997615814209,574.6819458007812,768.5506591796875,0.9999988079071045,560.2632446289062,765.0549926757812,0.9999952912330627,606.982177734375,776.4592895507812,0.9988498687744141,608.75634765625,770.0635375976562,0.9994440674781799,593.28271484375,739.7153930664062,0.9999990463256836,539.9370727539062,742.453857421875,0.9999998807907104,591.2147827148438,768.7161865234375,0.9998688697814941,587.875732421875,762.852294921875,0.9999068975448608,581.60693359375,757.7347412109375,0.999981164932251,562.9426879882812,756.89599609375,0.9999937415122986,589.36279296875,770.0498046875,0.9999995827674866,586.100341796875,767.9090576171875,0.9999990463256836,582.2265625,766.1724853515625,0.9999998211860657,579.2515869140625,766.6013793945312,0.9999998211860657,604.649169921875,787.037353515625,0.9999957084655762,601.4768676757812,787.8159790039062,0.9999864101409912,556.9734497070312,788.2562255859375,0.9999831318855286,528.2684936523438,777.4853515625,0.9999945759773254,596.1128540039062,778.7662963867188,0.9999827742576599,589.1785278320312,776.3955078125,0.9995096325874329,571.0181274414062,777.6505737304688,0.9997932314872742,559.5408325195312,773.7981567382812,0.9999346733093262,587.2461547851562,776.1181640625,0.9999991655349731,582.4259643554688,776.5328369140625,0.9999986886978149,578.3193969726562,774.1006469726562,0.9999997019767761,575.6027221679688,771.6746215820312,0.9999992251396179
35,597.5236206054688,774.4273071289062,0.9999998211860657,582.0545654296875,769.843994140625,0.9999992847442627,566.4560546875,766.8790893554688,0.9999927282333374,621.7483520507812,777.8211059570312,0.9903189539909363,619.0409545898438,768.41650390625,0.9990620017051697,598.857177734375,740.1541748046875,0.9999994039535522,552.097412109375,744.7359619140625,0.9999986886978149,602.2667236328125,769.4397583007812,0.999457836151123,597.3602905273438,763.0093383789062,0.9999384880065918,588.632568359375,758.9219970703125,0.9999963045120239,573.6990966796875,758.9531860351562,0.9999926090240479,596.6951904296875,769.8889770507812,0.9999998807907104,594.0408325195312,768.2698364257812,0.9999995827674866,590.06640625,767.2318115234375,0.9999990463256836,586.4920043945312,767.238525390625,0.9999985694885254,616.9566040039062,790.3596801757812,0.9999251365661621,603.4650268554688,786.6951293945312,0.9999890327453613,565.3943481445312,789.5677490234375,0.9998054504394531,535.8867797851562,780.8959350585938,0.9999943971633911,600.2733154296875,778.8663330078125,0.9996737241744995,592.052490234375,777.7844848632812,0.9998706579208374,579.412109375,778.335205078125,0.9999047517776489,566.40771484375,775.4498901367188,0.9999083280563354,594.9927978515625,777.4573974609375,0.999999463558197,591.4183349609375,776.9800415039062,0.9999980926513672,586.9733276367188,775.6151123046875,0.9999994039535522,583.4075927734375,773.3414306640625,0.9999994039535522
36,603.884033203125,775.0177612304688,0.9999998807907104,587.0140380859375,770.9041748046875,0.9999998807907104,573.3021850585938,767.5145874023438,0.9999915361404419,626.6784057617188,778.4619140625,0.9716898202896118,628.3504028320312,768.43994140625,0.8893617987632751,598.7571411132812,740.7278442382812,0.9999995827674866,564.5816040039062,743.9899291992188,0.9999994039535522,609.8933715820312,769.64697265625,0.9996371865272522,604.742431640625,763.0525512695312,0.9996963739395142,591.7933349609375,757.5149536132812,0.9999970197677612,580.9247436523438,758.2091674804688,0.9999954700469971,603.1359252929688,771.5127563476562,0.9999997615814209,600.0404663085938,769.404296875,0.9999998211860657,595.8104858398438,767.7374267578125,0.9999999403953552,591.6414794921875,768.2389526367188,0.9999995827674866,624.7332763671875,791.1256103515625,0.9999418258666992,609.30224609375,786.8124389648438,0.9999409317970276,577.8678588867188,790.6112670898438,0.999248743057251,543.9150390625,781.3643188476562,0.9999828338623047,607.0416870117188,778.9972534179688,0.9997944235801697,598.1572265625,778.3489379882812,0.9997616410255432,586.7884521484375,778.2806396484375,0.9999281167984009,573.7047119140625,775.5702514648438,0.9999012351036072,601.982177734375,777.2124633789062,0.9999983310699463,597.3118896484375,777.5628051757812,0.9999997615814209,592.7468872070312,776.3977661132812,0.9999995827674866,589.4286499023438,775.1309814453125,0.9999999403953552
37,609.9739379882812,775.4696655273438,0.9999998807907104,594.14697265625,770.7627563476562,0.9999998807907104,579.6937866210938,767.450439453125,0.999997079372406,639.2100830078125,778.3258666992188,0.9964833855628967,631.5653076171875,765.2158813476562,0.9982813596725464,598.0990600585938,740.1237182617188,0.9999986886978149,575.2926635742188,746.0670166015625,0.9999978542327881,617.66943359375,770.0665283203125,0.9993939399719238,611.217041015625,764.98095703125,0.9999691247940063,598.8070678710938,757.5645751953125,0.9999967217445374,587.4039916992188,758.7457885742188,0.9999957084655762,609.4072265625,771.3683471679688,0.9999998807907104,606.4398803710938,769.5609130859375,0.9999997615814209,601.9876708984375,768.02392578125,0.9999996423721313,598.1331787109375,768.2179565429688,0.9999997615814209,631.53515625,791.1473999023438,0.9999770522117615,618.0120239257812,788.072021484375,0.9996432065963745,585.137451171875,792.17578125,0.9996383190155029,549.0764770507812,781.2650146484375,0.9999964833259583,612.5502319335938,778.9727172851562,0.9999494552612305,605.2589111328125,778.9536743164062,0.9995050430297852,594.1106567382812,778.140625,0.9999271035194397,578.072998046875,776.73095703125,0.9998812675476074,608.1478271484375,777.8258666992188,0.9999987483024597,603.1782836914062,777.57568359375,0.9999996423721313,599.4152221679688,776.8405151367188,0.9999992847442627,595.7416381835938,774.2530517578125,0.9999999403953552
38,617.4494018554688,775.7280883789062,0.9999997615814209,599.9900512695312,770.5966186523438,0.9999998211860657,584.9755249023438,766.8257446289062,0.9999958872795105,645.386962890625,777.2792358398438,0.9949318766593933,643.7560424804688,765.3960571289062,0.9999984502792358,600.0715942382812,739.908447265625,0.999999463558197,582.0115966796875,745.0296020507812,0.9999995231628418,620.7108764648438,768.7725830078125,0.9997056722640991,620.8847045898438,765.7491455078125,0.9997297525405884,605.4188232421875,757.5167236328125,0.9999967813491821,593.8611450195312,758.8138427734375,0.9999953508377075,617.0866088867188,772.0394287109375,0.9999999403953552,613.2805786132812,769.8912963867188,0.9999999403953552,608.1896362304688,767.6898193359375,0.9999998807907104,604.0658569335938,768.3912353515625,0.9999998807907104,639.3749389648438,793.1487426757812,0.9999223947525024,626.401123046875,789.143798828125,0.9997776746749878,588.8229370117188,790.7762451171875,0.9999619722366333,554.9116821289062,782.6854248046875,0.9999896287918091,621.1777954101562,779.271728515625,0.9999340772628784,612.3111572265625,779.359130859375,0.9999395608901978,600.9688720703125,779.53857421875,0.9999284744262695,585.72802734375,776.6326293945312,0.9998948574066162,614.7974243164062,777.4913330078125,0.9999998211860657,610.1691284179688,777.7957153320312,0.9999998807907104,605.6121215820312,777.4279174804688,0.9999997615814209,601.8507690429688,774.8653564453125,0.9999998807907104
39,623.9052734375,775.7742919921875,0.9999995827674866,605.5471801757812,771.1487426757812,0.9999996423721313,591.67529296875,767.5270385742188,0.9999924898147583,645.2017211914062,777.500732421875,0.9987853765487671,654.3993530273438,764.8583984375,0.9999989867210388,605.095703125,740.0989379882812,0.9999992847442627,585.9946899414062,746.11328125,0.999999463558197,627.1818237304688,768.6702880859375,0.9999021887779236,627.0777587890625,764.7855834960938,0.999720573425293,610.6356811523438,757.8450317382812,0.9999969005584717,600.0966186523438,759.0435180664062,0.9999905824661255,622.354248046875,771.79248046875,0.9999995231628418,618.848388671875,769.4549560546875,0.9999994039535522,614.2579956054688,768.23095703125,0.9999996423721313,609.9954223632812,768.2670288085938,0.9999995231628418,644.3721923828125,791.2752075195312,0.9999591708183289,635.6240844726562,791.217041015625,0.9998838901519775,591.26513671875,791.0469360351562,0.99945068359375,561.0721435546875,781.9192504882812,0.9999946355819702,627.9939575195312,779.8192138671875,0.9999627470970154,619.7564086914062,780.2634887695312,0.9994488954544067,606.251220703125,780.5739135742188,0.9990355968475342,589.7694702148438,777.95458984375,0.999563455581665,620.8706665039062,777.6758422851562,0.9999990463256836,616.4364013671875,778.5015869140625,0.9999983906745911,611.3786010742188,777.5364379882812,0.9999990463256836,607.237060546875,774.8671875,0.9999990463256836
40,629.8938598632812,774.6817016601562,0.9999997615814209,612.711669921875,769.8314819335938,0.9999998807907104,597.21484375,767.6507568359375,0.9999995231628418,647.0807495117188,775.522705078125,0.9999161958694458,662.87890625,763.4689331054688,0.9999999403953552,614.02294921875,737.23095703125,0.9999992847442627,587.5658569335938,745.6553344726562,0.9999995827674866,631.2887573242188,768.0703125,0.9999483823776245,633.572021484375,764.1929931640625,0.999820351600647,617.7373046875,758.7327880859375,0.9999977946281433,604.0196533203125,759.1432495117188,0.9999986886978149,628.0621337890625,770.3152465820312,1.0,624.6821899414062,768.7543334960938,0.9999998807907104,619.8853149414062,767.3932495117188,0.9999997615814209,616.4762573242188,767.4713134765625,0.9999998211860657,654.4344482421875,788.91943359375,0.9999979138374329,639.6520385742188,790.3875122070312,0.9999393224716187,594.318603515625,789.040283203125,0.9998878240585327,569.21533203125,782.6010131835938,0.999996542930603,634.5372314453125,779.3204956054688,0.9998660683631897,622.0304565429688,779.147705078125,0.9997785091400146,611.7020263671875,779.677734375,0.999969482421875,597.6136474609375,776.4915771484375,0.9999807476997375,626.1605834960938,777.2107543945312,0.9999995231628418,621.897705078125,777.2366333007812,0.9999994039535522,617.2894287109375,776.5196533203125,0.9999997019767761,613.4818725585938,774.0921020507812,1.0
41,635.6375122070312,775.033203125,0.9999998807907104,618.5146484375,770.2932739257812,0.9999998807907104,601.6488647460938,767.6110229492188,0.9999982714653015,655.90673828125,776.6854248046875,0.9998756051063538,668.77978515625,761.0015869140625,0.9999980926513672,627.5792846679688,735.554931640625,0.9999998807907104,588.2275390625,746.4485473632812,0.9999993443489075,641.3450317382812,768.5017700195312,0.9998773336410522,640.6085205078125,762.9296875,0.9997334480285645,624.1724243164062,757.7612915039062,0.9999986886978149,609.4140625,759.5740966796875,0.9999963045120239,634.2198486328125,771.1586303710938,0.9999997615814209,631.32666015625,769.447265625,0.9999999403953552,626.3482055664062,767.714599609375,0.9999998807907104,622.5656127929688,767.5118408203125,0.9999998807907104,665.7904052734375,791.6444091796875,0.9999944567680359,640.7765502929688,789.0142822265625,0.9999515414237976,597.6634521484375,788.7836303710938,0.9999300241470337,577.3113403320312,783.4630126953125,0.9999987483024597,641.2781982421875,779.9586181640625,0.9999409914016724,626.941650390625,778.5205078125,0.9999515414237976,615.7548217773438,779.6416015625,0.999951958656311,603.4149169921875,775.3626098632812,0.9999878406524658,632.7271728515625,776.6468505859375,0.9999995231628418,628.3310546875,777.1759643554688,0.9999998807907104,623.2301025390625,776.81884765625,0.9999997019767761,620.0266723632812,774.7954711914062,0.9999999403953552
42,642.1597290039062,774.6661376953125,0.9999999403953552,624.903076171875,770.2130126953125,0.9999998807907104,609.1365966796875,767.6732788085938,0.9999947547912598,663.0737915039062,774.69140625,0.9992847442626953,672.4141845703125,758.9798583984375,0.9999790191650391,639.7210693359375,734.7056274414062,0.9999998807907104,588.115234375,746.9622802734375,0.9999990463256836,647.7802734375,768.5340576171875,0.9997787475585938,647.0821533203125,762.0863647460938,0.9997174739837646,631.3064575195312,758.8836059570312,0.9999902248382568,613.5201416015625,758.8089599609375,0.999994158744812,640.4715576171875,769.87548828125,0.9999999403953552,638.0382080078125,768.4864501953125,0.9999997019767761,632.511962890625,767.3970947265625,0.9999992847442627,629.2944946289062,767.1726684570312,0.9999999403953552,671.1014404296875,791.2862548828125,0.9999971389770508,647.3314819335938,788.9874267578125,0.99998939037323,600.899658203125,789.9918212890625,0.9999145269393921,585.103515625,784.54833984375,0.9999991655349731,646.472412109375,780.8464965820312,0.9999035596847534,634.2813720703125,777.3270874023438,0.9998764991760254,622.5962524414062,779.4791870117188,0.9999067783355713,607.8447875976562,775.4232177734375,0.9999903440475464,639.347412109375,777.1790771484375,0.9999988675117493,634.8013916015625,776.6828002929688,0.9999991655349731,630.1870727539062,776.3255615234375,0.9999998211860657,626.406005859375,774.1116943359375,0.9999998807907104
43,648.0584106445312,774.3295288085938,0.9999991655349731,630.8433227539062,771.0062255859375,0.9999996423721313,613.2474365234375,769.30029296875,0.9999980330467224,665.5758056640625,775.3280029296875,0.9963480234146118,676.8660888671875,758.7265625,0.999955415725708,646.2346801757812,733.8982543945312,0.9999995827674866,589.9304809570312,748.2326049804688,0.9999992847442627,653.4503784179688,768.6769409179688,0.9999189376831055,651.2241821289062,761.262451171875,0.9996858835220337,638.0459594726562,758.566162109375,0.9999822378158569,618.1499633789062,759.9503784179688,0.9999889135360718,646.7586669921875,770.2081298828125,0.9999996423721313,644.244873046875,768.8206176757812,0.9999996423721313,639.4517211914062,766.9998779296875,0.9999973773956299,635.9110107421875,767.7335815429688,0.9999987483024597,679.285400390625,792.7000122070312,0.9999991655349731,650.1163940429688,788.1456298828125,0.9999834895133972,608.1385498046875,789.3027954101562,0.9973039627075195,593.1809692382812,786.0742797851562,0.9999986290931702,653.5322875976562,780.0213623046875,0.9998733401298523,639.1905517578125,777.49755859375,0.9999075531959534,628.1759643554688,780.2259521484375,0.9999668598175049,614.2717895507812,775.1397094726562,0.9999797344207764,644.7108154296875,777.51708984375,0.9999985694885254,641.5145874023438,777.0340576171875,0.9999986886978149,637.0244140625,777.1050415039062,0.9999985694885254,632.1300659179688,775.1365966796875,0.9999993443489075
44,652.0049438476562,774.3570556640625,0.9999997615814209,635.9851684570312,771.5490112304688,0.9999997615814209,618.7276000976562,770.1478881835938,0.9999989867210388,670.3856811523438,774.0083618164062,0.9963710904121399,681.5046997070312,758.033447265625,0.9999681711196899,645.080322265625,734.9686889648438,0.9999996423721313,591.4002685546875,748.057373046875,0.9999986886978149,656.1063232421875,768.3403930664062,0.9997172355651855,657.3272094726562,762.083984375,0.999404788017273,639.83203125,758.014892578125,0.9999663829803467,619.882080078125,760.5662841796875,0.9999891519546509,650.3428344726562,770.431884765625,0.9999994039535522,646.6084594726562,768.516357421875,0.9999996423721313,642.0589599609375,768.2377319335938,0.9999995231628418,639.0314331054688,768.2283935546875,0.9999995231628418,682.9786376953125,793.4534912109375,0.9999982118606567,662.6890258789062,786.7364501953125,0.9999881982803345,618.0468139648438,789.4942626953125,0.9991567730903625,598.6550903320312,787.0568237304688,0.9999992251396179,658.996826171875,780.3604736328125,0.9992290735244751,647.814697265625,778.3817749023438,0.9996398687362671,634.8834838867188,782.3612670898438,0.999382734298706,620.2363891601562,777.6888427734375,0.9999896883964539,649.5658569335938,776.7279052734375,0.9999980926513672,645.1258544921875,777.2059936523438,0.9999991655349731,640.479736328125,776.6195678710938,0.9999994039535522,637.643310546875,775.1522216796875,0.9999994039535522
45,655.9951782226562,774.449951171875,0.9999997019767761,640.313232421875,772.461669921875,0.9999998807907104,622.5520629882812,772.1779174804688,0.9999992251396179,676.4501953125,772.7937622070312,0.9995931386947632,683.167236328125,755.1403198242188,0.9999974370002747,645.935546875,732.972412109375,0.9999995231628418,595.0472412109375,748.90283203125,0.9999999403953552,657.23095703125,766.9734497070312,0.999913215637207,658.3347778320312,762.1800537109375,0.9997662901878357,643.2168579101562,758.2630004882812,0.9999967813491821,624.9083862304688,761.1174926757812,0.9999984502792358,653.8466796875,770.466552734375,0.9999995827674866,650.4688720703125,769.2238159179688,0.9999996423721313,645.7020263671875,768.3892211914062,0.9999998807907104,642.417236328125,768.6981811523438,1.0,685.7721557617188,790.8560180664062,0.9999732971191406,666.3555297851562,786.0580444335938,0.999484121799469,621.5686645507812,790.02490234375,0.9987396597862244,598.7637939453125,787.5477905273438,0.9999991655349731,660.0307006835938,779.836669921875,0.9996527433395386,650.7939453125,779.304443359375,0.9998387694358826,641.9810791015625,781.5579223632812,0.9999186992645264,622.728759765625,778.0064086914062,0.9999728202819824,653.96630859375,777.2919921875,0.9999991059303284,649.6104125976562,777.611083984375,0.9999977350234985,644.787109375,777.33056640625,0.9999997615814209,640.3125610351562,775.8054809570312,0.9999998807907104
46,657.6210327148438,775.2452392578125,0.9999985694885254,642.8262939453125,772.9776611328125,1.0,626.3251342773438,773.6790161132812,0.9999995827674866,684.73583984375,775.44140625,0.9992415904998779,687.647216796875,753.906982421875,0.9999935626983643,646.3007202148438,732.5762329101562,0.9999994039535522,599.418212890625,748.9566040039062,1.0,660.249267578125,767.392822265625,0.9999309182167053,661.56005859375,762.1334838867188,0.9998096227645874,646.0785522460938,759.0062255859375,0.999994158744812,627.9749755859375,761.2200927734375,0.9999995827674866,656.5478515625,770.524169921875,0.9999995827674866,653.6180419921875,770.099609375,0.9999998211860657,648.9545288085938,769.5444946289062,0.9999999403953552,645.1468505859375,769.6956787109375,1.0,689.7376098632812,791.8109741210938,0.999991774559021,671.3375244140625,786.910888671875,0.9996076226234436,623.8064575195312,790.2009887695312,0.9988117814064026,598.9716186523438,787.8787841796875,0.9999988079071045,664.0161743164062,780.7262573242188,0.9990190267562866,654.326904296875,780.5006103515625,0.9997057914733887,645.43505859375,782.8344116210938,0.9999352693557739,625.8770751953125,779.0068969726562,0.9999791979789734,656.9326782226562,778.6980590820312,0.9999939203262329,652.6848754882812,777.7957763671875,0.9999982118606567,648.49951171875,777.416748046875,0.9999991655349731,643.5599975585938,777.3084106445312,0.9999998807907104
47,659.0537719726562,776.0084838867188,0.9999990463256836,643.7970581054688,773.2626342773438,0.9999998807907104,627.306396484375,773.6524658203125,0.9999996423721313,689.1201782226562,777.8767700195312,0.9995397329330444,687.8803100585938,755.233642578125,0.9998134970664978,646.05810546875,732.7344360351562,0.9999988079071045,601.0322875976562,748.493896484375,0.9999998211860657,663.5595703125,768.9580078125,0.9998731017112732,663.2842407226562,763.5233154296875,0.9996261596679688,647.3111572265625,759.9611206054688,0.9999861717224121,629.631591796875,761.9265747070312,0.9999990463256836,658.6124267578125,771.3865356445312,0.9999998807907104,655.3428955078125,770.5836791992188,0.9999997019767761,650.8429565429688,770.0377807617188,0.9999998807907104,646.1659545898438,770.1707763671875,1.0,689.4644775390625,791.292236328125,0.9999906420707703,672.9380493164062,787.2024536132812,0.9994915723800659,628.8033447265625,790.71728515625,0.9922577142715454,599.0638427734375,787.7764892578125,0.9999985694885254,665.0869750976562,781.871826171875,0.9986984133720398,654.9076538085938,781.2340698242188,0.9996465444564819,646.334716796875,783.2269287109375,0.9999012351036072,627.3185424804688,779.3926391601562,0.9999760389328003,657.0577392578125,778.6851196289062,0.9999957084655762,653.8541870117188,778.5787353515625,0.9999980330467224,650.0817260742188,778.0457763671875,0.9999983310699463,644.6903686523438,777.4887084960938,0.9999997615814209
